[Log truncated - keeping last ~652KB]
[2026-05-25T12:13:20.478Z] [FitSync] Starting sync: {
  "localChangesCount": 1759,
  "remoteChangesCount": 1867,
  "filesPendingRemoteDeletion": [
    "README.md",
    "Death House/Roadmap.canvas",
    "Welcome.md"
  ],
  "filesPendingLocalCreation": [
    ".DS_Store",
    ".gitignore",
    ".obsidian/.DS_Store",
    ".obsidian/app.json",
    ".obsidian/appearance.json",
    ".obsidian/community-plugins.json",
    ".obsidian/core-plugins-migration.json",
    ".obsidian/core-plugins.json",
    ".obsidian/daily-notes.json",
    ".obsidian/data.json",
    ".obsidian/dataview-back/data.json",
    ".obsidian/dataview-back/main.js",
    ".obsidian/dataview-back/manifest.json",
    ".obsidian/dataview-back/styles.css",
    ".obsidian/graph.json",
    ".obsidian/hotkeys.json",
    ".obsidian/page-preview.json",
    ".obsidian/plugins/.DS_Store",
    ".obsidian/plugins/calendarium/data.json",
    ".obsidian/plugins/calendarium/main.js",
    ".obsidian/plugins/calendarium/manifest.json",
    ".obsidian/plugins/calendarium/styles.css",
    ".obsidian/plugins/dataview/data.json",
    ".obsidian/plugins/dataview/main.js",
    ".obsidian/plugins/dataview/manifest.json",
    ".obsidian/plugins/dataview/styles.css",
    ".obsidian/plugins/fantasy-calendar/data.json",
    ".obsidian/plugins/fantasy-calendar/main.js",
    ".obsidian/plugins/fantasy-calendar/manifest.json",
    ".obsidian/plugins/fantasy-calendar/styles.css",
    ".obsidian/plugins/fantasy-statblocks/data.json",
    ".obsidian/plugins/fantasy-statblocks/main.js",
    ".obsidian/plugins/fantasy-statblocks/manifest.json",
    ".obsidian/plugins/fantasy-statblocks/styles.css",
    ".obsidian/plugins/fit/data.json",
    ".obsidian/plugins/fit/debug.log",
    ".obsidian/plugins/fit/main.js",
    ".obsidian/plugins/fit/manifest.json",
    ".obsidian/plugins/fit/styles.css",
    ".obsidian/plugins/initiative-tracker/data.json",
    ".obsidian/plugins/initiative-tracker/main.js",
    ".obsidian/plugins/initiative-tracker/manifest.json",
    ".obsidian/plugins/initiative-tracker/styles.css",
    ".obsidian/plugins/media-extended/data.json",
    ".obsidian/plugins/media-extended/main.js",
    ".obsidian/plugins/media-extended/manifest.json",
    ".obsidian/plugins/media-extended/styles.css",
    ".obsidian/plugins/obsidian-5e-statblocks/data.json",
    ".obsidian/plugins/obsidian-5e-statblocks/main.js",
    ".obsidian/plugins/obsidian-5e-statblocks/manifest.json",
    ".obsidian/plugins/obsidian-5e-statblocks/styles.css",
    ".obsidian/plugins/obsidian-advanced-uri/data.json",
    ".obsidian/plugins/obsidian-advanced-uri/main.js",
    ".obsidian/plugins/obsidian-advanced-uri/manifest.json",
    ".obsidian/plugins/obsidian-dice-roller/data.json",
    ".obsidian/plugins/obsidian-dice-roller/main.js",
    ".obsidian/plugins/obsidian-dice-roller/manifest.json",
    ".obsidian/plugins/obsidian-dice-roller/styles.css",
    ".obsidian/plugins/obsidian-enhancing-export/lua/citefilter.lua",
    ".obsidian/plugins/obsidian-enhancing-export/lua/markdown+hugo.lua",
    ".obsidian/plugins/obsidian-enhancing-export/lua/markdown.lua",
    ".obsidian/plugins/obsidian-enhancing-export/lua/math_block.lua",
    ".obsidian/plugins/obsidian-enhancing-export/lua/pdf.lua",
    ".obsidian/plugins/obsidian-enhancing-export/lua/polyfill.lua",
    ".obsidian/plugins/obsidian-enhancing-export/lua/url.lua",
    ".obsidian/plugins/obsidian-enhancing-export/lua/utf8_filenames.lua",
    ".obsidian/plugins/obsidian-enhancing-export/main.js",
    ".obsidian/plugins/obsidian-enhancing-export/manifest.json",
    ".obsidian/plugins/obsidian-enhancing-export/styles.css",
    ".obsidian/plugins/obsidian-enhancing-export/textemplate/dissertation.tex",
    ".obsidian/plugins/obsidian-enhancing-export/textemplate/neurips.sty",
    ".obsidian/plugins/obsidian-enhancing-export/textemplate/neurips.tex",
    ".obsidian/plugins/obsidian-git/data.json",
    ".obsidian/plugins/obsidian-git/main.js",
    ".obsidian/plugins/obsidian-git/manifest.json",
    ".obsidian/plugins/obsidian-git/styles.css",
    ".obsidian/plugins/obsidian-hotkeys-for-templates/data.json",
    ".obsidian/plugins/obsidian-hotkeys-for-templates/main.js",
    ".obsidian/plugins/obsidian-hotkeys-for-templates/manifest.json",
    ".obsidian/plugins/obsidian-shellcommands/data-backup-version-0.18.0-before-upgrading-to-0.19.0.json",
    ".obsidian/plugins/obsidian-shellcommands/data-backup-version-0.19.0-before-upgrading-to-0.20.0.json",
    ".obsidian/plugins/obsidian-shellcommands/data-backup-version-0.20.0-before-upgrading-to-0.21.0.json",
    ".obsidian/plugins/obsidian-shellcommands/data-backup-version-0.21.0-before-upgrading-to-0.22.0.json",
    ".obsidian/plugins/obsidian-shellcommands/data.json",
    ".obsidian/plugins/obsidian-shellcommands/main.js",
    ".obsidian/plugins/obsidian-shellcommands/manifest.json",
    ".obsidian/plugins/obsidian-shellcommands/styles.css",
    ".obsidian/plugins/smart-connections/data.json",
    ".obsidian/plugins/smart-connections/main.js",
    ".obsidian/plugins/smart-connections/manifest.json",
    ".obsidian/plugins/smart-connections/styles.css",
    ".obsidian/plugins/templater-obsidian/data.json",
    ".obsidian/plugins/templater-obsidian/main.js",
    ".obsidian/plugins/templater-obsidian/manifest.json",
    ".obsidian/plugins/templater-obsidian/styles.css",
    ".obsidian/plugins/webpage-html-export/data.json",
    ".obsidian/plugins/webpage-html-export/main.js",
    ".obsidian/plugins/webpage-html-export/manifest.json",
    ".obsidian/plugins/webpage-html-export/styles.css",
    ".obsidian/templates.json",
    ".obsidian/webpage-html-export-back/data.json",
    ".obsidian/webpage-html-export-back/main.js",
    ".obsidian/webpage-html-export-back/manifest.json",
    ".obsidian/webpage-html-export-back/styles.css",
    ".obsidian/workspace",
    "Assets/.DS_Store",
    "Assets/Images/.DS_Store",
    "Assets/Images/Items/Gulthias.webp",
    "Assets/Images/Items/Icon of Ravenloft.png",
    "Assets/Images/Items/Strahd's Invitation.jpg",
    "Assets/Images/Items/Sunsword.png",
    "Assets/Images/Items/Tome_of_Strahd.webp",
    "Assets/Images/Items/adventurere-battleaxe.webp",
    "Assets/Images/Items/bloodspear.webp",
    "Assets/Images/Items/green-copper-ewer.webp",
    "Assets/Images/Items/holy symbol of ravenkind.jpg",
    "Assets/Images/Items/tome1.jpg",
    "Assets/Images/Items/tome2.jpg",
    "Assets/Images/Maps/.DS_Store",
    "Assets/Images/Maps/01 - Old Svalich Road Encounter Day.webp",
    "Assets/Images/Maps/Argynvostholt/DM Map - Argynvostholt 1.jpg",
    "Assets/Images/Maps/Argynvostholt/DM Map - Argynvostholt 2.jpg",
    "Assets/Images/Maps/Argynvostholt/Map - Argynvostholt 1.jpg",
    "Assets/Images/Maps/Argynvostholt/Map - Argynvostholt 2.jpg",
    "Assets/Images/Maps/Bogs of Berez/Berez Churchyard/01 - Berez - Churchyard.webp",
    "Assets/Images/Maps/Bogs of Berez/Berez Churchyard/02 - Berez - Churchyard (Raising the Stakes Variant).webp",
    "Assets/Images/Maps/Bogs of Berez/Berez Map.jpg",
    "Assets/Images/Maps/Bogs of Berez/DM Berez Map.jpg",
    "Assets/Images/Maps/Bogs of Berez/Marina's Monument/Marina's Monument.webp",
    "Assets/Images/Maps/Bogs of Berez/Swamp Encounter/Swamp Encounter Day.webp",
    "Assets/Images/Maps/Bogs of Berez/Swamp Fane/01 - The Swamp Fane (Base).webp",
    "Assets/Images/Maps/Bogs of Berez/Swamp Fane/02 - The Swamp Fane (with Runes).webp",
    "Assets/Images/Maps/Bogs of Berez/Swamp Fane/03 - The Swamp Fane (with Runes Activated).webp",
    "Assets/Images/Maps/Bogs of Berez/Swamps Edge/Swamp_s Edge Day.webp",
    "Assets/Images/Maps/Bogs of Berez/Swamps Edge/berez_water.jpg",
    "Assets/Images/Maps/Bogs of Berez/creeping-hut-dm.webp",
    "Assets/Images/Maps/Bogs of Berez/creeping-hut.webp",
    "Assets/Images/Maps/Castle Ravenloft/Court of the Count/01 - Castle Ravenloft (1st Floor).webp",
    "Assets/Images/Maps/Castle Ravenloft/Court of the Count/02 - Castle Ravenloft (1st Floor - No Lighting).webp",
    "Assets/Images/Maps/Castle Ravenloft/Dungeons & Catacombs/01 - Castle Ravenloft Lower Dungeon.webp",
    "Assets/Images/Maps/Castle Ravenloft/Dungeons & Catacombs/02 - Castle Ravenloft Lower Dungeon (No Lighting).webp",
    "Assets/Images/Maps/Castle Ravenloft/Dungeons & Catacombs/03 - Castle Ravenloft Lower Dungeon (No Golems).webp",
    "Assets/Images/Maps/Castle Ravenloft/Dungeons & Catacombs/04 - Castle Ravenloft Lower Dungeon (No Golems - No Lighting).webp",
    "Assets/Images/Maps/Castle Ravenloft/Dungeons & Catacombs/05 - Castle Ravenloft Lower Dungeon (No Golems - No Items).webp",
    "Assets/Images/Maps/Castle Ravenloft/Dungeons & Catacombs/06 - Castle Ravenloft Lower Dungeon (No Golems - No Items - No Lighting).webp",
    "Assets/Images/Maps/Castle Ravenloft/Dungeons & Catacombs/07 - Castle Ravenloft Lower Dungeon (Crypts 14, 31, & 35).webp",
    "Assets/Images/Maps/Castle Ravenloft/Larders of Ill Omen/01 - Castle Ravenloft (Upper Dungeon).webp",
    "Assets/Images/Maps/Castle Ravenloft/Larders of Ill Omen/02 - Castle Ravenloft (Upper Dungeon - No Lighting).webp",
    "Assets/Images/Maps/Castle Ravenloft/Larders of Ill Omen/03 - Castle Ravenloft (Upper Dungeon - Hall of Bones Overlay with Argynvost).webp",
    "Assets/Images/Maps/Castle Ravenloft/Larders of Ill Omen/04 - Castle Ravenloft (Upper Dungeon - Hall of Bones Overlay with Argynvost - No Lighting).webp",
    "Assets/Images/Maps/Castle Ravenloft/Larders of Ill Omen/05 - Castle Ravenloft (Upper Dungeon - Hall of Bones Overlay without Argynvost).webp",
    "Assets/Images/Maps/Castle Ravenloft/Larders of Ill Omen/06 - Castle Ravenloft (Upper Dungeon - Hall of Bones Overlay without Argynvost - No Lighting).webp",
    "Assets/Images/Maps/Castle Ravenloft/Main Floor/01 - Castle Ravenloft (Ground Floor).webp",
    "Assets/Images/Maps/Castle Ravenloft/Main Floor/02 - Castle Ravenloft (Ground Floor - Original Table Placement).webp",
    "Assets/Images/Maps/Castle Ravenloft/Main Floor/03 - Castle Ravenloft (Ground Floor - No Lighting).webp",
    "Assets/Images/Maps/Castle Ravenloft/Main Floor/04 - Castle Ravenloft (Ground Floor - Original Table Placement, No Lighting).webp",
    "Assets/Images/Maps/Castle Ravenloft/Spires of Ravenloft/01 - Castle Ravenloft (3rd Floor).webp",
    "Assets/Images/Maps/Castle Ravenloft/Spires of Ravenloft/02 - Castle Ravenloft (3rd Floor - No Lighting).webp",
    "Assets/Images/Maps/Castle Ravenloft/Spires of Ravenloft/03 - Castle Ravenloft (4th Floor).webp",
    "Assets/Images/Maps/Castle Ravenloft/Spires of Ravenloft/04 - Castle Ravenloft (4th Floor - No Lighting).webp",
    "Assets/Images/Maps/Castle Ravenloft/Spires of Ravenloft/05 - Castle Ravenloft (5th Floor - No Heart of Sorrow).webp",
    "Assets/Images/Maps/Castle Ravenloft/Spires of Ravenloft/05 - Castle Ravenloft (5th Floor).webp",
    "Assets/Images/Maps/Castle Ravenloft/Spires of Ravenloft/06 - Castle Ravenloft (5th Floor - No Heart of Sorrow - No Lighting).webp",
    "Assets/Images/Maps/Castle Ravenloft/Spires of Ravenloft/06 - Castle Ravenloft (5th Floor - No Lighting).webp",
    "Assets/Images/Maps/Castle Ravenloft/Spires of Ravenloft/07 - Castle Ravenloft (6th Floor).webp",
    "Assets/Images/Maps/Castle Ravenloft/Spires of Ravenloft/08 - Castle Ravenloft (6th Floor - No Lighting).webp",
    "Assets/Images/Maps/Castle Ravenloft/Spires of Ravenloft/09 - Castle Ravenloft (7th Floor).webp",
    "Assets/Images/Maps/Castle Ravenloft/Spires of Ravenloft/10 - Castle Ravenloft (7th Floor - No Lighting).webp",
    "Assets/Images/Maps/Castle Ravenloft/Spires of Ravenloft/11 - Castle Ravenloft (Roof).webp",
    "Assets/Images/Maps/Castle Ravenloft/Spires of Ravenloft/12 - Castle Ravenloft (Roof - No Lighting).webp",
    "Assets/Images/Maps/Druidic Groves/Wizard of Wines Winery/01 - Wizard of Wines Winery Day (Ground Floor).webp",
    "Assets/Images/Maps/Druidic Groves/Wizard of Wines Winery/02 - Wizard of Wines Winery Day (1st Floor).webp",
    "Assets/Images/Maps/Druidic Groves/Wizard of Wines Winery/03 - Wizard of Wines Winery Day (Roof).webp",
    "Assets/Images/Maps/Druidic Groves/Wizard of Wines Winery/04 - Wizard of Wines Winery (Cellar).webp",
    "Assets/Images/Maps/Druidic Groves/Wizard of Wines Winery/wizard of wines DM.jpg",
    "Assets/Images/Maps/Druidic Groves/Wizard of Wines Winery/wizard of wines.jpg",
    "Assets/Images/Maps/Druidic Groves/Yester Hill - Berserker Cairns/01 - Berserker_s Cairn Day.webp",
    "Assets/Images/Maps/Druidic Groves/Yester Hill - Copse of the Gulthias Tree/01 - Copse of the Gulthias Tree Day (Ground).webp",
    "Assets/Images/Maps/Druidic Groves/Yester Hill - Copse of the Gulthias Tree/02 - Copse of the Gulthias Tree (Mountain Fane).webp",
    "Assets/Images/Maps/Druidic Groves/Yester Hill - Druid's Circle/01 - Druid_s Circle Day.webp",
    "Assets/Images/Maps/Druidic Groves/Yester Hill.jpg",
    "Assets/Images/Maps/Druidic Groves/YesterHill-DM.jpg",
    "Assets/Images/Maps/Forest Fane/01 -The Forest Fane Day (Megaliths).webp",
    "Assets/Images/Maps/Forest Fane/02 - The Forest Fane Day (Shrine).webp",
    "Assets/Images/Maps/Mound Ghakis/Amber Temple/01 - The Amber Temple (Upper Level - with Illusion).webp",
    "Assets/Images/Maps/Mound Ghakis/Amber Temple/02 - The Amber Temple (Upper Level - without Illusion).webp",
    "Assets/Images/Maps/Mound Ghakis/Amber Temple/03 - The Amber Temple (Lower Level).webp",
    "Assets/Images/Maps/Mound Ghakis/Amber Temple/Amber Temple Lower.jpg",
    "Assets/Images/Maps/Mound Ghakis/Amber Temple/Amber Temple Upper.jpg",
    "Assets/Images/Maps/Mound Ghakis/Amber Temple/DM Map - Amber Temple Lower.jpg",
    "Assets/Images/Maps/Mound Ghakis/Amber Temple/DM Map - Amber Temple Upper.jpg",
    "Assets/Images/Maps/Mound Ghakis/DM Map - Tsolenka Pass.jpg",
    "Assets/Images/Maps/Mound Ghakis/Map - Tsolenka Pass.jpg",
    "Assets/Images/Maps/Mound Ghakis/Tsolenka Pass Bridge/01 - Tsolenka Pass Bridge (Ground).webp",
    "Assets/Images/Maps/Mound Ghakis/Tsolenka Pass Bridge/02 - Tsolenka Pass Bridge (Arches).webp",
    "Assets/Images/Maps/Mound Ghakis/Tsolenka Pass Gate/01 - Tsolenka Pass Gate (Ground with Fire).webp",
    "Assets/Images/Maps/Mound Ghakis/Tsolenka Pass Gate/02 - Tsolenka Pass Gate (Ground without Fire).webp",
    "Assets/Images/Maps/Mound Ghakis/Tsolenka Pass Gate/03 - Tsolenka Pass Gate (1st Floor with Fire & Vrocks).webp",
    "Assets/Images/Maps/Mound Ghakis/Tsolenka Pass Gate/04 - Tsolenka Pass Gate (1st Floor with Fire, without Vrocks).webp",
    "Assets/Images/Maps/Mound Ghakis/Tsolenka Pass Gate/05 - Tsolenka Pass Gate (1st Floor without Fire, with Vrocks).webp",
    "Assets/Images/Maps/Mound Ghakis/Tsolenka Pass Gate/06 - Tsolenka Pass Gate (1st Floor without Fire & Vrocks).webp",
    "Assets/Images/Maps/Mound Ghakis/Tsolenka Pass Gate/07 - Tsolenka Pass Gate (Roof with Fire & Vrocks).webp",
    "Assets/Images/Maps/Mound Ghakis/Tsolenka Pass Gate/08 - Tsolenka Pass Gate (Roof with Fire, without Vrocks).webp",
    "Assets/Images/Maps/Mound Ghakis/Tsolenka Pass Gate/09 - Tsolenka Pass Gate (Roof without Fire, with Vrocks).webp",
    "Assets/Images/Maps/Mound Ghakis/Tsolenka Pass Gate/10 - Tsolenka Pass Gate (Roof without Fire & Vrocks).webp",
    "Assets/Images/Maps/Revenloft Moors/Old Bonegrinder/01 - Old Bonegrinder Day (Ground Floor).webp",
    "Assets/Images/Maps/Revenloft Moors/Old Bonegrinder/02 - Old Bonegrinder Day Alt (Ground Floor - Clean).webp",
    "Assets/Images/Maps/Revenloft Moors/Old Bonegrinder/03 - Old Bonegrinder Day (1st Floor).webp",
    "Assets/Images/Maps/Revenloft Moors/Old Bonegrinder/04 - Old Bonegrinder Day (2nd Floor).webp",
    "Assets/Images/Maps/Revenloft Moors/Old Bonegrinder/05 - Old Bonegrinder Day (Attic).webp",
    "Assets/Images/Maps/Revenloft Moors/Old Bonegrinder/06 - Old Bonegrinder Day (Roof).webp",
    "Assets/Images/Maps/Revenloft Moors/Old Bonegrinder/DM Map - Old Bonegrinder.jpg",
    "Assets/Images/Maps/Revenloft Moors/Old Bonegrinder/Map - Old Bonegrinder.jpg",
    "Assets/Images/Maps/Revenloft Moors/River Ivlis Crossroads Day.webp",
    "Assets/Images/Maps/Revenloft Moors/Tser Falls Day.webp",
    "Assets/Images/Maps/Revenloft Moors/Tser Pool Encampment Day.webp",
    "Assets/Images/Maps/Vallaki Valley/Blue Water Inn/01 - Blue Water Inn Day (Ground).webp",
    "Assets/Images/Maps/Vallaki Valley/Blue Water Inn/02 - Blue Water Inn Day (1st Floor).webp",
    "Assets/Images/Maps/Vallaki Valley/Blue Water Inn/03 - Blue Water Inn Day (Roof).webp",
    "Assets/Images/Maps/Vallaki Valley/Blue Water Inn/DM Map - Blue Water Inn.jpg",
    "Assets/Images/Maps/Vallaki Valley/Blue Water Inn/Map - Blue Water Inn.jpg",
    "Assets/Images/Maps/Vallaki Valley/Burgomaster's Mansion/01 - Burgomaster_s Mansion Day (Ground Floor).webp",
    "Assets/Images/Maps/Vallaki Valley/Burgomaster's Mansion/02 - Burgomaster_s Mansion Day (1st Floor).webp",
    "Assets/Images/Maps/Vallaki Valley/Burgomaster's Mansion/03 - Burgomaster_s Mansion Day (Attic).webp",
    "Assets/Images/Maps/Vallaki Valley/Burgomaster's Mansion/04 - Burgomaster_s Mansion Day (Teleportation Circle).webp",
    "Assets/Images/Maps/Vallaki Valley/Burgomaster's Mansion/05 - Burgomaster_s Mansion Day (Roof).webp",
    "Assets/Images/Maps/Vallaki Valley/Burgomaster's Mansion/DM Map - Burgomaster's Mansion.jpg",
    "Assets/Images/Maps/Vallaki Valley/Burgomaster's Mansion/Map - Burgomaster's Mansion.jpg",
    "Assets/Images/Maps/Vallaki Valley/Coffin Maker's Shop/01 - Coffin Maker_s Shop Day (Ground Floor).webp",
    "Assets/Images/Maps/Vallaki Valley/Coffin Maker's Shop/02 - Coffin Maker_s Shop Day (1st Floor).webp",
    "Assets/Images/Maps/Vallaki Valley/Coffin Maker's Shop/03 - Coffin Maker_s shop Day (Roof).webp",
    "Assets/Images/Maps/Vallaki Valley/Coffin Maker's Shop/DM Map - Coffin Maker's Shop.jpg",
    "Assets/Images/Maps/Vallaki Valley/Coffin Maker's Shop/Map - Coffin Maker's Shop.jpg",
    "Assets/Images/Maps/Vallaki Valley/DM Map - Vallaki.jpg",
    "Assets/Images/Maps/Vallaki Valley/East Gate/01 - Vallaki East Gate Day (Ground).webp",
    "Assets/Images/Maps/Vallaki Valley/East Gate/02 - Vallaki East Gate Day (Palisade Walkway).webp",
    "Assets/Images/Maps/Vallaki Valley/Kasimir's Hovel/01 - Kasimir_s Hovel Day (Ground Floor).webp",
    "Assets/Images/Maps/Vallaki Valley/Kasimir's Hovel/02 - Kasimir_s Hovel Day (Roof).webp",
    "Assets/Images/Maps/Vallaki Valley/Lake Zarovich/01 - Lake Zarovich Day (with Boats).webp",
    "Assets/Images/Maps/Vallaki Valley/Lake Zarovich/02 - Lake Zarovich Day (no Boats).webp",
    "Assets/Images/Maps/Vallaki Valley/Map - Vallaki.jpg",
    "Assets/Images/Maps/Vallaki Valley/Orphanage/Orphanage Map.jpg",
    "Assets/Images/Maps/Vallaki Valley/Reformation Center/reformation center.jpeg",
    "Assets/Images/Maps/Vallaki Valley/St Andral's Church/01 - St Andral_s Church Day (Ground).webp",
    "Assets/Images/Maps/Vallaki Valley/St Andral's Church/02 - St Andral_s Church Day (Roof).webp",
    "Assets/Images/Maps/Vallaki Valley/Vallaki Town Square/01 - Vallaki Town Square Day.webp",
    "Assets/Images/Maps/Vallaki Valley/Vallaki Town Square/02 - Vallaki Town Square Day (Festival of the Blazing Sun).webp",
    "Assets/Images/Maps/Vallaki Valley/Vallaki Town Square/03 - Vallaki Town Square Day (Festival of the Blazing Sun - Rain).webp",
    "Assets/Images/Maps/Vallaki Valley/Vistani Camp/01 - Vistani Camp Day (Ground).webp",
    "Assets/Images/Maps/Vallaki Valley/Vistani Camp/02 - Vistani Camp Day (Roof).webp",
    "Assets/Images/Maps/Vallaki Valley/Vistani Camp/DM Map - Vistani Camp.jpg",
    "Assets/Images/Maps/Vallaki Valley/Vistani Camp/Map - Vistani Camp.jpg",
    "Assets/Images/Maps/Vallaki Valley/Wachterhaus/01 - Wachterhaus Day (Ground Floor).webp",
    "Assets/Images/Maps/Vallaki Valley/Wachterhaus/02 - Wachterhaus Day (1st Floor).webp",
    "Assets/Images/Maps/Vallaki Valley/Wachterhaus/03 - Wachterhaus (Cellar).webp",
    "Assets/Images/Maps/Vallaki Valley/Wachterhaus/04 - Wachterhaus Day (Roof).webp",
    "Assets/Images/Maps/Vallaki Valley/Wachterhaus/DM Map - Wachterhaus.jpg",
    "Assets/Images/Maps/Vallaki Valley/Wachterhaus/Map - Wachterhaus.jpg",
    "Assets/Images/Maps/Vallaki Valley/krezk-shopping.jpg",
    "Assets/Images/Maps/Vallaki Valley/vallaki-shopping.jpg",
    "Assets/Images/Maps/Village of Barovia/01 - Church of the Morning Lord (Ground).webp",
    "Assets/Images/Maps/Wolfrun/.DS_Store",
    "Assets/Images/Maps/Wolfrun/Abbey of Saint Markovia/.DS_Store",
    "Assets/Images/Maps/Wolfrun/Abbey of Saint Markovia/01 - Abbey of Saint Markovia (Ground Floor).webp",
    "Assets/Images/Maps/Wolfrun/Abbey of Saint Markovia/02 - Abbey of Saint Markovia (1st Floor).webp",
    "Assets/Images/Maps/Wolfrun/Abbey of Saint Markovia/03 - Abbey of Saint Markovia (Roof).webp",
    "Assets/Images/Maps/Wolfrun/Abbey of Saint Markovia/04 - Abbey of Saint Markovia (Wine Cellar).webp",
    "Assets/Images/Maps/Wolfrun/Krezk Gate/01 - Krezk Gate (Ground).webp",
    "Assets/Images/Maps/Wolfrun/Krezk Gate/02 - Krezk Gate (Walkway).webp",
    "Assets/Images/Maps/Wolfrun/Krezk Gate/03 - Krezk Gate (Roof).webp",
    "Assets/Images/Maps/Wolfrun/Krezk/krezk-dm.jpg",
    "Assets/Images/Maps/Wolfrun/Krezk/krezk.jpg",
    "Assets/Images/Maps/Wolfrun/Shrine of the White Sun/01 - Shrine of the White Sun (Ground).jpg",
    "Assets/Images/Maps/Wolfrun/Shrine of the White Sun/02 - Shrine of the White Sun (Ground with Snow).jpg",
    "Assets/Images/Maps/Wolfrun/Shrine of the White Sun/03 - Shrine of the White Sun (Roof).jpg",
    "Assets/Images/Maps/Wolfrun/Shrine of the White Sun/04 - Shrine of the White Sun (Roof with Snow).jpg",
    "Assets/Images/Maps/Wolfrun/Van Richten's Tower/01 - Van Richten's Tower (Ground).jpg",
    "Assets/Images/Maps/Wolfrun/Van Richten's Tower/02 - Van Richten's Tower (1st Floor).jpg",
    "Assets/Images/Maps/Wolfrun/Van Richten's Tower/03 - Van Richten's Tower (2nd Floor).jpg",
    "Assets/Images/Maps/Wolfrun/Van Richten's Tower/04 - Van Richten's Tower (3rd Floor).jpg",
    "Assets/Images/Maps/Wolfrun/Van Richten's Tower/05 - Van Richten's Tower (Roof).jpg",
    "Assets/Images/Maps/Wolfrun/Van Richten's Tower/06 - Van Richten's Tower (Roof with Lightning).jpg",
    "Assets/Images/Maps/Wolfrun/Van Richten's Tower/07 - Van Richten's Tower (Destroyed).jpg",
    "Assets/Images/Maps/Wolfrun/Werewolf Den/01 - Werewolf Den (Ground).webp",
    "Assets/Images/Maps/Wolfrun/Werewolf Den/02 - Werewolf Den (Mountain).webp",
    "Assets/Images/Maps/Wolfrun/Werewolf Den/03 - Werewolf Den (Shrine of Mother Night).webp",
    "Assets/Images/Maps/Wolfrun/Werewolf Den/04 - Werewolf Den (Ring of Stones).webp",
    "Assets/Images/Maps/barovia_tagged.jpg",
    "Assets/Images/Maps/barovia_untagged.webp",
    "Assets/Images/Maps/barovia_village_tagged.jpg",
    "Assets/Images/Maps/barovia_village_untagged.jpg",
    "Assets/Images/Misc/Black Carriage.jpg",
    "Assets/Images/Misc/PXL_20231129_021411854.jpg",
    "Assets/Images/Misc/PXL_20231129_021419424.jpg",
    "Assets/Images/Misc/dead-pc.jpg",
    "Assets/Images/Misc/travis-scott-fire.gif",
    "Assets/Images/Monsters/Crawling Claw.webp",
    "Assets/Images/Monsters/Death Slaad.png",
    "Assets/Images/Monsters/Flameskull.png",
    "Assets/Images/Monsters/Nothic.png",
    "Assets/Images/Monsters/Poltergeist.png",
    "Assets/Images/Monsters/Roc of Mount Ghakis.jpg",
    "Assets/Images/Monsters/Tree Blight.png",
    "Assets/Images/Monsters/Wintersplinter.webp",
    "Assets/Images/Monsters/berserker.jpg",
    "Assets/Images/Monsters/crab.webp",
    "Assets/Images/Monsters/creeping-hut.webp",
    "Assets/Images/Monsters/giant-spider.jpg",
    "Assets/Images/Monsters/needlblight.png",
    "Assets/Images/Monsters/twigblight.png",
    "Assets/Images/Monsters/vampyr.jpg.md",
    "Assets/Images/Monsters/vineblight.png",
    "Assets/Images/Monsters/werewolf-kids.webp",
    "Assets/Images/People/Abbot.webp",
    "Assets/Images/People/Adrian.webp",
    "Assets/Images/People/Arik the Barkeep V2.webp",
    "Assets/Images/People/Arrigal.jpg",
    "Assets/Images/People/Baba.webp",
    "Assets/Images/People/Baron_Vargas_Vallakovich.jpg",
    "Assets/Images/People/Bildrath.jpg",
    "Assets/Images/People/Blinsky.webp",
    "Assets/Images/People/Cyrus Belview.jpg",
    "Assets/Images/People/Doru.jpeg",
    "Assets/Images/People/Elvir.webp",
    "Assets/Images/People/Exethanter.jpeg",
    "Assets/Images/People/Ezmerelda_dAvenir.webp",
    "Assets/Images/People/Fiona Wachter and Majesto.jpg",
    "Assets/Images/People/Fiona_Wachter_29.webp",
    "Assets/Images/People/Freek.jpg",
    "Assets/Images/People/Henrik van der Voort.jpg",
    "Assets/Images/People/Ireena Kolyanna.jpg",
    "Assets/Images/People/Ismark.jpg",
    "Assets/Images/People/Lief Lipsiege.jpg",
    "Assets/Images/People/Lucian_Petrovich.webp",
    "Assets/Images/People/Lucien.webp",
    "Assets/Images/People/Luvash.jpg",
    "Assets/Images/People/Majesto.png",
    "Assets/Images/People/Milivoj.jpg",
    "Assets/Images/People/Morgantha_Unmasked.webp",
    "Assets/Images/People/Myrtle.jpg",
    "Assets/Images/People/Parriwimple.jpg",
    "Assets/Images/People/Pidlwick_II.webp",
    "Assets/Images/People/Rahadin.webp",
    "Assets/Images/People/Rictavio-Token.png",
    "Assets/Images/People/Rictavio.jpg",
    "Assets/Images/People/Rina.jpg",
    "Assets/Images/People/Strahd and Beucephalus.jpg",
    "Assets/Images/People/Szoldar Szoldarovich.jpg",
    "Assets/Images/People/Vilnius.jpg",
    "Assets/Images/People/Yeska.jpg",
    "Assets/Images/People/Yevgeni Krushkin.jpg",
    "Assets/Images/People/abbot-true-form.jpeg",
    "Assets/Images/People/alenka.png",
    "Assets/Images/People/annakrezkov.jpeg",
    "Assets/Images/People/arabelle.png",
    "Assets/Images/People/arahja.jpg",
    "Assets/Images/People/argynvost.jpg",
    "Assets/Images/People/bluto.webp",
    "Assets/Images/People/cloaked rider.webp",
    "Assets/Images/People/clovin.jpeg",
    "Assets/Images/People/cypress_belview.jpeg",
    "Assets/Images/People/danika-dorakova.jpg",
    "Assets/Images/People/davian.jpg",
    "Assets/Images/People/death-house-kids.png",
    "Assets/Images/People/dmitri-krezkov.jpg",
    "Assets/Images/People/donavich.jpeg",
    "Assets/Images/People/ember-argynvost.jpg",
    "Assets/Images/People/emil_toranescu.jpeg",
    "Assets/Images/People/ernst.jpg",
    "Assets/Images/People/escher.jpeg",
    "Assets/Images/People/eva.jpeg",
    "Assets/Images/People/gertruda.jpeg",
    "Assets/Images/People/godfrey.jpg",
    "Assets/Images/People/granny.jpeg",
    "Assets/Images/People/gunther-arasek.jpg",
    "Assets/Images/People/izek.webp",
    "Assets/Images/People/kasimir.jpg",
    "Assets/Images/People/lydia.jpg",
    "Assets/Images/People/mad mage.png",
    "Assets/Images/People/mad mary.jpeg",
    "Assets/Images/People/mad-mage-drunk.png",
    "Assets/Images/People/mad-mage-with-roc.png",
    "Assets/Images/People/marzena.webp",
    "Assets/Images/People/menigal.jpg",
    "Assets/Images/People/mishka.webp",
    "Assets/Images/People/morgantha.webp",
    "Assets/Images/People/muriel.jpg",
    "Assets/Images/People/neferon.webp",
    "Assets/Images/People/nikolai and karl.jpg",
    "Assets/Images/People/otto.jpeg",
    "Assets/Images/People/piccolo.webp",
    "Assets/Images/People/rahadin.jpeg",
    "Assets/Images/People/stefania.jpg",
    "Assets/Images/People/stella.jpg",
    "Assets/Images/People/strahd.jpeg",
    "Assets/Images/People/udo.jpg",
    "Assets/Images/People/urwin.png",
    "Assets/Images/People/vampire spawn.png",
    "Assets/Images/People/vampyr.jpg",
    "Assets/Images/People/vasilka.jpg",
    "Assets/Images/People/victor_vallakovich.jpg",
    "Assets/Images/People/vladimir.webp",
    "Assets/Images/People/willemina.webp",
    "Assets/Images/People/yelena-arasek.jpg",
    "Assets/Images/People/zygfrek.jpeg",
    "Assets/Images/Places/Amber Temple Front.png",
    "Assets/Images/Places/Barvia Church.jpg",
    "Assets/Images/Places/Blue_water_inn.webp",
    "Assets/Images/Places/Dragon Statue.jpg",
    "Assets/Images/Places/Gates of Barovia.webp",
    "Assets/Images/Places/Old Bonegrinder.webp",
    "Assets/Images/Places/Rictavio's Carnival Wagon.jpg",
    "Assets/Images/Places/St Andral's Church.webp",
    "Assets/Images/Places/The Dining Hall Organ.jpg",
    "Assets/Images/Places/The Tower.jpg",
    "Assets/Images/Places/Tower Door.jpg",
    "Assets/Images/Places/Yesterhill_small.png",
    "Assets/Images/Places/Yesterhilltop.png",
    "Assets/Images/Places/argyvostholt.jpg",
    "Assets/Images/Places/berez.jpg",
    "Assets/Images/Places/burning-bonegrinder.webp",
    "Assets/Images/Places/death-house-front.jpg",
    "Assets/Images/Places/gulthias-tree.jpg",
    "Assets/Images/Places/heart-of-sorrow.png",
    "Assets/Images/Places/krezk.jpeg",
    "Assets/Images/Places/lake-baratok.jpg",
    "Assets/Images/Places/ravenloft_castle.jpeg",
    "Assets/Images/Places/strahd statue yester hill.png",
    "Assets/Images/Places/tsolenka pass.jpg",
    "Assets/Images/barovia_untagged.tif",
    "Assets/Music/CoS Vistani Camp [8TtFIT3x2PI].m4a",
    "Assets/Music/Death House Music - 1) Enter the House ~ The Peace Guild OST [3zQ7Nw8viok].m4a",
    "Assets/Music/Death House Music - 2) Rose and Thorn ~ The Peace Guild OST [yDCC7EcDr3k].m4a",
    "Assets/Music/Death House Music - 3) The Murdered Maid ~ The Peace Guild OST [RhBrss1_bh0].m4a",
    "Assets/Music/Death House Music - 4) One Must Die ~ The Peace Guild OST [QUyDUe2Ecp0].m4a",
    "Assets/Music/Death House Music - 5) The Decayer Awakens ~ The Peace Guild OST [PnEnOGgCYcQ].m4a",
    "Assets/Music/Into The Mists - An Epic Curse Of Strahd Soundtrack By Travis Savoie - 001 Introduction [uLpRctqGTWw].m4a",
    "Assets/Music/Into The Mists - An Epic Curse Of Strahd Soundtrack By Travis Savoie - 002 Into The Mists [uLpRctqGTWw].m4a",
    "Assets/Music/Into The Mists - An Epic Curse Of Strahd Soundtrack By Travis Savoie - 003 Barovian Legends [uLpRctqGTWw].m4a",
    "Assets/Music/Into The Mists - An Epic Curse Of Strahd Soundtrack By Travis Savoie - 004 Dancing With The Wolves [uLpRctqGTWw].m4a",
    "Assets/Music/Into The Mists - An Epic Curse Of Strahd Soundtrack By Travis Savoie - 005 Castle Ravenloft [uLpRctqGTWw].m4a",
    "Assets/Music/Into The Mists - An Epic Curse Of Strahd Soundtrack By Travis Savoie - 006 Dream Pastries [uLpRctqGTWw].m4a",
    "Assets/Music/Into The Mists - An Epic Curse Of Strahd Soundtrack By Travis Savoie - 007 A Coveted Soul [uLpRctqGTWw].m4a",
    "Assets/Music/Into The Mists - An Epic Curse Of Strahd Soundtrack By Travis Savoie - 008 All Against Darkness [uLpRctqGTWw].m4a",
    "Assets/Music/Into The Mists - An Epic Curse Of Strahd Soundtrack By Travis Savoie - 009 Restless Knights [uLpRctqGTWw].m4a",
    "Assets/Music/Into The Mists - An Epic Curse Of Strahd Soundtrack By Travis Savoie - 010 The Creeping Hut [uLpRctqGTWw].m4a",
    "Assets/Music/Into The Mists - An Epic Curse Of Strahd Soundtrack By Travis Savoie - 011 Dark Vestiges [uLpRctqGTWw].m4a",
    "Assets/Music/Into The Mists - An Epic Curse Of Strahd Soundtrack By Travis Savoie - 012 Glimmer Of Hope [uLpRctqGTWw].m4a",
    "Assets/Music/Into The Mists - An Epic Curse Of Strahd Soundtrack By Travis Savoie - 013 He Is The Ancient, He Is The Land [uLpRctqGTWw].m4a",
    "Assets/Music/Into The Mists - An Epic Curse Of Strahd Soundtrack By Travis Savoie [uLpRctqGTWw].m4a",
    "Assets/Music/Medieval Fantasy Tavern ｜ D&D Fantasy Music and Ambience [vyg5jJrZ42s].m4a",
    "Assets/Music/Mission Impossible Theme (Full Theme) [XAYhNHhxN0A].m4a",
    "Assets/Music/Ravenloft- Barovia： Village of Barovia [dXTNvDeFdVU].m4a",
    "Assets/Music/Ravenloft- Traveling the roads of Barovia [9G6CskLxgMI].m4a",
    "Assets/Music/The Pink Panther Theme [VyZiIuMufTA].m4a",
    "Assets/Templates/Character.md",
    "Assets/Templates/Handout.md",
    "Assets/Templates/Portrait from Character.md",
    "Assets/Templates/Portrait.md",
    "Characters/Adrian Martikov.md",
    "Characters/Alexei.md",
    "Characters/Amalthia.md",
    "Characters/Anna Krezkova.md",
    "Characters/Arabelle.md",
    "Characters/Arahja.md",
    "Characters/Argynvost.md",
    "Characters/Arik Lorensk.md",
    "Characters/Arrigal.md",
    "Characters/Artimus.md",
    "Characters/Baba Lysaga.md",
    "Characters/Bella Sunbane.md",
    "Characters/Beucephalus.md",
    "Characters/Bildrath Cantemir.md",
    "Characters/Bluto Krogarov.md",
    "Characters/Bluto.md",
    "Characters/Bray Martikov.md",
    "Characters/Brom Martikova.md",
    "Characters/Burgomaster Lazlo Ulrich.md",
    "Characters/Claudiu Martikov.md",
    "Characters/Clovin Belview.md",
    "Characters/Cyrus Belview.md",
    "Characters/Dag Tomescu.md",
    "Characters/Danika Dorakova.md",
    "Characters/Davian Martikov.md",
    "Characters/Dhavit.md",
    "Characters/Dmitri Krezkov.md",
    "Characters/Donavich.md",
    "Characters/Doru.md",
    "Characters/Elizabeth Durst.md",
    "Characters/Elvir Martikov.md",
    "Characters/Emil Toranescu.md",
    "Characters/Ernst Larnak.md",
    "Characters/Escher.md",
    "Characters/Exethanter.md",
    "Characters/Ezmerelda d'Avenir.md",
    "Characters/Faina Janek.md",
    "Characters/Father Lucian Petrovich.md",
    "Characters/Felix.md",
    "Characters/Fiona Wachter.md",
    "Characters/Freek.md",
    "Characters/Gadof Blinsky.md",
    "Characters/Gertruda.md",
    "Characters/Gunther Arasek.md",
    "Characters/Gustav Durst.md",
    "Characters/Haliq.md",
    "Characters/Helga.md",
    "Characters/Henrik van der Voort.md",
    "Characters/Ilya Krezkov.md",
    "Characters/Ireena Kolyana.md",
    "Characters/Ismark Kolyanovich.md",
    "Characters/Izek Strazni.md",
    "Characters/Jakarion.md",
    "Characters/Jeny Greenteeth.md",
    "Characters/Karl Wachter.md",
    "Characters/Kasimir Velikov.md",
    "Characters/King Barov.md",
    "Characters/Kolyan Indirovich.md",
    "Characters/Lancelot.md",
    "Characters/Lief Lipsiege.md",
    "Characters/Lord Nikolai Wachter.md",
    "Characters/Lucien.md",
    "Characters/Luvash.md",
    "Characters/Lydia Petrovna.md",
    "Characters/Mad Mage of Mount Baratok.md",
    "Characters/Mad Mary.md",
    "Characters/Madalena.md",
    "Characters/Madam Eva.md",
    "Characters/Majesto.md",
    "Characters/Martin Martikov.md",
    "Characters/Marzena Belview.md",
    "Characters/Menigal, the Departed.md",
    "Characters/Metarlos.md",
    "Characters/Milivoj.md",
    "Characters/Mirabel.md",
    "Characters/Mishka Belview.md",
    "Characters/Morgantha.md",
    "Characters/Ms Belasco.md",
    "Characters/Muriel Vinshaw.md",
    "Characters/Myrtle.md",
    "Characters/Neferon.md",
    "Characters/Nikolai Wachter.md",
    "Characters/Offalia Wormwiggle.md",
    "Characters/Otto Belview.md",
    "Characters/Parriwimple.md",
    "Characters/Patrina Velikovna.md",
    "Characters/Piccolo.md",
    "Characters/Pidlwick II.md",
    "Characters/Players/Anakir.md",
    "Characters/Players/Bardolf.md",
    "Characters/Players/Elora.md",
    "Characters/Players/Pelanil.md",
    "Characters/Players/Shalooti.md",
    "Characters/Queen Ravenovia.md",
    "Characters/Rahadin.md",
    "Characters/Rictavio.md",
    "Characters/Rina.md",
    "Characters/Rosevalda.md",
    "Characters/Sergei.md",
    "Characters/Sir Godfrey Gwilym.md",
    "Characters/Stefania Martikov.md",
    "Characters/Stella Wachter.md",
    "Characters/Strahd Von Zarovich.md",
    "Characters/Szoldar Szoldarovich.md",
    "Characters/Tasha Petrovna.md",
    "Characters/Tatyana.md",
    "Characters/Tenebrous.md",
    "Characters/The Abbot.md",
    "Characters/Thornboldt.md",
    "Characters/Udo Lukovich.md",
    "Characters/Urwin Martikov.md",
    "Characters/Vadu.md",
    "Characters/Vampyr.md",
    "Characters/Vargas Vallakovich.md",
    "Characters/Vasilka.md",
    "Characters/Victor Vallakovich.md",
    "Characters/Viggo Martikov.md",
    "Characters/Vilnius.md",
    "Characters/Vladimir Horngaard.md",
    "Characters/Walter.md",
    "Characters/Willemina Rikalova.md",
    "Characters/Yelena Arasek.md",
    "Characters/Yeska.md",
    "Characters/Yevgeni Krushkin.md",
    "Characters/Yolanda Martikov.md",
    "Characters/Zygfrek Belview.md",
    "Custom Monsters/Amber Ghast.md",
    "Custom Monsters/Amber Golem.md",
    "Custom Monsters/Arcanaloth.md",
    "Custom Monsters/Baba Lysaga Statblock.md",
    "Custom Monsters/Baba Lysaga's Creeping Hut Statblock.md",
    "Custom Monsters/Child Wereraven Statblock.md",
    "Custom Monsters/Clovin Belview Statblock.md",
    "Custom Monsters/Crawling Claw Statblock.md",
    "Custom Monsters/Death Slaad.md",
    "Custom Monsters/Dog.md",
    "Custom Monsters/Druid Assailant Statblock.md",
    "Custom Monsters/Druid Naturalist Statblock.md",
    "Custom Monsters/Elite Guard Statblock.md",
    "Custom Monsters/Escher Statblock.md",
    "Custom Monsters/Exethanter Stat Block.md",
    "Custom Monsters/Ezmerelda Statblock.md",
    "Custom Monsters/Flameskull.md",
    "Custom Monsters/Gulthias Tree Statblock.md",
    "Custom Monsters/Heart of Sorrow Statblock.md",
    "Custom Monsters/Izek Stat Block.md",
    "Custom Monsters/Mad Mage Statblock.md",
    "Custom Monsters/Madam Eva Statblock.md",
    "Custom Monsters/Marzena Belview Statblock.md",
    "Custom Monsters/Mishka Belview Statblock.md",
    "Custom Monsters/Mongrelfolk Statblock.md",
    "Custom Monsters/Morgantha Stat Block.md",
    "Custom Monsters/Needle Blight Statblock.md",
    "Custom Monsters/Night Hag (Spells Inlined).md",
    "Custom Monsters/Nothic Statblock.md",
    "Custom Monsters/Otto Belview Statblock.md",
    "Custom Monsters/Phantom Warrior Stat Block.md",
    "Custom Monsters/Piccolo Statblock.md",
    "Custom Monsters/Pidlwick Statblock.md",
    "Custom Monsters/Poltergeist Statblock.md",
    "Custom Monsters/Rahadin Statblock.md",
    "Custom Monsters/Revenant Statblock.md",
    "Custom Monsters/Rictavio Statblock.md",
    "Custom Monsters/Scarecrow Statblock.md",
    "Custom Monsters/Shadow Demon Statblock.md",
    "Custom Monsters/Sir Godfrey Gwilym Statblock.md",
    "Custom Monsters/Strahd Statblock.md",
    "Custom Monsters/Strahd Zombie Statblock.md",
    "Custom Monsters/Tree Blight Statblock.md",
    "Custom Monsters/Twig Blight Statblock.md",
    "Custom Monsters/Twig Blight Swarm Statblock.md",
    "Custom Monsters/Vampyr Statblock.md",
    "Custom Monsters/Vine Blight Statblock.md",
    "Custom Monsters/Vladimir Horngaard Statblock.md",
    "Custom Monsters/Wereraven Statblock.md",
    "Custom Monsters/Wintersplinter Statblock.md",
    "Custom Monsters/Zygfrek Belview Statblock.md",
    "Handouts/Images/Places/Abbey of Saint Markovia Handout.md",
    "Handouts/Images/Places/Amber Temple Front.md",
    "Handouts/Images/Places/Argynvostholt Image.md",
    "Handouts/Images/Places/Barovia Church.md",
    "Handouts/Images/Places/Berez.md",
    "Handouts/Images/Places/Blue Water Inn.md",
    "Handouts/Images/Places/Carnival Wagon.md",
    "Handouts/Images/Places/Death House Front.md",
    "Handouts/Images/Places/Dining Hall Organ.md",
    "Handouts/Images/Places/Gates of Barovia Image.md",
    "Handouts/Images/Places/Lake Baratok Handout.md",
    "Handouts/Images/Places/Ravenloft.md",
    "Handouts/Images/Places/St Andral's Church.md",
    "Handouts/Images/Places/The Tower.md",
    "Handouts/Images/Places/The Village of Krezk Image.md",
    "Handouts/Images/Places/The Windmill.md",
    "Handouts/Images/Places/Tower Door Handout.md",
    "Handouts/Images/Places/Tsolenka Pass Handout.md",
    "Handouts/Images/Places/Yester Hill.md",
    "Handouts/Images/Portraits/Portrait of Adrian.md",
    "Handouts/Images/Portraits/Portrait of Anna.md",
    "Handouts/Images/Portraits/Portrait of Arabelle.md",
    "Handouts/Images/Portraits/Portrait of Arahja.md",
    "Handouts/Images/Portraits/Portrait of Argynvost.md",
    "Handouts/Images/Portraits/Portrait of Arik.md",
    "Handouts/Images/Portraits/Portrait of Arrigal.md",
    "Handouts/Images/Portraits/Portrait of Baba Lysaga.md",
    "Handouts/Images/Portraits/Portrait of Bildrath.md",
    "Handouts/Images/Portraits/Portrait of Blinsky.md",
    "Handouts/Images/Portraits/Portrait of Bluto.md",
    "Handouts/Images/Portraits/Portrait of Clovin.md",
    "Handouts/Images/Portraits/Portrait of Cyrus Belview.md",
    "Handouts/Images/Portraits/Portrait of Danika Martikov.md",
    "Handouts/Images/Portraits/Portrait of Davian.md",
    "Handouts/Images/Portraits/Portrait of Dmitri.md",
    "Handouts/Images/Portraits/Portrait of Donavich.md",
    "Handouts/Images/Portraits/Portrait of Doru.md",
    "Handouts/Images/Portraits/Portrait of Elvir.md",
    "Handouts/Images/Portraits/Portrait of Ernst Larnak.md",
    "Handouts/Images/Portraits/Portrait of Escher.md",
    "Handouts/Images/Portraits/Portrait of Ezmerelda.md",
    "Handouts/Images/Portraits/Portrait of Father Lucian.md",
    "Handouts/Images/Portraits/Portrait of Freek.md",
    "Handouts/Images/Portraits/Portrait of Gertruda.md",
    "Handouts/Images/Portraits/Portrait of Gunther Arasek.md",
    "Handouts/Images/Portraits/Portrait of Henrik.md",
    "Handouts/Images/Portraits/Portrait of Ireena.md",
    "Handouts/Images/Portraits/Portrait of Ismark.md",
    "Handouts/Images/Portraits/Portrait of Izek Strazni.md",
    "Handouts/Images/Portraits/Portrait of Kasimir.md",
    "Handouts/Images/Portraits/Portrait of Lady Wachter.md",
    "Handouts/Images/Portraits/Portrait of Lief Lipsiege.md",
    "Handouts/Images/Portraits/Portrait of Lucien.md",
    "Handouts/Images/Portraits/Portrait of Luvash.md",
    "Handouts/Images/Portraits/Portrait of Lydia.md",
    "Handouts/Images/Portraits/Portrait of Mad Mary.md",
    "Handouts/Images/Portraits/Portrait of Madam Eva.md",
    "Handouts/Images/Portraits/Portrait of Marzena.md",
    "Handouts/Images/Portraits/Portrait of Menigal.md",
    "Handouts/Images/Portraits/Portrait of Milivoj.md",
    "Handouts/Images/Portraits/Portrait of Mishka.md",
    "Handouts/Images/Portraits/Portrait of Muriel.md",
    "Handouts/Images/Portraits/Portrait of Myrtle.md",
    "Handouts/Images/Portraits/Portrait of Neferon.md",
    "Handouts/Images/Portraits/Portrait of Nikolai and Karl Wachter.md",
    "Handouts/Images/Portraits/Portrait of Otto.md",
    "Handouts/Images/Portraits/Portrait of Parriwimple.md",
    "Handouts/Images/Portraits/Portrait of Pidlwick II.md",
    "Handouts/Images/Portraits/Portrait of Rahadin.md",
    "Handouts/Images/Portraits/Portrait of Rictavio.md",
    "Handouts/Images/Portraits/Portrait of Rina.md",
    "Handouts/Images/Portraits/Portrait of Rose and Thorne.md",
    "Handouts/Images/Portraits/Portrait of Sir Godfrey Gwilym.md",
    "Handouts/Images/Portraits/Portrait of Stefania.md",
    "Handouts/Images/Portraits/Portrait of Stella Wachter.md",
    "Handouts/Images/Portraits/Portrait of Strahd and Beucephalus.md",
    "Handouts/Images/Portraits/Portrait of The Abbot.md",
    "Handouts/Images/Portraits/Portrait of Urwin Martikov.md",
    "Handouts/Images/Portraits/Portrait of Vampyr.md",
    "Handouts/Images/Portraits/Portrait of Vasilka.md",
    "Handouts/Images/Portraits/Portrait of Victor Vallakovich.md",
    "Handouts/Images/Portraits/Portrait of Vilnius.md",
    "Handouts/Images/Portraits/Portrait of Vladimir Horngaard.md",
    "Handouts/Images/Portraits/Portrait of Willemina.md",
    "Handouts/Images/Portraits/Portrait of Yelena Arasek.md",
    "Handouts/Images/Portraits/Portrait of Yeska.md",
    "Handouts/Images/Portraits/Portrait of Zygfrek.md",
    "Handouts/Images/Portraits/Portrait of the Forgetful Lich.md",
    "Handouts/Images/Portraits/Portrait of the Mad Mage.md",
    "Handouts/Images/Portraits/Portraits of Granny.md",
    "Handouts/Images/Things/Black Carriage Image.md",
    "Handouts/Images/Things/Death Slaad Handout.md",
    "Handouts/Images/Things/Flameskull Handout.md",
    "Handouts/Images/Things/Heart of Sorrow Image.md",
    "Handouts/Images/Things/Hut.md",
    "Handouts/Images/Things/Icon of Ravenloft Handout.md",
    "Handouts/Images/Things/Icon of Ravenloft Image.md",
    "Handouts/Images/Things/Image of The Holy Symbol of Ravenkind.md",
    "Handouts/Images/Things/Image of Wintersplinter.md",
    "Handouts/Images/Things/Images of Sticks.md",
    "Handouts/Images/Things/Nothic Handout.md",
    "Handouts/Images/Things/Roc of Mount Ghakis Handout.md",
    "Handouts/Items/Adventurer's Battleaxe.md",
    "Handouts/Items/Blood Spear of Kavan.md",
    "Handouts/Items/Cloak of Protection.md",
    "Handouts/Items/Cultist Logbook.md",
    "Handouts/Items/Deck of Some Things.md",
    "Handouts/Items/Green Copper Ewer Handout.md",
    "Handouts/Items/Gulthias Staff Handout.md",
    "Handouts/Items/Holy Symbol of Ravenkind Handout.md",
    "Handouts/Items/Icon of Ravenloft Handout.md",
    "Handouts/Items/Orb of the Warmage.md",
    "Handouts/Items/Potion of Healing.md",
    "Handouts/Items/St Andral's Votive Candle.md",
    "Handouts/Items/Statue of St Markovia Handout.md",
    "Handouts/Items/Sunsword.md",
    "Handouts/Items/Tome of Strahd Handout.md",
    "Handouts/Items/Wand of Secrets Handout.md",
    "Handouts/Letters/Argynvost's Journal.md",
    "Handouts/Letters/Bella's Letter.md",
    "Handouts/Letters/Elisabeth Durst's Unsent Letter.md",
    "Handouts/Letters/Gustav Durst's Suicide Note.md",
    "Handouts/Letters/Ismark's Letter.md",
    "Handouts/Letters/Kolyan Indirovich's v1 Letter.md",
    "Handouts/Letters/Kolyan Indirovich's v2 Letter.md",
    "Handouts/Letters/Letter from Strahd von Zarovich to Gustav Durst.md",
    "Handouts/Letters/New Vallaki Proclamation.md",
    "Handouts/Letters/Old Vallaki Proclamation.md",
    "Handouts/Letters/Strahd's Invitation.md",
    "Handouts/Letters/Strahd's Second Invitation.md",
    "Handouts/Letters/Tome of Strahd.md",
    "Handouts/Letters/Van Richten's Journal Entry.md",
    "Handouts/Maps/Amber Temple/Amber Temple Maps.md",
    "Handouts/Maps/Barovia Church Map.md",
    "Handouts/Maps/Barovia Map.md",
    "Handouts/Maps/Berez/Berez Map.md",
    "Handouts/Maps/Berez/Creeping Hut Map.md",
    "Handouts/Maps/Krezk/Krezk Map.md",
    "Handouts/Maps/Old Svalich Road Map.md",
    "Handouts/Maps/River Ivlis Crossroads Map.md",
    "Handouts/Maps/The Windmill Map.md",
    "Handouts/Maps/Tser Falls Map.md",
    "Handouts/Maps/Tser Pool Map.md",
    "Handouts/Maps/Vallaki/Burgomaster's Mansion Map.md",
    "Handouts/Maps/Vallaki/Coffin Maker's Shop Map.md",
    "Handouts/Maps/Vallaki/Orphanage Map.md",
    "Handouts/Maps/Vallaki/Reformation Center Map.md",
    "Handouts/Maps/Vallaki/The Blue Water Inn Map.md",
    "Handouts/Maps/Vallaki/Vallaki Map.md",
    "Handouts/Maps/Vallaki/Vistani Camp Map.md",
    "Handouts/Maps/Vallaki/Wachterhaus Map.md",
    "Handouts/Maps/Village of Barovia Map.md",
    "Handouts/Maps/Wizard of Wines Map.md",
    "Handouts/Maps/Yester Hill Map.md",
    "Handouts/Misc/Among the Dead Feature.md",
    "Handouts/Misc/Argynvostholt's History.md",
    "Handouts/Misc/Champagne du le Stomp.md",
    "Handouts/Misc/Guest as Escher.md",
    "Handouts/Misc/Guest as Granny.md",
    "Handouts/Misc/Guest as the Mad Mage.md",
    "Handouts/Misc/Madam Eva's Card Reading.md",
    "Handouts/Misc/Pelanil's Conversation with Menigal.md",
    "Handouts/Misc/Pelanil's NDE.md",
    "Handouts/Misc/Purple Grapemash No. 3.md",
    "Handouts/Misc/Quests.md",
    "Handouts/Misc/Red Dragon Crush.md",
    "Handouts/Misc/Rictavio's Tale at the Blue Water Inn.md",
    "Handouts/Misc/Strahd's Dinner Conversation.md",
    "Handouts/Misc/The Beacon is Lit.md",
    "Handouts/Misc/The Martikovs and the Forest Folk.md",
    "Handouts/Stat Blocks/Lancelot Stat Block.md",
    "Handouts/Stat Blocks/Piccolo Statblock Handout.md",
    "Locations/Argynvostholt (Q).md",
    "Locations/Black Carriage (I).md",
    "Locations/Castle Ravenloft (K).md",
    "Locations/Death House.md",
    "Locations/Gates of Barovia (B).md",
    "Locations/Gates of Ravenloft (J).md",
    "Locations/Lake Zarovich (L).md",
    "Locations/Luna River Crossroads (P).md",
    "Locations/Mount Baratok (M).md",
    "Locations/Old Bonegrinder (O).md",
    "Locations/Old Svalich Road (A).md",
    "Locations/Raven River Crossroads (R).md",
    "Locations/River Ivlis (D).md",
    "Locations/River Ivlis Crossroads (F).md",
    "Locations/Ruins of Berez (U).md",
    "Locations/Svalich Woods (C).md",
    "Locations/The Amber Temple (X).md",
    "Locations/The Town of Vallaki (N).md",
    "Locations/The Wizard of Wines (W).md",
    "Locations/Tser Falls (H).md",
    "Locations/Tser Pool Encampment (G).md",
    "Locations/Tsolenka Pass (T).md",
    "Locations/Van Richten's Tower (V).md",
    "Locations/Village of Barovia (E).md",
    "Locations/Village of Krezk (S).md",
    "Locations/Werewolf Den (Z).md",
    "Locations/Yester Hill (Y).md",
    "Misc/Areas By Level.md",
    "Misc/Campaign Items/Green Copper Ewer.md",
    "Misc/Campaign Items/Gulthias Staff.md",
    "Misc/Campaign Items/Icon of Ravenloft.md",
    "Misc/Campaign Items/Magic Gem.md",
    "Misc/Campaign Items/Statue of Saint Markovia.md",
    "Misc/Campaign Items/Sunsword.md",
    "Misc/Campaign Items/The Holy Symbol of Ravenkind.md",
    "Misc/Campaign Items/The Tome of Strahd.md",
    "Misc/Card Reading.md",
    "Misc/Character Sheets/5E_CharacterSheet_Fillable_2_2.pdf",
    "Misc/Character Sheets/DK_Pelinal.pdf",
    "Misc/Character Sheets/PelinalCharSheet.pdf",
    "Misc/Congratulations, You're Dead.md",
    "Misc/Demiplane of Dread.md",
    "Misc/Dinner with Strahd.md",
    "Misc/Eventual Callbacks.md",
    "Misc/If Players Die.md",
    "Misc/Lycanthropy.md",
    "Misc/Map of Barovia.md",
    "Misc/Mechanics of Dream Pastries.md",
    "Misc/Mists of Ravenloft.md",
    "Misc/Music Compiled (Web).md",
    "Misc/Music Compiled.md",
    "Misc/PC Boons and Banes.md",
    "Misc/Peoples and Lore/Barovian Lore.md",
    "Misc/Peoples and Lore/Barovian Names.md",
    "Misc/Peoples and Lore/Dark Powers.md",
    "Misc/Peoples and Lore/Forest Folk.md",
    "Misc/Peoples and Lore/Jesus.md",
    "Misc/Peoples and Lore/Krezk Lore.md",
    "Misc/Peoples and Lore/Mother Night.md",
    "Misc/Peoples and Lore/Rictavio's Tale.md",
    "Misc/Peoples and Lore/St Andral.md",
    "Misc/Peoples and Lore/The Keepers of the Feather.md",
    "Misc/Peoples and Lore/The Morninglord.md",
    "Misc/Peoples and Lore/The Order of the Silver Dragon.md",
    "Misc/Peoples and Lore/Vallaki Lore.md",
    "Misc/Peoples and Lore/Vistani.md",
    "Misc/RAW/Adventuring Gear.md",
    "Misc/RAW/Cackle Fever.md",
    "Misc/RAW/Extreme Cold.md",
    "Misc/RAW/Hag Eye.md",
    "Misc/RAW/Pale Tincture (Ingested).md",
    "Misc/Random Book Table.md",
    "Misc/Random Encounters.md",
    "Misc/Shopping in Barovia.md",
    "Misc/Strahd's Answers to Questions.md",
    "Notes/Battles/1715738690623 - Encounter.md",
    "Notes/Battles/1731896756003 - Combat.md",
    "Notes/Battles/1735342580606 - Combat.md",
    "Notes/Battles/1747764131912 - Roc of Mount Ghakis.md",
    "Notes/Battles/1747765871936 - Roc of Mount Ghakis.md",
    "Notes/Battles/1748304040002 - Roc of Mount Ghakis.md",
    "Notes/Battles/1754259611944 - Combat.md",
    "Notes/Battles/1754760977041 - Combat.md",
    "Notes/Battles/1754761072506 - Combat.md",
    "Notes/Battles/1754859996621 - Strahd.md",
    "Notes/Campaign Notes.md",
    "Notes/Combined Campaign Notes.md",
    "Notes/Full Notes.md",
    "Notes/Healer Feat.md",
    "Notes/Index.md",
    "Notes/New Handouts.md",
    "Notes/README.md",
    "Notes/Roc of Mount Ghakis.md",
    "Notes/Session Notes/Session 1.md",
    "Notes/Session Notes/Session 10.md",
    "Notes/Session Notes/Session 11.md",
    "Notes/Session Notes/Session 12.md",
    "Notes/Session Notes/Session 13.md",
    "Notes/Session Notes/Session 14.md",
    "Notes/Session Notes/Session 15.md",
    "Notes/Session Notes/Session 16.md",
    "Notes/Session Notes/Session 17.md",
    "Notes/Session Notes/Session 18.md",
    "Notes/Session Notes/Session 19.md",
    "Notes/Session Notes/Session 2.md",
    "Notes/Session Notes/Session 20.md",
    "Notes/Session Notes/Session 21.md",
    "Notes/Session Notes/Session 22.md",
    "Notes/Session Notes/Session 23.md",
    "Notes/Session Notes/Session 24.md",
    "Notes/Session Notes/Session 25.md",
    "Notes/Session Notes/Session 26.md",
    "Notes/Session Notes/Session 27.md",
    "Notes/Session Notes/Session 28.md",
    "Notes/Session Notes/Session 29.md",
    "Notes/Session Notes/Session 3.md",
    "Notes/Session Notes/Session 30.md",
    "Notes/Session Notes/Session 31.md",
    "Notes/Session Notes/Session 32.md",
    "Notes/Session Notes/Session 33.md",
    "Notes/Session Notes/Session 34.md",
    "Notes/Session Notes/Session 35.md",
    "Notes/Session Notes/Session 36.md",
    "Notes/Session Notes/Session 37.md",
    "Notes/Session Notes/Session 38.md",
    "Notes/Session Notes/Session 39.md",
    "Notes/Session Notes/Session 4.md",
    "Notes/Session Notes/Session 40.md",
    "Notes/Session Notes/Session 5.md",
    "Notes/Session Notes/Session 6.md",
    "Notes/Session Notes/Session 7.md",
    "Notes/Session Notes/Session 8-9.md",
    "Notes/Session Prep/Session 0.md",
    "Notes/Session Prep/Session 1.md",
    "Notes/Session Prep/Session 10.md",
    "Notes/Session Prep/Session 11.md",
    "Notes/Session Prep/Session 12.md",
    "Notes/Session Prep/Session 13.md",
    "Notes/Session Prep/Session 14.md",
    "Notes/Session Prep/Session 15.md",
    "Notes/Session Prep/Session 16.md",
    "Notes/Session Prep/Session 17.md",
    "Notes/Session Prep/Session 18.md",
    "Notes/Session Prep/Session 2.md",
    "Notes/Session Prep/Session 20.md",
    "Notes/Session Prep/Session 21.md",
    "Notes/Session Prep/Session 22.md",
    "Notes/Session Prep/Session 23.md",
    "Notes/Session Prep/Session 25.md",
    "Notes/Session Prep/Session 26.md",
    "Notes/Session Prep/Session 27.md",
    "Notes/Session Prep/Session 28.md",
    "Notes/Session Prep/Session 29.md",
    "Notes/Session Prep/Session 3.md",
    "Notes/Session Prep/Session 30.md",
    "Notes/Session Prep/Session 31.md",
    "Notes/Session Prep/Session 32.md",
    "Notes/Session Prep/Session 33.md",
    "Notes/Session Prep/Session 34.md",
    "Notes/Session Prep/Session 35.md",
    "Notes/Session Prep/Session 36.md",
    "Notes/Session Prep/Session 37.md",
    "Notes/Session Prep/Session 38.md",
    "Notes/Session Prep/Session 39.md",
    "Notes/Session Prep/Session 4.md",
    "Notes/Session Prep/Session 40.md",
    "Notes/Session Prep/Session 41.md",
    "Notes/Session Prep/Session 7.md",
    "Notes/TODO.md",
    "Notes/Unlisted Handouts.md",
    "Notes/Website/.DS_Store",
    "Notes/Website/AWSCLIV2.pkg",
    "Notes/Website/favicon.ico",
    "Notes/Website/scripts/clean-notes.py",
    "Notes/Website/scripts/clean-notes.sh",
    "Notes/Website/scripts/fix-broken-urls.py",
    "Notes/Website/scripts/publish.sh",
    "Notes/Website/scripts/re-root-urls.py",
    "Notes/Website/styles.css",
    "Notes/Website/webpage-html-export-stuff/custom-head-content.html",
    "Roadmap.canvas",
    "reference/Abilities.md",
    "reference/Ability Checks.md",
    "reference/Actions in Combat.md",
    "reference/Advantage and Disadvantage.md",
    "reference/Adventuring Gear.md",
    "reference/Alignment.md",
    "reference/Among the Dead.md",
    "reference/Armor.md",
    "reference/Artifacts.md",
    "reference/Backgrounds.md",
    "reference/Barbarian.md",
    "reference/Bard.md",
    "reference/Between Adventures.md",
    "reference/Cantrips.md",
    "reference/Casting a Spell.md",
    "reference/Class Features.md",
    "reference/Cleric.md",
    "reference/Combat.md",
    "reference/Combining Magical Effects.md",
    "reference/Conditions.md",
    "reference/Creatures.md",
    "reference/Customizing NPCs.md",
    "reference/Dragonborn.md",
    "reference/Druid.md",
    "reference/Dwarf.md",
    "reference/Elf.md",
    "reference/Equipment.md",
    "reference/Exhaustion.md",
    "reference/Expenses.md",
    "reference/Feats.md",
    "reference/Fighter.md",
    "reference/Gnome.md",
    "reference/Half-Elf.md",
    "reference/Half-Orc.md",
    "reference/Halfling.md",
    "reference/Human.md",
    "reference/Inspiration.md",
    "reference/Languages.md",
    "reference/Legendary Creatures.md",
    "reference/Magic Items.md",
    "reference/Making an Attack.md",
    "reference/Monk.md",
    "reference/Monster Statistics.md",
    "reference/Monsters.md",
    "reference/Mounted Combat.md",
    "reference/Mounts and Vehicles.md",
    "reference/Movement and Position.md",
    "reference/Movement.md",
    "reference/Multiclassing.md",
    "reference/NPCs.md",
    "reference/Paladin.md",
    "reference/Pantheons.md",
    "reference/Planes.md",
    "reference/Poison needle trap.md",
    "reference/Proficiency Bonus.md",
    "reference/Races.md",
    "reference/Ranger.md",
    "reference/Reactions.md",
    "reference/Resting.md",
    "reference/Rituals.md",
    "reference/Rogue.md",
    "reference/Saving Throws.md",
    "reference/Sentient Magic.md",
    "reference/Situational Rules.md",
    "reference/Sorcerer.md",
    "reference/Spell Attack Rolls.md",
    "reference/Spell Saving Throws.md",
    "reference/Spellcasting.md",
    "reference/Spells.md",
    "reference/The Environment.md",
    "reference/Tiefling.md",
    "reference/Time.md",
    "reference/Tools.md",
    "reference/Trade Goods.md",
    "reference/Treasure.md",
    "reference/Underwater Combat.md",
    "reference/Vision and Light.md",
    "reference/Warlock.md",
    "reference/Weapons.md",
    "reference/Wizard.md",
    "reference/creatures/Ape.md",
    "reference/creatures/Awakened Shrub.md",
    "reference/creatures/Awakened Tree.md",
    "reference/creatures/Axe Beak.md",
    "reference/creatures/Baboon.md",
    "reference/creatures/Badger.md",
    "reference/creatures/Bat.md",
    "reference/creatures/Black Bear.md",
    "reference/creatures/Blink Dog.md",
    "reference/creatures/Blood Hawk.md",
    "reference/creatures/Boar.md",
    "reference/creatures/Brown Bear.md",
    "reference/creatures/Camel.md",
    "reference/creatures/Cat.md",
    "reference/creatures/Constrictor Snake.md",
    "reference/creatures/Crab.md",
    "reference/creatures/Crocodile.md",
    "reference/creatures/Death Dog.md",
    "reference/creatures/Deer.md",
    "reference/creatures/Dire Wolf.md",
    "reference/creatures/Draft Horse.md",
    "reference/creatures/Eagle.md",
    "reference/creatures/Elephant.md",
    "reference/creatures/Elk.md",
    "reference/creatures/Flying Snake.md",
    "reference/creatures/Frog.md",
    "reference/creatures/Giant Ape.md",
    "reference/creatures/Giant Badger.md",
    "reference/creatures/Giant Bat.md",
    "reference/creatures/Giant Boar.md",
    "reference/creatures/Giant Centipede.md",
    "reference/creatures/Giant Constrictor Snake.md",
    "reference/creatures/Giant Crab.md",
    "reference/creatures/Giant Crocodile.md",
    "reference/creatures/Giant Eagle.md",
    "reference/creatures/Giant Elk.md",
    "reference/creatures/Giant Fire Beetle.md",
    "reference/creatures/Giant Frog.md",
    "reference/creatures/Giant Goat.md",
    "reference/creatures/Giant Hyena.md",
    "reference/creatures/Giant Lizard.md",
    "reference/creatures/Giant Octopus.md",
    "reference/creatures/Giant Owl.md",
    "reference/creatures/Giant Poisonous Snake.md",
    "reference/creatures/Giant Rat.md",
    "reference/creatures/Giant Scorpion.md",
    "reference/creatures/Giant Sea Horse.md",
    "reference/creatures/Giant Shark.md",
    "reference/creatures/Giant Spider.md",
    "reference/creatures/Giant Toad.md",
    "reference/creatures/Giant Vulture.md",
    "reference/creatures/Giant Wasp.md",
    "reference/creatures/Giant Weasel.md",
    "reference/creatures/Giant Wolf Spider.md",
    "reference/creatures/Goat.md",
    "reference/creatures/Hawk.md",
    "reference/creatures/Hunter Shark.md",
    "reference/creatures/Hyena.md",
    "reference/creatures/Jackal.md",
    "reference/creatures/Killer Whale.md",
    "reference/creatures/Lion.md",
    "reference/creatures/Lizard.md",
    "reference/creatures/Mammoth.md",
    "reference/creatures/Mastiff.md",
    "reference/creatures/Mule.md",
    "reference/creatures/Octopus.md",
    "reference/creatures/Owl.md",
    "reference/creatures/Panther.md",
    "reference/creatures/Phase Spider.md",
    "reference/creatures/Poisonous Snake.md",
    "reference/creatures/Polar Bear.md",
    "reference/creatures/Pony.md",
    "reference/creatures/Quipper.md",
    "reference/creatures/Rat.md",
    "reference/creatures/Raven.md",
    "reference/creatures/Reef Shark.md",
    "reference/creatures/Rhinoceros.md",
    "reference/creatures/Riding Horse.md",
    "reference/creatures/Saber-Toothed Tiger.md",
    "reference/creatures/Scorpion.md",
    "reference/creatures/Sea Horse.md",
    "reference/creatures/Spider.md",
    "reference/creatures/Swarm of Bats.md",
    "reference/creatures/Swarm of Insects.md",
    "reference/creatures/Swarm of Poisonous Snakes.md",
    "reference/creatures/Swarm of Quippers.md",
    "reference/creatures/Swarm of Rats.md",
    "reference/creatures/Swarm of Ravens.md",
    "reference/creatures/Tiger.md",
    "reference/creatures/Vulture.md",
    "reference/creatures/Warhorse.md",
    "reference/creatures/Weasel.md",
    "reference/creatures/Winter Wolf.md",
    "reference/creatures/Wolf.md",
    "reference/creatures/Worg.md",
    "reference/items/Adamantine Armor.md",
    "reference/items/Ammunition, +1, +2, or +3.md",
    "reference/items/Amulet of Health.md",
    "reference/items/Amulet of Proof against Detection and Location.md",
    "reference/items/Amulet of the Planes.md",
    "reference/items/Animated Shield.md",
    "reference/items/Apparatus of the Crab.md",
    "reference/items/Armor of Invulnerability.md",
    "reference/items/Armor of Resistance.md",
    "reference/items/Armor of Vulnerability.md",
    "reference/items/Armor, +1, +2, or +3.md",
    "reference/items/Arrow of Slaying.md",
    "reference/items/Arrow-Catching Shield.md",
    "reference/items/Bag of Beans.md",
    "reference/items/Bag of Devouring.md",
    "reference/items/Bag of Holding.md",
    "reference/items/Bag of Tricks.md",
    "reference/items/Bead of Force.md",
    "reference/items/Belt of Dwarvenkind.md",
    "reference/items/Belt of Giant Strength.md",
    "reference/items/Berserker Axe.md",
    "reference/items/Boots of Elvenkind.md",
    "reference/items/Boots of Levitation.md",
    "reference/items/Boots of Speed.md",
    "reference/items/Boots of Striding and Springing.md",
    "reference/items/Boots of the Winterlands.md",
    "reference/items/Bowl of Commanding Water Elementals.md",
    "reference/items/Bracers of Archery.md",
    "reference/items/Bracers of Defense.md",
    "reference/items/Brazier of Commanding Fire Elementals.md",
    "reference/items/Brooch of Shielding.md",
    "reference/items/Broom of Flying.md",
    "reference/items/Candle of Invocation.md",
    "reference/items/Cape of the Mountebank.md",
    "reference/items/Carpet of Flying.md",
    "reference/items/Censer of Controlling Air Elementals.md",
    "reference/items/Chime of Opening.md",
    "reference/items/Circlet of Blasting.md",
    "reference/items/Cloak of Arachnida.md",
    "reference/items/Cloak of Displacement.md",
    "reference/items/Cloak of Elvenkind.md",
    "reference/items/Cloak of Protection.md",
    "reference/items/Cloak of the Bat.md",
    "reference/items/Cloak of the Manta Ray.md",
    "reference/items/Crystal Ball.md",
    "reference/items/Cube of Force.md",
    "reference/items/Cubic Gate.md",
    "reference/items/Dagger of Venom.md",
    "reference/items/Dancing Sword.md",
    "reference/items/Decanter of Endless Water.md",
    "reference/items/Deck of Illusions.md",
    "reference/items/Deck of Many Things.md",
    "reference/items/Defender.md",
    "reference/items/Demon Armor.md",
    "reference/items/Dimensional Shackles.md",
    "reference/items/Dragon Scale Mail.md",
    "reference/items/Dragon Slayer.md",
    "reference/items/Dust of Disappearance.md",
    "reference/items/Dust of Dryness.md",
    "reference/items/Dust of Sneezing and Choking.md",
    "reference/items/Dwarven Plate.md",
    "reference/items/Dwarven Thrower.md",
    "reference/items/Efficient Quiver.md",
    "reference/items/Efreeti Bottle.md",
    "reference/items/Elemental Gem.md",
    "reference/items/Elixir of Health.md",
    "reference/items/Elven Chain.md",
    "reference/items/Eversmoking Bottle.md",
    "reference/items/Eyes of Charming.md",
    "reference/items/Eyes of Minute Seeing.md",
    "reference/items/Eyes of the Eagle.md",
    "reference/items/Feather Token.md",
    "reference/items/Figurine of Wondrous Power.md",
    "reference/items/Flame Tongue.md",
    "reference/items/Folding Boat.md",
    "reference/items/Frost Brand.md",
    "reference/items/Gauntlets of Ogre Power.md",
    "reference/items/Gem of Brightness.md",
    "reference/items/Gem of Seeing.md",
    "reference/items/Giant Slayer.md",
    "reference/items/Glamoured Studded Leather.md",
    "reference/items/Gloves of Missile Snaring.md",
    "reference/items/Gloves of Swimming and Climbing.md",
    "reference/items/Goggles of Night.md",
    "reference/items/Hammer of Thunderbolts.md",
    "reference/items/Handy Haversack.md",
    "reference/items/Hat of Disguise.md",
    "reference/items/Headband of Intellect.md",
    "reference/items/Helm of Brilliance.md",
    "reference/items/Helm of Comprehending Languages.md",
    "reference/items/Helm of Telepathy.md",
    "reference/items/Helm of Teleportation.md",
    "reference/items/Holy Avenger.md",
    "reference/items/Horn of Blasting.md",
    "reference/items/Horn of Valhalla.md",
    "reference/items/Horseshoes of Speed.md",
    "reference/items/Horseshoes of a Zephyr.md",
    "reference/items/Immovable Rod.md",
    "reference/items/Instant Fortress.md",
    "reference/items/Ioun Stone.md",
    "reference/items/Iron Bands of Binding.md",
    "reference/items/Iron Flask.md",
    "reference/items/Javelin of Lightning.md",
    "reference/items/Lantern of Revealing.md",
    "reference/items/Luck Blade.md",
    "reference/items/Mace of Disruption.md",
    "reference/items/Mace of Smiting.md",
    "reference/items/Mace of Terror.md",
    "reference/items/Mantle of Spell Resistance.md",
    "reference/items/Manual of Bodily Health.md",
    "reference/items/Manual of Gainful Exercise.md",
    "reference/items/Manual of Golems.md",
    "reference/items/Manual of Quickness of Action.md",
    "reference/items/Marvelous Pigments.md",
    "reference/items/Medallion of Thoughts.md",
    "reference/items/Mirror of Life Trapping.md",
    "reference/items/Mithral Armor.md",
    "reference/items/Necklace of Adaptation.md",
    "reference/items/Necklace of Fireballs.md",
    "reference/items/Necklace of Prayer Beads.md",
    "reference/items/Nine Lives Stealer.md",
    "reference/items/Oathbow.md",
    "reference/items/Oil of Etherealness.md",
    "reference/items/Oil of Sharpness.md",
    "reference/items/Oil of Slipperiness.md",
    "reference/items/Pearl of Power.md",
    "reference/items/Periapt of Health.md",
    "reference/items/Periapt of Proof against Poison.md",
    "reference/items/Periapt of Wound Closure.md",
    "reference/items/Philter of Love.md",
    "reference/items/Pipes of Haunting.md",
    "reference/items/Pipes of the Sewers.md",
    "reference/items/Plate Armor of Etherealness.md",
    "reference/items/Portable Hole.md",
    "reference/items/Potion of Animal Friendship.md",
    "reference/items/Potion of Clairvoyance.md",
    "reference/items/Potion of Climbing.md",
    "reference/items/Potion of Diminution.md",
    "reference/items/Potion of Flying.md",
    "reference/items/Potion of Gaseous Form.md",
    "reference/items/Potion of Giant Strength.md",
    "reference/items/Potion of Growth.md",
    "reference/items/Potion of Healing.md",
    "reference/items/Potion of Heroism.md",
    "reference/items/Potion of Invisibility.md",
    "reference/items/Potion of Mind Reading.md",
    "reference/items/Potion of Poison.md",
    "reference/items/Potion of Resistance.md",
    "reference/items/Potion of Speed.md",
    "reference/items/Potion of Water Breathing.md",
    "reference/items/Restorative Ointment.md",
    "reference/items/Ring of Animal Influence.md",
    "reference/items/Ring of Djinni Summoning.md",
    "reference/items/Ring of Elemental Command.md",
    "reference/items/Ring of Evasion.md",
    "reference/items/Ring of Feather Falling.md",
    "reference/items/Ring of Free Action.md",
    "reference/items/Ring of Invisibility.md",
    "reference/items/Ring of Jumping.md",
    "reference/items/Ring of Mind Shielding.md",
    "reference/items/Ring of Protection.md",
    "reference/items/Ring of Regeneration.md",
    "reference/items/Ring of Resistance.md",
    "reference/items/Ring of Shooting Stars.md",
    "reference/items/Ring of Spell Storing.md",
    "reference/items/Ring of Spell Turning.md",
    "reference/items/Ring of Swimming.md",
    "reference/items/Ring of Telekinesis.md",
    "reference/items/Ring of Three Wishes.md",
    "reference/items/Ring of Warmth.md",
    "reference/items/Ring of Water Walking.md",
    "reference/items/Ring of X-ray Vision.md",
    "reference/items/Ring of the Ram.md",
    "reference/items/Robe of Eyes.md",
    "reference/items/Robe of Scintillating Colors.md",
    "reference/items/Robe of Stars.md",
    "reference/items/Robe of Useful Items.md",
    "reference/items/Robe of the Archmagi.md",
    "reference/items/Rod of Absorption.md",
    "reference/items/Rod of Alertness.md",
    "reference/items/Rod of Lordly Might.md",
    "reference/items/Rod of Rulership.md",
    "reference/items/Rod of Security.md",
    "reference/items/Rope of Climbing.md",
    "reference/items/Rope of Entanglement.md",
    "reference/items/Scarab of Protection.md",
    "reference/items/Scimitar of Speed.md",
    "reference/items/Shield of Missile Attraction.md",
    "reference/items/Shield, +1, +2, or +3.md",
    "reference/items/Slippers of Spider Climbing.md",
    "reference/items/Sovereign Glue.md",
    "reference/items/Spell Scroll.md",
    "reference/items/Spellguard Shield.md",
    "reference/items/Sphere of Annihilation.md",
    "reference/items/Staff of Charming.md",
    "reference/items/Staff of Fire.md",
    "reference/items/Staff of Frost.md",
    "reference/items/Staff of Healing.md",
    "reference/items/Staff of Power.md",
    "reference/items/Staff of Striking.md",
    "reference/items/Staff of Swarming Insects.md",
    "reference/items/Staff of Thunder and Lightning.md",
    "reference/items/Staff of Withering.md",
    "reference/items/Staff of the Magi.md",
    "reference/items/Staff of the Python.md",
    "reference/items/Staff of the Woodlands.md",
    "reference/items/Stone of Controlling Earth Elementals.md",
    "reference/items/Stone of Good Luck (Luckstone).md",
    "reference/items/Sun Blade.md",
    "reference/items/Sword of Life Stealing.md",
    "reference/items/Sword of Sharpness.md",
    "reference/items/Sword of Wounding.md",
    "reference/items/Talisman of Pure Good.md",
    "reference/items/Talisman of Ultimate Evil.md",
    "reference/items/Talisman of the Sphere.md",
    "reference/items/Tome of Clear Thought.md",
    "reference/items/Tome of Leadership and Influence.md",
    "reference/items/Tome of Understanding.md",
    "reference/items/Trident of Fish Command.md",
    "reference/items/Universal Solvent.md",
    "reference/items/Vicious Weapon.md",
    "reference/items/Vorpal Sword.md",
    "reference/items/Wand of Binding.md",
    "reference/items/Wand of Enemy Detection.md",
    "reference/items/Wand of Fear.md",
    "reference/items/Wand of Fireballs.md",
    "reference/items/Wand of Lightning Bolts.md",
    "reference/items/Wand of Magic Detection.md",
    "reference/items/Wand of Magic Missiles.md",
    "reference/items/Wand of Paralysis.md",
    "reference/items/Wand of Polymorph.md",
    "reference/items/Wand of Secrets.md",
    "reference/items/Wand of Web.md",
    "reference/items/Wand of Wonder.md",
    "reference/items/Wand of the War Mage, +1, +2, or +3.md",
    "reference/items/Weapon, +1, +2, or +3.md",
    "reference/items/Well of Many Worlds.md",
    "reference/items/Wind Fan.md",
    "reference/items/Winged Boots.md",
    "reference/items/Wings of Flying.md",
    "reference/monsters/Aboleth.md",
    "reference/monsters/Angels.md",
    "reference/monsters/Animated Objects.md",
    "reference/monsters/Ankheg.md",
    "reference/monsters/Azer.md",
    "reference/monsters/Basilisk.md",
    "reference/monsters/Behir.md",
    "reference/monsters/Bugbear.md",
    "reference/monsters/Bulette.md",
    "reference/monsters/Centaur.md",
    "reference/monsters/Chimera.md",
    "reference/monsters/Chuul.md",
    "reference/monsters/Cloaker.md",
    "reference/monsters/Cockatrice.md",
    "reference/monsters/Couatl.md",
    "reference/monsters/Darkmantle.md",
    "reference/monsters/Demons.md",
    "reference/monsters/Devils.md",
    "reference/monsters/Dinosaurs.md",
    "reference/monsters/Doppelganger.md",
    "reference/monsters/Dragon Turtle.md",
    "reference/monsters/Dragons, Chromatic.md",
    "reference/monsters/Dragons, Metallic.md",
    "reference/monsters/Drider.md",
    "reference/monsters/Dryad.md",
    "reference/monsters/Duergar.md",
    "reference/monsters/Elementals.md",
    "reference/monsters/Elf, Drow.md",
    "reference/monsters/Ettercap.md",
    "reference/monsters/Ettin.md",
    "reference/monsters/Fungi.md",
    "reference/monsters/Gargoyle.md",
    "reference/monsters/Genies.md",
    "reference/monsters/Ghast.md",
    "reference/monsters/Ghost.md",
    "reference/monsters/Ghouls.md",
    "reference/monsters/Giants.md",
    "reference/monsters/Gibbering Mouther.md",
    "reference/monsters/Gnoll.md",
    "reference/monsters/Gnome, Deep (Svirfneblin).md",
    "reference/monsters/Goblin.md",
    "reference/monsters/Golems.md",
    "reference/monsters/Gorgon.md",
    "reference/monsters/Grick.md",
    "reference/monsters/Griffon.md",
    "reference/monsters/Grimlock.md",
    "reference/monsters/Hags.md",
    "reference/monsters/Half-Dragon Template.md",
    "reference/monsters/Harpy.md",
    "reference/monsters/Hell Hound.md",
    "reference/monsters/Hippogriff.md",
    "reference/monsters/Hobgoblin.md",
    "reference/monsters/Homunculus.md",
    "reference/monsters/Hydra.md",
    "reference/monsters/Invisible Stalker.md",
    "reference/monsters/Kobold.md",
    "reference/monsters/Kraken.md",
    "reference/monsters/Lamia.md",
    "reference/monsters/Lich.md",
    "reference/monsters/Lizardfolk.md",
    "reference/monsters/Lycanthropes.md",
    "reference/monsters/Magmin.md",
    "reference/monsters/Manticore.md",
    "reference/monsters/Medusa.md",
    "reference/monsters/Mephits.md",
    "reference/monsters/Merfolk.md",
    "reference/monsters/Merrow.md",
    "reference/monsters/Mimic.md",
    "reference/monsters/Minotaur.md",
    "reference/monsters/Mummies.md",
    "reference/monsters/Nagas.md",
    "reference/monsters/Nightmare.md",
    "reference/monsters/Ogre.md",
    "reference/monsters/Oni.md",
    "reference/monsters/Oozes.md",
    "reference/monsters/Orc.md",
    "reference/monsters/Otyugh.md",
    "reference/monsters/Owlbear.md",
    "reference/monsters/Pegasus.md",
    "reference/monsters/Pseudodragon.md",
    "reference/monsters/Purple Worm.md",
    "reference/monsters/Rakshasa.md",
    "reference/monsters/Remorhaz.md",
    "reference/monsters/Roc.md",
    "reference/monsters/Roper.md",
    "reference/monsters/Rust Monster.md",
    "reference/monsters/Sahuagin.md",
    "reference/monsters/Salamander.md",
    "reference/monsters/Satyr.md",
    "reference/monsters/Shadow.md",
    "reference/monsters/Shambling Mound.md",
    "reference/monsters/Shield Guardian.md",
    "reference/monsters/Skeletons.md",
    "reference/monsters/Specter.md",
    "reference/monsters/Sphinxes.md",
    "reference/monsters/Sprite.md",
    "reference/monsters/Stirge.md",
    "reference/monsters/Succubus slash Incubus.md",
    "reference/monsters/Tarrasque.md",
    "reference/monsters/Treant.md",
    "reference/monsters/Troll.md",
    "reference/monsters/Unicorn.md",
    "reference/monsters/Vampires.md",
    "reference/monsters/Wight.md",
    "reference/monsters/Will-o-Wisp.md",
    "reference/monsters/Wraith.md",
    "reference/monsters/Wyvern.md",
    "reference/monsters/Xorn.md",
    "reference/monsters/Zombies.md",
    "reference/npcs/Acolyte.md",
    "reference/npcs/Archmage.md",
    "reference/npcs/Assassin.md",
    "reference/npcs/Bandit Captain.md",
    "reference/npcs/Bandit.md",
    "reference/npcs/Berserker.md",
    "reference/npcs/Commoner.md",
    "reference/npcs/Cult Fanatic.md",
    "reference/npcs/Cultist.md",
    "reference/npcs/Druid (NPC).md",
    "reference/npcs/Gladiator.md",
    "reference/npcs/Guard.md",
    "reference/npcs/Knight.md",
    "reference/npcs/Mage.md",
    "reference/npcs/Noble.md",
    "reference/npcs/Priest.md",
    "reference/npcs/Scout.md",
    "reference/npcs/Spy.md",
    "reference/npcs/Thug.md",
    "reference/npcs/Tribal Warrior.md",
    "reference/npcs/Veteran.md",
    "reference/spells/Acid Arrow.md",
    "reference/spells/Acid Splash.md",
    "reference/spells/Aid.md",
    "reference/spells/Alarm.md",
    "reference/spells/Alter Self.md",
    "reference/spells/Animal Friendship.md",
    "reference/spells/Animal Messenger.md",
    "reference/spells/Animal Shapes.md",
    "reference/spells/Animate Dead.md",
    "reference/spells/Animate Objects.md",
    "reference/spells/Antilife Shell.md",
    "reference/spells/Antimagic Field.md",
    "reference/spells/Antipathy slash Sympathy.md",
    "reference/spells/Arcane Eye.md",
    "reference/spells/Arcane Hand.md",
    "reference/spells/Arcane Lock.md",
    "reference/spells/Arcane Sword.md",
    "reference/spells/Arcanists Magic Aura.md",
    "reference/spells/Astral Projection.md",
    "reference/spells/Augury.md",
    "reference/spells/Awaken.md",
    "reference/spells/Bane.md",
    "reference/spells/Banishment.md",
    "reference/spells/Barkskin.md",
    "reference/spells/Beacon of Hope.md",
    "reference/spells/Bestow Curse.md",
    "reference/spells/Bigby's Hand.md",
    "reference/spells/Black Tentacles.md",
    "reference/spells/Blade Barrier.md",
    "reference/spells/Bless.md",
    "reference/spells/Blight.md",
    "reference/spells/Blinding Smite.md",
    "reference/spells/Blindness slash Deafness.md",
    "reference/spells/Blink.md",
    "reference/spells/Blur.md",
    "reference/spells/Branding Smite.md",
    "reference/spells/Burning Hands.md",
    "reference/spells/Call Lightning.md",
    "reference/spells/Calm Emotions.md",
    "reference/spells/Chain Lightning.md",
    "reference/spells/Charm Person.md",
    "reference/spells/Chill Touch.md",
    "reference/spells/Circle of Death.md",
    "reference/spells/Clairvoyance.md",
    "reference/spells/Clone.md",
    "reference/spells/Cloudkill.md",
    "reference/spells/Color Spray.md",
    "reference/spells/Command.md",
    "reference/spells/Commune with Nature.md",
    "reference/spells/Commune.md",
    "reference/spells/Comprehend Languages.md",
    "reference/spells/Compulsion.md",
    "reference/spells/Cone of Cold.md",
    "reference/spells/Confusion.md",
    "reference/spells/Conjure Animals.md",
    "reference/spells/Conjure Celestial.md",
    "reference/spells/Conjure Elemental.md",
    "reference/spells/Conjure Fey.md",
    "reference/spells/Conjure Minor Elementals.md",
    "reference/spells/Conjure Woodland Beings.md",
    "reference/spells/Contact Other Plane.md",
    "reference/spells/Contagion.md",
    "reference/spells/Contingency.md",
    "reference/spells/Continual Flame.md",
    "reference/spells/Control Water.md",
    "reference/spells/Control Weather.md",
    "reference/spells/Counterspell.md",
    "reference/spells/Create Food and Water.md",
    "reference/spells/Create Undead.md",
    "reference/spells/Create or Destroy Water.md",
    "reference/spells/Creation.md",
    "reference/spells/Crown of Madness.md",
    "reference/spells/Cure Wounds.md",
    "reference/spells/Dancing Lights.md",
    "reference/spells/Darkness.md",
    "reference/spells/Darkvision.md",
    "reference/spells/Daylight.md",
    "reference/spells/Death Ward.md",
    "reference/spells/Delayed Blast Fireball.md",
    "reference/spells/Demiplane.md",
    "reference/spells/Detect Evil and Good.md",
    "reference/spells/Detect Magic.md",
    "reference/spells/Detect Poison and Disease.md",
    "reference/spells/Detect Thoughts.md",
    "reference/spells/Dimension Door.md",
    "reference/spells/Disguise Self.md",
    "reference/spells/Disintegrate.md",
    "reference/spells/Dispel Evil and Good.md",
    "reference/spells/Dispel Magic.md",
    "reference/spells/Divination.md",
    "reference/spells/Divine Favor.md",
    "reference/spells/Divine Word.md",
    "reference/spells/Dominate Beast.md",
    "reference/spells/Dominate Monster.md",
    "reference/spells/Dominate Person.md",
    "reference/spells/Dream.md",
    "reference/spells/Druidcraft.md",
    "reference/spells/Earth Tremor.md",
    "reference/spells/Earthquake.md",
    "reference/spells/Eldritch Blast.md",
    "reference/spells/Enhance Ability.md",
    "reference/spells/Enlarge slash Reduce.md",
    "reference/spells/Entangle.md",
    "reference/spells/Enthrall.md",
    "reference/spells/Etherealness.md",
    "reference/spells/Evard's Black Tentacles.md",
    "reference/spells/Expeditious Retreat.md",
    "reference/spells/Eyebite.md",
    "reference/spells/Fabricate.md",
    "reference/spells/Faerie Fire.md",
    "reference/spells/Faithful Hound.md",
    "reference/spells/False Life.md",
    "reference/spells/Fear.md",
    "reference/spells/Feather Fall.md",
    "reference/spells/Feeblemind.md",
    "reference/spells/Find Familiar.md",
    "reference/spells/Find Steed.md",
    "reference/spells/Find Traps.md",
    "reference/spells/Find the Path.md",
    "reference/spells/Finger of Death.md",
    "reference/spells/Fire Bolt.md",
    "reference/spells/Fire Shield.md",
    "reference/spells/Fire Storm.md",
    "reference/spells/Fireball.md",
    "reference/spells/Flame Blade.md",
    "reference/spells/Flame Strike.md",
    "reference/spells/Flaming Sphere.md",
    "reference/spells/Flesh to Stone.md",
    "reference/spells/Floating Disk.md",
    "reference/spells/Fly.md",
    "reference/spells/Fog Cloud.md",
    "reference/spells/Forbiddance.md",
    "reference/spells/Forcecage.md",
    "reference/spells/Foresight.md",
    "reference/spells/Freedom of Movement.md",
    "reference/spells/Freezing Sphere.md",
    "reference/spells/Gaseous Form.md",
    "reference/spells/Gate.md",
    "reference/spells/Geas.md",
    "reference/spells/Gentle Repose.md",
    "reference/spells/Giant Insect.md",
    "reference/spells/Glibness.md",
    "reference/spells/Globe of Invulnerability.md",
    "reference/spells/Glyph of Warding.md",
    "reference/spells/Goodberry.md",
    "reference/spells/Grease.md",
    "reference/spells/Greater Invisibility.md",
    "reference/spells/Greater Restoration.md",
    "reference/spells/Guards and Wards.md",
    "reference/spells/Guidance.md",
    "reference/spells/Guiding Bolt.md",
    "reference/spells/Gust of Wind.md",
    "reference/spells/Hallow.md",
    "reference/spells/Hallucinatory Terrain.md",
    "reference/spells/Harm.md",
    "reference/spells/Haste.md",
    "reference/spells/Heal.md",
    "reference/spells/Healing Word.md",
    "reference/spells/Heat Metal.md",
    "reference/spells/Hellish Rebuke.md",
    "reference/spells/Heroes Feast.md",
    "reference/spells/Heroism.md",
    "reference/spells/Hideous Laughter.md",
    "reference/spells/Hold Monster.md",
    "reference/spells/Hold Person.md",
    "reference/spells/Holy Aura.md",
    "reference/spells/Hunter’s Mark.md",
    "reference/spells/Hypnotic Pattern.md",
    "reference/spells/Ice Storm.md",
    "reference/spells/Identify.md",
    "reference/spells/Illusory Script.md",
    "reference/spells/Imprisonment.md",
    "reference/spells/Incendiary Cloud.md",
    "reference/spells/Infestation.md",
    "reference/spells/Inflict Wounds.md",
    "reference/spells/Insect Plague.md",
    "reference/spells/Instant Summons.md",
    "reference/spells/Invisibility.md",
    "reference/spells/Irresistible Dance.md",
    "reference/spells/Jump.md",
    "reference/spells/Knock.md",
    "reference/spells/Legend Lore.md",
    "reference/spells/Lesser Restoration.md",
    "reference/spells/Levitate.md",
    "reference/spells/Light.md",
    "reference/spells/Lightning Bolt.md",
    "reference/spells/Locate Animals or Plants.md",
    "reference/spells/Locate Creature.md",
    "reference/spells/Locate Object.md",
    "reference/spells/Longstrider.md",
    "reference/spells/Mage Armor.md",
    "reference/spells/Mage Hand.md",
    "reference/spells/Magic Circle.md",
    "reference/spells/Magic Jar.md",
    "reference/spells/Magic Missile.md",
    "reference/spells/Magic Mouth.md",
    "reference/spells/Magic Weapon.md",
    "reference/spells/Magnificent Mansion.md",
    "reference/spells/Major Image.md",
    "reference/spells/Mass Cure Wounds.md",
    "reference/spells/Mass Heal.md",
    "reference/spells/Mass Healing Word.md",
    "reference/spells/Mass Suggestion.md",
    "reference/spells/Maximilian's Earthen Grasp.md",
    "reference/spells/Maze.md",
    "reference/spells/Meld into Stone.md",
    "reference/spells/Mending.md",
    "reference/spells/Message.md",
    "reference/spells/Meteor Swarm.md",
    "reference/spells/Mind Blank.md",
    "reference/spells/Minor Illusion.md",
    "reference/spells/Mirage Arcane.md",
    "reference/spells/Mirror Image.md",
    "reference/spells/Mislead.md",
    "reference/spells/Misty Step.md",
    "reference/spells/Modify Memory.md",
    "reference/spells/Moonbeam.md",
    "reference/spells/Mordenkainen's Faithful Hound.md",
    "reference/spells/Mordenkainen's Magnificent Mansion.md",
    "reference/spells/Move Earth.md",
    "reference/spells/Nondetection.md",
    "reference/spells/Pass without Trace.md",
    "reference/spells/Passwall.md",
    "reference/spells/Phantasmal Killer.md",
    "reference/spells/Phantom Steed.md",
    "reference/spells/Planar Ally.md",
    "reference/spells/Planar Binding.md",
    "reference/spells/Plane Shift.md",
    "reference/spells/Plant Growth.md",
    "reference/spells/Poison Spray.md",
    "reference/spells/Polymorph.md",
    "reference/spells/Power Word Kill.md",
    "reference/spells/Power Word Stun.md",
    "reference/spells/Prayer of Healing.md",
    "reference/spells/Prestidigitation.md",
    "reference/spells/Prismatic Spray.md",
    "reference/spells/Prismatic Wall.md",
    "reference/spells/Private Sanctum.md",
    "reference/spells/Produce Flame.md",
    "reference/spells/Programmed Illusion.md",
    "reference/spells/Project Image.md",
    "reference/spells/Protection from Energy.md",
    "reference/spells/Protection from Evil and Good.md",
    "reference/spells/Protection from Poison.md",
    "reference/spells/Purify Food and Drink.md",
    "reference/spells/Raise Dead.md",
    "reference/spells/Ray of Enfeeblement.md",
    "reference/spells/Ray of Frost.md",
    "reference/spells/Ray of Sickness.md",
    "reference/spells/Regenerate.md",
    "reference/spells/Reincarnate.md",
    "reference/spells/Remove Curse.md",
    "reference/spells/Resilient Sphere.md",
    "reference/spells/Resistance.md",
    "reference/spells/Resurrection.md",
    "reference/spells/Reverse Gravity.md",
    "reference/spells/Revivify.md",
    "reference/spells/Rope Trick.md",
    "reference/spells/Sacred Flame.md",
    "reference/spells/Sanctuary.md",
    "reference/spells/Scorching Ray.md",
    "reference/spells/Scrying.md",
    "reference/spells/Secret Chest.md",
    "reference/spells/See Invisibility.md",
    "reference/spells/Seeming.md",
    "reference/spells/Sending.md",
    "reference/spells/Sequester.md",
    "reference/spells/Shapechange.md",
    "reference/spells/Shatter.md",
    "reference/spells/Shield of Faith.md",
    "reference/spells/Shield.md",
    "reference/spells/Shillelagh.md",
    "reference/spells/Shocking Grasp.md",
    "reference/spells/Silence.md",
    "reference/spells/Silent Image.md",
    "reference/spells/Simulacrum.md",
    "reference/spells/Sleep.md",
    "reference/spells/Sleet Storm.md",
    "reference/spells/Slow.md",
    "reference/spells/Spare the Dying.md",
    "reference/spells/Speak with Animals.md",
    "reference/spells/Speak with Dead.md",
    "reference/spells/Speak with Plants.md",
    "reference/spells/Spider Climb.md",
    "reference/spells/Spike Growth.md",
    "reference/spells/Spirit Guardians.md",
    "reference/spells/Spiritual Weapon.md",
    "reference/spells/Staggering Smite.md",
    "reference/spells/Stinking Cloud.md",
    "reference/spells/Stone Shape.md",
    "reference/spells/Stoneskin.md",
    "reference/spells/Storm of Vengeance.md",
    "reference/spells/Suggestion.md",
    "reference/spells/Sunbeam.md",
    "reference/spells/Sunburst.md",
    "reference/spells/Symbol.md",
    "reference/spells/Telekinesis.md",
    "reference/spells/Telepathic Bond.md",
    "reference/spells/Teleport.md",
    "reference/spells/Teleportation Circle.md",
    "reference/spells/Tenser's Floating Disk.md",
    "reference/spells/Thaumaturgy.md",
    "reference/spells/Thorn Whip.md",
    "reference/spells/Thunderous Smite.md",
    "reference/spells/Thunderwave.md",
    "reference/spells/Time Stop.md",
    "reference/spells/Tiny Hut.md",
    "reference/spells/Tongues.md",
    "reference/spells/Transport via Plants.md",
    "reference/spells/Tree Stride.md",
    "reference/spells/True Polymorph.md",
    "reference/spells/True Resurrection.md",
    "reference/spells/True Seeing.md",
    "reference/spells/True Strike.md",
    "reference/spells/Unseen Servant.md",
    "reference/spells/Vampiric Touch.md",
    "reference/spells/Vicious Mockery.md",
    "reference/spells/Wall of Fire.md",
    "reference/spells/Wall of Force.md",
    "reference/spells/Wall of Ice.md",
    "reference/spells/Wall of Stone.md",
    "reference/spells/Wall of Thorns.md",
    "reference/spells/Warding Bond.md",
    "reference/spells/Water Breathing.md",
    "reference/spells/Water Walk.md",
    "reference/spells/Web.md",
    "reference/spells/Weird.md",
    "reference/spells/Wind Walk.md",
    "reference/spells/Wind Wall.md",
    "reference/spells/Wish.md",
    "reference/spells/Witch Bolt.md",
    "reference/spells/Word of Recall.md",
    "reference/spells/Zone of Truth.md"
  ],
  "filesPendingLocalDeletion": [],
  "filesPendingRemoteCreation": [
    "Roadmap.canvas",
    "reference/Wizard.md",
    "reference/Weapons.md",
    "reference/Warlock.md",
    "reference/Vision and Light.md",
    "reference/Underwater Combat.md",
    "reference/Situational Rules.md",
    "reference/Treasure.md",
    "reference/Trade Goods.md",
    "reference/Tools.md",
    "reference/Time.md",
    "reference/Tiefling.md",
    "reference/The Environment.md",
    "reference/Spells.md",
    "reference/Spellcasting.md",
    "reference/spells/Zone of Truth.md",
    "reference/spells/Word of Recall.md",
    "reference/spells/Wish.md",
    "reference/spells/Witch Bolt.md",
    "reference/spells/Wind Wall.md",
    "reference/spells/Weird.md",
    "reference/spells/Wind Walk.md",
    "reference/spells/Web.md",
    "reference/spells/Water Walk.md",
    "reference/spells/Water Breathing.md",
    "reference/spells/Warding Bond.md",
    "reference/spells/Wall of Stone.md",
    "reference/spells/Wall of Thorns.md",
    "reference/spells/Wall of Ice.md",
    "reference/spells/Wall of Force.md",
    "reference/spells/Wall of Fire.md",
    "reference/spells/Vicious Mockery.md",
    "reference/spells/Unseen Servant.md",
    "reference/spells/Vampiric Touch.md",
    "reference/spells/True Strike.md",
    "reference/spells/True Seeing.md",
    "reference/spells/True Resurrection.md",
    "reference/spells/True Polymorph.md",
    "reference/spells/Tree Stride.md",
    "reference/spells/Transport via Plants.md",
    "reference/spells/Tongues.md",
    "reference/spells/Time Stop.md",
    "reference/spells/Tiny Hut.md",
    "reference/spells/Thunderwave.md",
    "reference/spells/Thunderous Smite.md",
    "reference/spells/Thorn Whip.md",
    "reference/spells/Thaumaturgy.md",
    "reference/spells/Teleportation Circle.md",
    "reference/spells/Tenser's Floating Disk.md",
    "reference/spells/Teleport.md",
    "reference/spells/Telepathic Bond.md",
    "reference/spells/Telekinesis.md",
    "reference/spells/Symbol.md",
    "reference/spells/Sunburst.md",
    "reference/spells/Sunbeam.md",
    "reference/spells/Suggestion.md",
    "reference/spells/Storm of Vengeance.md",
    "reference/spells/Stone Shape.md",
    "reference/spells/Stoneskin.md",
    "reference/spells/Stinking Cloud.md",
    "reference/spells/Staggering Smite.md",
    "reference/spells/Spider Climb.md",
    "reference/spells/Spiritual Weapon.md",
    "reference/spells/Spike Growth.md",
    "reference/spells/Spirit Guardians.md",
    "reference/spells/Speak with Plants.md",
    "reference/spells/Speak with Dead.md",
    "reference/spells/Speak with Animals.md",
    "reference/spells/Spare the Dying.md",
    "reference/spells/Sleet Storm.md",
    "reference/spells/Slow.md",
    "reference/spells/Sleep.md",
    "reference/spells/Silent Image.md",
    "reference/spells/Simulacrum.md",
    "reference/spells/Silence.md",
    "reference/spells/Shocking Grasp.md",
    "reference/spells/Shillelagh.md",
    "reference/spells/Shield.md",
    "reference/spells/Shatter.md",
    "reference/spells/Shield of Faith.md",
    "reference/spells/Shapechange.md",
    "reference/spells/Sequester.md",
    "reference/spells/Sending.md",
    "reference/spells/Seeming.md",
    "reference/spells/See Invisibility.md",
    "reference/spells/Secret Chest.md",
    "reference/spells/Scorching Ray.md",
    "reference/spells/Scrying.md",
    "reference/spells/Sanctuary.md",
    "reference/spells/Rope Trick.md",
    "reference/spells/Sacred Flame.md",
    "reference/spells/Resilient Sphere.md",
    "reference/spells/Reverse Gravity.md",
    "reference/spells/Revivify.md",
    "reference/spells/Resurrection.md",
    "reference/spells/Resistance.md",
    "reference/spells/Regenerate.md",
    "reference/spells/Remove Curse.md",
    "reference/spells/Reincarnate.md",
    "reference/spells/Raise Dead.md",
    "reference/spells/Ray of Sickness.md",
    "reference/spells/Ray of Frost.md",
    "reference/spells/Ray of Enfeeblement.md",
    "reference/spells/Protection from Poison.md",
    "reference/spells/Purify Food and Drink.md",
    "reference/spells/Protection from Evil and Good.md",
    "reference/spells/Protection from Energy.md",
    "reference/spells/Prismatic Wall.md",
    "reference/spells/Programmed Illusion.md",
    "reference/spells/Project Image.md",
    "reference/spells/Produce Flame.md",
    "reference/spells/Prismatic Spray.md",
    "reference/spells/Private Sanctum.md",
    "reference/spells/Prestidigitation.md",
    "reference/spells/Prayer of Healing.md",
    "reference/spells/Power Word Stun.md",
    "reference/spells/Power Word Kill.md",
    "reference/spells/Polymorph.md",
    "reference/spells/Poison Spray.md",
    "reference/spells/Plant Growth.md",
    "reference/spells/Plane Shift.md",
    "reference/spells/Planar Ally.md",
    "reference/spells/Planar Binding.md",
    "reference/spells/Phantom Steed.md",
    "reference/spells/Passwall.md",
    "reference/spells/Phantasmal Killer.md",
    "reference/spells/Move Earth.md",
    "reference/spells/Pass without Trace.md",
    "reference/spells/Nondetection.md",
    "reference/spells/Mordenkainen's Magnificent Mansion.md",
    "reference/spells/Mordenkainen's Faithful Hound.md",
    "reference/spells/Moonbeam.md",
    "reference/spells/Misty Step.md",
    "reference/spells/Modify Memory.md",
    "reference/spells/Mislead.md",
    "reference/spells/Mirror Image.md",
    "reference/spells/Minor Illusion.md",
    "reference/spells/Mirage Arcane.md",
    "reference/spells/Mind Blank.md",
    "reference/spells/Meteor Swarm.md",
    "reference/spells/Message.md",
    "reference/spells/Mending.md",
    "reference/spells/Meld into Stone.md",
    "reference/spells/Maze.md",
    "reference/spells/Maximilian's Earthen Grasp.md",
    "reference/spells/Mass Suggestion.md",
    "reference/spells/Mass Healing Word.md",
    "reference/spells/Mass Cure Wounds.md",
    "reference/spells/Mass Heal.md",
    "reference/spells/Major Image.md",
    "reference/spells/Magnificent Mansion.md",
    "reference/spells/Magic Weapon.md",
    "reference/spells/Magic Mouth.md",
    "reference/spells/Magic Missile.md",
    "reference/spells/Magic Jar.md",
    "reference/spells/Mage Hand.md",
    "reference/spells/Magic Circle.md",
    "reference/spells/Mage Armor.md",
    "reference/spells/Locate Object.md",
    "reference/spells/Longstrider.md",
    "reference/spells/Locate Creature.md",
    "reference/spells/Locate Animals or Plants.md",
    "reference/spells/Light.md",
    "reference/spells/Lightning Bolt.md",
    "reference/spells/Levitate.md",
    "reference/spells/Lesser Restoration.md",
    "reference/spells/Knock.md",
    "reference/spells/Legend Lore.md",
    "reference/spells/Jump.md",
    "reference/spells/Irresistible Dance.md",
    "reference/spells/Invisibility.md",
    "reference/spells/Insect Plague.md",
    "reference/spells/Instant Summons.md",
    "reference/spells/Inflict Wounds.md",
    "reference/spells/Infestation.md",
    "reference/spells/Illusory Script.md",
    "reference/spells/Incendiary Cloud.md",
    "reference/spells/Imprisonment.md",
    "reference/spells/Identify.md",
    "reference/spells/Ice Storm.md",
    "reference/spells/Hunter’s Mark.md",
    "reference/spells/Hypnotic Pattern.md",
    "reference/spells/Holy Aura.md",
    "reference/spells/Hold Person.md",
    "reference/spells/Hold Monster.md",
    "reference/spells/Hideous Laughter.md",
    "reference/spells/Heroes Feast.md",
    "reference/spells/Heroism.md",
    "reference/spells/Hellish Rebuke.md",
    "reference/spells/Heat Metal.md",
    "reference/spells/Healing Word.md",
    "reference/spells/Heal.md",
    "reference/spells/Harm.md",
    "reference/spells/Haste.md",
    "reference/spells/Hallucinatory Terrain.md",
    "reference/spells/Hallow.md",
    "reference/spells/Guiding Bolt.md",
    "reference/spells/Gust of Wind.md",
    "reference/spells/Guidance.md",
    "reference/spells/Guards and Wards.md",
    "reference/spells/Greater Restoration.md",
    "reference/spells/Greater Invisibility.md",
    "reference/spells/Glyph of Warding.md",
    "reference/spells/Grease.md",
    "reference/spells/Goodberry.md",
    "reference/spells/Glibness.md",
    "reference/spells/Globe of Invulnerability.md",
    "reference/spells/Giant Insect.md",
    "reference/spells/Gentle Repose.md",
    "reference/spells/Geas.md",
    "reference/spells/Gaseous Form.md",
    "reference/spells/Gate.md",
    "reference/spells/Freedom of Movement.md",
    "reference/spells/Freezing Sphere.md",
    "reference/spells/Foresight.md",
    "reference/spells/Forcecage.md",
    "reference/spells/Forbiddance.md",
    "reference/spells/Fly.md",
    "reference/spells/Fog Cloud.md",
    "reference/spells/Floating Disk.md",
    "reference/spells/Flesh to Stone.md",
    "reference/spells/Flaming Sphere.md",
    "reference/spells/Flame Blade.md",
    "reference/spells/Flame Strike.md",
    "reference/spells/Fireball.md",
    "reference/spells/Fire Shield.md",
    "reference/spells/Fire Storm.md",
    "reference/spells/Fire Bolt.md",
    "reference/spells/Find Traps.md",
    "reference/spells/Finger of Death.md",
    "reference/spells/Find the Path.md",
    "reference/spells/Find Familiar.md",
    "reference/spells/Find Steed.md",
    "reference/spells/Feeblemind.md",
    "reference/spells/Feather Fall.md",
    "reference/spells/Fear.md",
    "reference/spells/False Life.md",
    "reference/spells/Faithful Hound.md",
    "reference/spells/Faerie Fire.md",
    "reference/spells/Fabricate.md",
    "reference/spells/Eyebite.md",
    "reference/spells/Expeditious Retreat.md",
    "reference/spells/Evard's Black Tentacles.md",
    "reference/spells/Enthrall.md",
    "reference/spells/Etherealness.md",
    "reference/spells/Entangle.md",
    "reference/spells/Enlarge slash Reduce.md",
    "reference/spells/Enhance Ability.md",
    "reference/spells/Eldritch Blast.md",
    "reference/spells/Earthquake.md",
    "reference/spells/Earth Tremor.md",
    "reference/spells/Dominate Person.md",
    "reference/spells/Druidcraft.md",
    "reference/spells/Dream.md",
    "reference/spells/Dominate Monster.md",
    "reference/spells/Dominate Beast.md",
    "reference/spells/Divination.md",
    "reference/spells/Divine Word.md",
    "reference/spells/Dispel Magic.md",
    "reference/spells/Divine Favor.md",
    "reference/spells/Dispel Evil and Good.md",
    "reference/spells/Disintegrate.md",
    "reference/spells/Disguise Self.md",
    "reference/spells/Dimension Door.md",
    "reference/spells/Detect Thoughts.md",
    "reference/spells/Detect Magic.md",
    "reference/spells/Detect Poison and Disease.md",
    "reference/spells/Demiplane.md",
    "reference/spells/Detect Evil and Good.md",
    "reference/spells/Death Ward.md",
    "reference/spells/Delayed Blast Fireball.md",
    "reference/spells/Darkvision.md",
    "reference/spells/Daylight.md",
    "reference/spells/Darkness.md",
    "reference/spells/Crown of Madness.md",
    "reference/spells/Creation.md",
    "reference/spells/Dancing Lights.md",
    "reference/spells/Cure Wounds.md",
    "reference/spells/Create Undead.md",
    "reference/spells/Create or Destroy Water.md",
    "reference/spells/Create Food and Water.md",
    "reference/spells/Counterspell.md",
    "reference/spells/Control Weather.md",
    "reference/spells/Control Water.md",
    "reference/spells/Contagion.md",
    "reference/spells/Contact Other Plane.md",
    "reference/spells/Continual Flame.md",
    "reference/spells/Contingency.md",
    "reference/spells/Conjure Woodland Beings.md",
    "reference/spells/Conjure Minor Elementals.md",
    "reference/spells/Conjure Fey.md",
    "reference/spells/Conjure Elemental.md",
    "reference/spells/Conjure Celestial.md",
    "reference/spells/Conjure Animals.md",
    "reference/spells/Cone of Cold.md",
    "reference/spells/Compulsion.md",
    "reference/spells/Confusion.md",
    "reference/spells/Comprehend Languages.md",
    "reference/spells/Commune.md",
    "reference/spells/Cloudkill.md",
    "reference/spells/Command.md",
    "reference/spells/Commune with Nature.md",
    "reference/spells/Color Spray.md",
    "reference/spells/Clone.md",
    "reference/spells/Circle of Death.md",
    "reference/spells/Clairvoyance.md",
    "reference/spells/Chain Lightning.md",
    "reference/spells/Chill Touch.md",
    "reference/spells/Charm Person.md",
    "reference/spells/Call Lightning.md",
    "reference/spells/Calm Emotions.md",
    "reference/spells/Burning Hands.md",
    "reference/spells/Blur.md",
    "reference/spells/Branding Smite.md",
    "reference/spells/Blindness slash Deafness.md",
    "reference/spells/Blink.md",
    "reference/spells/Blinding Smite.md",
    "reference/spells/Bless.md",
    "reference/spells/Blight.md",
    "reference/spells/Black Tentacles.md",
    "reference/spells/Blade Barrier.md",
    "reference/spells/Bigby's Hand.md",
    "reference/spells/Beacon of Hope.md",
    "reference/spells/Bestow Curse.md",
    "reference/spells/Barkskin.md",
    "reference/spells/Banishment.md",
    "reference/spells/Bane.md",
    "reference/spells/Awaken.md",
    "reference/spells/Arcanists Magic Aura.md",
    "reference/spells/Augury.md",
    "reference/spells/Astral Projection.md",
    "reference/spells/Arcane Sword.md",
    "reference/spells/Arcane Lock.md",
    "reference/spells/Arcane Hand.md",
    "reference/spells/Arcane Eye.md",
    "reference/spells/Antilife Shell.md",
    "reference/spells/Antipathy slash Sympathy.md",
    "reference/spells/Antimagic Field.md",
    "reference/spells/Animal Shapes.md",
    "reference/spells/Animate Objects.md",
    "reference/spells/Animate Dead.md",
    "reference/spells/Animal Messenger.md",
    "reference/spells/Animal Friendship.md",
    "reference/spells/Alter Self.md",
    "reference/spells/Alarm.md",
    "reference/spells/Acid Arrow.md",
    "reference/spells/Aid.md",
    "reference/spells/Acid Splash.md",
    "reference/Spell Saving Throws.md",
    "reference/Spell Attack Rolls.md",
    "reference/Sorcerer.md",
    "reference/Sentient Magic.md",
    "reference/Saving Throws.md",
    "reference/Rogue.md",
    "reference/Rituals.md",
    "reference/Resting.md",
    "reference/Reactions.md",
    "reference/Ranger.md",
    "reference/Races.md",
    "reference/Proficiency Bonus.md",
    "reference/Poison needle trap.md",
    "reference/Planes.md",
    "reference/Pantheons.md",
    "reference/Paladin.md",
    "reference/NPCs.md",
    "reference/npcs/Thug.md",
    "reference/npcs/Veteran.md",
    "reference/npcs/Tribal Warrior.md",
    "reference/npcs/Spy.md",
    "reference/npcs/Scout.md",
    "reference/npcs/Priest.md",
    "reference/npcs/Noble.md",
    "reference/npcs/Knight.md",
    "reference/npcs/Mage.md",
    "reference/npcs/Guard.md",
    "reference/npcs/Druid (NPC).md",
    "reference/npcs/Gladiator.md",
    "reference/npcs/Cultist.md",
    "reference/npcs/Cult Fanatic.md",
    "reference/npcs/Commoner.md",
    "reference/npcs/Berserker.md",
    "reference/npcs/Bandit Captain.md",
    "reference/npcs/Bandit.md",
    "reference/npcs/Assassin.md",
    "reference/npcs/Acolyte.md",
    "reference/npcs/Archmage.md",
    "reference/Multiclassing.md",
    "reference/Movement.md",
    "reference/Movement and Position.md",
    "reference/Mounts and Vehicles.md",
    "reference/Mounted Combat.md",
    "reference/Monsters.md",
    "reference/monsters/Wyvern.md",
    "reference/monsters/Zombies.md",
    "reference/monsters/Xorn.md",
    "reference/monsters/Wight.md",
    "reference/monsters/Will-o-Wisp.md",
    "reference/monsters/Wraith.md",
    "reference/monsters/Vampires.md",
    "reference/monsters/Unicorn.md",
    "reference/monsters/Troll.md",
    "reference/monsters/Treant.md",
    "reference/monsters/Stirge.md",
    "reference/monsters/Tarrasque.md",
    "reference/monsters/Succubus slash Incubus.md",
    "reference/monsters/Specter.md",
    "reference/monsters/Sprite.md",
    "reference/monsters/Sphinxes.md",
    "reference/monsters/Skeletons.md",
    "reference/monsters/Shambling Mound.md",
    "reference/monsters/Shield Guardian.md",
    "reference/monsters/Shadow.md",
    "reference/monsters/Sahuagin.md",
    "reference/monsters/Satyr.md",
    "reference/monsters/Salamander.md",
    "reference/monsters/Roc.md",
    "reference/monsters/Rust Monster.md",
    "reference/monsters/Roper.md",
    "reference/monsters/Rakshasa.md",
    "reference/monsters/Remorhaz.md",
    "reference/monsters/Purple Worm.md",
    "reference/monsters/Pegasus.md",
    "reference/monsters/Pseudodragon.md",
    "reference/monsters/Otyugh.md",
    "reference/monsters/Owlbear.md",
    "reference/monsters/Orc.md",
    "reference/monsters/Oni.md",
    "reference/monsters/Oozes.md",
    "reference/monsters/Nightmare.md",
    "reference/monsters/Ogre.md",
    "reference/monsters/Nagas.md",
    "reference/monsters/Minotaur.md",
    "reference/monsters/Mummies.md",
    "reference/monsters/Merfolk.md",
    "reference/monsters/Mimic.md",
    "reference/monsters/Merrow.md",
    "reference/monsters/Medusa.md",
    "reference/monsters/Mephits.md",
    "reference/monsters/Manticore.md",
    "reference/monsters/Lycanthropes.md",
    "reference/monsters/Magmin.md",
    "reference/monsters/Lich.md",
    "reference/monsters/Lizardfolk.md",
    "reference/monsters/Lamia.md",
    "reference/monsters/Kobold.md",
    "reference/monsters/Kraken.md",
    "reference/monsters/Homunculus.md",
    "reference/monsters/Invisible Stalker.md",
    "reference/monsters/Hydra.md",
    "reference/monsters/Hobgoblin.md",
    "reference/monsters/Hippogriff.md",
    "reference/monsters/Hell Hound.md",
    "reference/monsters/Harpy.md",
    "reference/monsters/Griffon.md",
    "reference/monsters/Half-Dragon Template.md",
    "reference/monsters/Hags.md",
    "reference/monsters/Grick.md",
    "reference/monsters/Grimlock.md",
    "reference/monsters/Gnome, Deep (Svirfneblin).md",
    "reference/monsters/Gorgon.md",
    "reference/monsters/Golems.md",
    "reference/monsters/Goblin.md",
    "reference/monsters/Gnoll.md",
    "reference/monsters/Gibbering Mouther.md",
    "reference/monsters/Ghouls.md",
    "reference/monsters/Giants.md",
    "reference/monsters/Ghost.md",
    "reference/monsters/Genies.md",
    "reference/monsters/Gargoyle.md",
    "reference/monsters/Fungi.md",
    "reference/monsters/Ghast.md",
    "reference/monsters/Ettin.md",
    "reference/monsters/Duergar.md",
    "reference/monsters/Ettercap.md",
    "reference/monsters/Elementals.md",
    "reference/monsters/Elf, Drow.md",
    "reference/monsters/Drider.md",
    "reference/monsters/Dryad.md",
    "reference/monsters/Dragons, Metallic.md",
    "reference/monsters/Demons.md",
    "reference/monsters/Dragons, Chromatic.md",
    "reference/monsters/Dragon Turtle.md",
    "reference/monsters/Devils.md",
    "reference/monsters/Doppelganger.md",
    "reference/monsters/Dinosaurs.md",
    "reference/monsters/Darkmantle.md",
    "reference/monsters/Couatl.md",
    "reference/monsters/Cockatrice.md",
    "reference/monsters/Centaur.md",
    "reference/monsters/Cloaker.md",
    "reference/monsters/Chuul.md",
    "reference/monsters/Bugbear.md",
    "reference/monsters/Chimera.md",
    "reference/monsters/Bulette.md",
    "reference/monsters/Behir.md",
    "reference/monsters/Animated Objects.md",
    "reference/monsters/Basilisk.md",
    "reference/monsters/Azer.md",
    "reference/monsters/Ankheg.md",
    "reference/monsters/Angels.md",
    "reference/monsters/Aboleth.md",
    "reference/Casting a Spell.md",
    "reference/Monster Statistics.md",
    "reference/Monk.md",
    "reference/Making an Attack.md",
    "reference/Magic Items.md",
    "reference/Legendary Creatures.md",
    "reference/Languages.md",
    "reference/items/Wings of Flying.md",
    "reference/items/Winged Boots.md",
    "reference/items/Wand of Wonder.md",
    "reference/items/Wind Fan.md",
    "reference/items/Well of Many Worlds.md",
    "reference/items/Wand of Magic Detection.md",
    "reference/items/Weapon, +1, +2, or +3.md",
    "reference/items/Wand of the War Mage, +1, +2, or +3.md",
    "reference/items/Wand of Web.md",
    "reference/items/Wand of Secrets.md",
    "reference/items/Wand of Polymorph.md",
    "reference/items/Wand of Magic Missiles.md",
    "reference/items/Wand of Paralysis.md",
    "reference/items/Wand of Fireballs.md",
    "reference/items/Wand of Lightning Bolts.md",
    "reference/items/Wand of Fear.md",
    "reference/items/Vorpal Sword.md",
    "reference/items/Wand of Enemy Detection.md",
    "reference/items/Wand of Binding.md",
    "reference/items/Universal Solvent.md",
    "reference/items/Vicious Weapon.md",
    "reference/items/Trident of Fish Command.md",
    "reference/items/Talisman of Ultimate Evil.md",
    "reference/items/Tome of Understanding.md",
    "reference/items/Tome of Clear Thought.md",
    "reference/items/Tome of Leadership and Influence.md",
    "reference/items/Talisman of the Sphere.md",
    "reference/items/Talisman of Pure Good.md",
    "reference/items/Sword of Wounding.md",
    "reference/items/Sun Blade.md",
    "reference/items/Sword of Sharpness.md",
    "reference/items/Sword of Life Stealing.md",
    "reference/items/Staff of Thunder and Lightning.md",
    "reference/items/Stone of Good Luck (Luckstone).md",
    "reference/items/Staff of the Woodlands.md",
    "reference/items/Stone of Controlling Earth Elementals.md",
    "reference/items/Staff of Withering.md",
    "reference/items/Staff of Swarming Insects.md",
    "reference/items/Staff of the Python.md",
    "reference/items/Staff of the Magi.md",
    "reference/items/Staff of Healing.md",
    "reference/items/Staff of Striking.md",
    "reference/items/Staff of Power.md",
    "reference/items/Staff of Fire.md",
    "reference/items/Staff of Frost.md",
    "reference/items/Staff of Charming.md",
    "reference/items/Sphere of Annihilation.md",
    "reference/items/Spellguard Shield.md",
    "reference/items/Slippers of Spider Climbing.md",
    "reference/items/Spell Scroll.md",
    "reference/items/Sovereign Glue.md",
    "reference/items/Shield, +1, +2, or +3.md",
    "reference/items/Shield of Missile Attraction.md",
    "reference/items/Scarab of Protection.md",
    "reference/items/Rope of Climbing.md",
    "reference/items/Rope of Entanglement.md",
    "reference/items/Scimitar of Speed.md",
    "reference/items/Rod of Security.md",
    "reference/items/Rod of Rulership.md",
    "reference/items/Rod of Alertness.md",
    "reference/items/Rod of Absorption.md",
    "reference/items/Rod of Lordly Might.md",
    "reference/items/Robe of Useful Items.md",
    "reference/items/Robe of the Archmagi.md",
    "reference/items/Ring of the Ram.md",
    "reference/items/Robe of Scintillating Colors.md",
    "reference/items/Robe of Stars.md",
    "reference/items/Potion of Speed.md",
    "reference/items/Robe of Eyes.md",
    "reference/items/Ring of X-ray Vision.md",
    "reference/items/Ring of Water Walking.md",
    "reference/items/Ring of Warmth.md",
    "reference/items/Ring of Three Wishes.md",
    "reference/items/Ring of Spell Turning.md",
    "reference/items/Ring of Telekinesis.md",
    "reference/items/Ring of Swimming.md",
    "reference/items/Ring of Shooting Stars.md",
    "reference/items/Ring of Spell Storing.md",
    "reference/items/Ring of Regeneration.md",
    "reference/items/Ring of Resistance.md",
    "reference/items/Ring of Protection.md",
    "reference/items/Ring of Mind Shielding.md",
    "reference/items/Ring of Jumping.md",
    "reference/items/Ring of Free Action.md",
    "reference/items/Ring of Invisibility.md",
    "reference/items/Ring of Evasion.md",
    "reference/items/Ring of Feather Falling.md",
    "reference/items/Ring of Elemental Command.md",
    "reference/items/Ring of Djinni Summoning.md",
    "reference/items/Restorative Ointment.md",
    "reference/items/Ring of Animal Influence.md",
    "reference/items/Potion of Water Breathing.md",
    "reference/items/Periapt of Health.md",
    "reference/items/Potion of Poison.md",
    "reference/items/Potion of Resistance.md",
    "reference/items/Potion of Invisibility.md",
    "reference/items/Potion of Mind Reading.md",
    "reference/items/Potion of Healing.md",
    "reference/items/Potion of Heroism.md",
    "reference/items/Potion of Growth.md",
    "reference/items/Potion of Giant Strength.md",
    "reference/items/Potion of Gaseous Form.md",
    "reference/items/Potion of Diminution.md",
    "reference/items/Potion of Flying.md",
    "reference/items/Potion of Clairvoyance.md",
    "reference/items/Potion of Climbing.md",
    "reference/items/Potion of Animal Friendship.md",
    "reference/items/Portable Hole.md",
    "reference/items/Pipes of Haunting.md",
    "reference/items/Pipes of the Sewers.md",
    "reference/items/Plate Armor of Etherealness.md",
    "reference/items/Philter of Love.md",
    "reference/items/Periapt of Proof against Poison.md",
    "reference/items/Pearl of Power.md",
    "reference/items/Periapt of Wound Closure.md",
    "reference/items/Oil of Slipperiness.md",
    "reference/items/Oil of Sharpness.md",
    "reference/items/Oathbow.md",
    "reference/items/Necklace of Prayer Beads.md",
    "reference/items/Oil of Etherealness.md",
    "reference/items/Nine Lives Stealer.md",
    "reference/items/Necklace of Fireballs.md",
    "reference/items/Necklace of Adaptation.md",
    "reference/items/Mirror of Life Trapping.md",
    "reference/items/Manual of Quickness of Action.md",
    "reference/items/Mithral Armor.md",
    "reference/items/Medallion of Thoughts.md",
    "reference/items/Marvelous Pigments.md",
    "reference/items/Manual of Golems.md",
    "reference/items/Manual of Gainful Exercise.md",
    "reference/items/Mantle of Spell Resistance.md",
    "reference/items/Manual of Bodily Health.md",
    "reference/items/Mace of Terror.md",
    "reference/items/Mace of Smiting.md",
    "reference/items/Mace of Disruption.md",
    "reference/items/Luck Blade.md",
    "reference/items/Lantern of Revealing.md",
    "reference/items/Javelin of Lightning.md",
    "reference/items/Iron Flask.md",
    "reference/items/Iron Bands of Binding.md",
    "reference/items/Immovable Rod.md",
    "reference/items/Ioun Stone.md",
    "reference/items/Instant Fortress.md",
    "reference/items/Horn of Valhalla.md",
    "reference/items/Horseshoes of Speed.md",
    "reference/items/Horseshoes of a Zephyr.md",
    "reference/items/Horn of Blasting.md",
    "reference/items/Helm of Teleportation.md",
    "reference/items/Holy Avenger.md",
    "reference/items/Helm of Telepathy.md",
    "reference/items/Helm of Comprehending Languages.md",
    "reference/items/Headband of Intellect.md",
    "reference/items/Helm of Brilliance.md",
    "reference/items/Hat of Disguise.md",
    "reference/items/Handy Haversack.md",
    "reference/items/Hammer of Thunderbolts.md",
    "reference/items/Glamoured Studded Leather.md",
    "reference/items/Goggles of Night.md",
    "reference/items/Gloves of Missile Snaring.md",
    "reference/items/Gloves of Swimming and Climbing.md",
    "reference/items/Giant Slayer.md",
    "reference/items/Gem of Seeing.md",
    "reference/items/Frost Brand.md",
    "reference/items/Folding Boat.md",
    "reference/items/Gem of Brightness.md",
    "reference/items/Gauntlets of Ogre Power.md",
    "reference/items/Figurine of Wondrous Power.md",
    "reference/items/Flame Tongue.md",
    "reference/items/Eyes of Minute Seeing.md",
    "reference/items/Eversmoking Bottle.md",
    "reference/items/Feather Token.md",
    "reference/items/Eyes of the Eagle.md",
    "reference/items/Eyes of Charming.md",
    "reference/items/Elven Chain.md",
    "reference/items/Efreeti Bottle.md",
    "reference/items/Elixir of Health.md",
    "reference/items/Dwarven Thrower.md",
    "reference/items/Elemental Gem.md",
    "reference/items/Efficient Quiver.md",
    "reference/items/Dwarven Plate.md",
    "reference/items/Dust of Disappearance.md",
    "reference/items/Dust of Sneezing and Choking.md",
    "reference/items/Dragon Slayer.md",
    "reference/items/Dust of Dryness.md",
    "reference/items/Dragon Scale Mail.md",
    "reference/items/Dimensional Shackles.md",
    "reference/items/Demon Armor.md",
    "reference/items/Cloak of Elvenkind.md",
    "reference/items/Deck of Many Things.md",
    "reference/items/Defender.md",
    "reference/items/Dancing Sword.md",
    "reference/items/Decanter of Endless Water.md",
    "reference/items/Deck of Illusions.md",
    "reference/items/Cubic Gate.md",
    "reference/items/Dagger of Venom.md",
    "reference/items/Cloak of the Manta Ray.md",
    "reference/items/Cube of Force.md",
    "reference/items/Crystal Ball.md",
    "reference/items/Cloak of the Bat.md",
    "reference/items/Cloak of Protection.md",
    "reference/items/Circlet of Blasting.md",
    "reference/items/Cloak of Arachnida.md",
    "reference/items/Cloak of Displacement.md",
    "reference/items/Brooch of Shielding.md",
    "reference/items/Censer of Controlling Air Elementals.md",
    "reference/items/Chime of Opening.md",
    "reference/items/Carpet of Flying.md",
    "reference/items/Cape of the Mountebank.md",
    "reference/items/Candle of Invocation.md",
    "reference/items/Bracers of Defense.md",
    "reference/items/Broom of Flying.md",
    "reference/items/Brazier of Commanding Fire Elementals.md",
    "reference/items/Bracers of Archery.md",
    "reference/items/Boots of the Winterlands.md",
    "reference/items/Bowl of Commanding Water Elementals.md",
    "reference/items/Boots of Levitation.md",
    "reference/items/Boots of Speed.md",
    "reference/items/Boots of Striding and Springing.md",
    "reference/items/Belt of Dwarvenkind.md",
    "reference/items/Berserker Axe.md",
    "reference/items/Boots of Elvenkind.md",
    "reference/items/Bag of Holding.md",
    "reference/items/Belt of Giant Strength.md",
    "reference/items/Bag of Tricks.md",
    "reference/items/Bead of Force.md",
    "reference/items/Arrow-Catching Shield.md",
    "reference/items/Bag of Devouring.md",
    "reference/items/Bag of Beans.md",
    "reference/items/Armor, +1, +2, or +3.md",
    "reference/items/Arrow of Slaying.md",
    "reference/items/Armor of Vulnerability.md",
    "reference/items/Armor of Resistance.md",
    "reference/items/Armor of Invulnerability.md",
    "reference/items/Amulet of the Planes.md",
    "reference/items/Animated Shield.md",
    "reference/items/Amulet of Proof against Detection and Location.md",
    "reference/items/Apparatus of the Crab.md",
    "reference/items/Amulet of Health.md",
    "reference/items/Ammunition, +1, +2, or +3.md",
    "reference/items/Adamantine Armor.md",
    "reference/Inspiration.md",
    "reference/Human.md",
    "reference/Halfling.md",
    "reference/Half-Orc.md",
    "reference/Half-Elf.md",
    "reference/Gnome.md",
    "reference/Fighter.md",
    "reference/Elf.md",
    "reference/Feats.md",
    "reference/Expenses.md",
    "reference/Exhaustion.md",
    "reference/Equipment.md",
    "reference/Druid.md",
    "reference/Dwarf.md",
    "reference/Dragonborn.md",
    "reference/Customizing NPCs.md",
    "reference/Creatures.md",
    "reference/creatures/Worg.md",
    "reference/creatures/Winter Wolf.md",
    "reference/creatures/Wolf.md",
    "reference/creatures/Weasel.md",
    "reference/creatures/Tiger.md",
    "reference/creatures/Vulture.md",
    "reference/creatures/Warhorse.md",
    "reference/creatures/Swarm of Ravens.md",
    "reference/creatures/Swarm of Rats.md",
    "reference/creatures/Swarm of Quippers.md",
    "reference/creatures/Swarm of Insects.md",
    "reference/creatures/Swarm of Poisonous Snakes.md",
    "reference/creatures/Swarm of Bats.md",
    "reference/creatures/Spider.md",
    "reference/creatures/Scorpion.md",
    "reference/creatures/Riding Horse.md",
    "reference/creatures/Sea Horse.md",
    "reference/creatures/Saber-Toothed Tiger.md",
    "reference/creatures/Rhinoceros.md",
    "reference/creatures/Reef Shark.md",
    "reference/creatures/Rat.md",
    "reference/creatures/Phase Spider.md",
    "reference/creatures/Raven.md",
    "reference/creatures/Quipper.md",
    "reference/creatures/Pony.md",
    "reference/creatures/Polar Bear.md",
    "reference/creatures/Panther.md",
    "reference/creatures/Poisonous Snake.md",
    "reference/creatures/Owl.md",
    "reference/creatures/Octopus.md",
    "reference/creatures/Giant Centipede.md",
    "reference/creatures/Mule.md",
    "reference/creatures/Mammoth.md",
    "reference/creatures/Mastiff.md",
    "reference/creatures/Jackal.md",
    "reference/creatures/Lizard.md",
    "reference/creatures/Lion.md",
    "reference/creatures/Killer Whale.md",
    "reference/creatures/Hunter Shark.md",
    "reference/creatures/Hyena.md",
    "reference/creatures/Hawk.md",
    "reference/creatures/Goat.md",
    "reference/creatures/Giant Wolf Spider.md",
    "reference/creatures/Giant Weasel.md",
    "reference/creatures/Giant Wasp.md",
    "reference/creatures/Giant Vulture.md",
    "reference/creatures/Giant Spider.md",
    "reference/creatures/Giant Toad.md",
    "reference/creatures/Giant Scorpion.md",
    "reference/creatures/Giant Shark.md",
    "reference/creatures/Giant Sea Horse.md",
    "reference/creatures/Giant Rat.md",
    "reference/creatures/Giant Poisonous Snake.md",
    "reference/creatures/Giant Owl.md",
    "reference/creatures/Giant Octopus.md",
    "reference/creatures/Giant Lizard.md",
    "reference/creatures/Giant Goat.md",
    "reference/creatures/Giant Hyena.md",
    "reference/creatures/Giant Frog.md",
    "reference/creatures/Giant Fire Beetle.md",
    "reference/creatures/Giant Crocodile.md",
    "reference/creatures/Giant Elk.md",
    "reference/creatures/Giant Eagle.md",
    "reference/creatures/Giant Crab.md",
    "reference/creatures/Giant Constrictor Snake.md",
    "reference/creatures/Frog.md",
    "reference/creatures/Giant Boar.md",
    "reference/creatures/Giant Bat.md",
    "reference/creatures/Flying Snake.md",
    "reference/creatures/Giant Ape.md",
    "reference/creatures/Giant Badger.md",
    "reference/creatures/Elk.md",
    "reference/creatures/Elephant.md",
    "reference/creatures/Eagle.md",
    "reference/creatures/Dire Wolf.md",
    "reference/creatures/Draft Horse.md",
    "reference/creatures/Deer.md",
    "reference/creatures/Crab.md",
    "reference/creatures/Death Dog.md",
    "reference/creatures/Cat.md",
    "reference/creatures/Crocodile.md",
    "reference/creatures/Constrictor Snake.md",
    "reference/creatures/Camel.md",
    "reference/creatures/Boar.md",
    "reference/creatures/Brown Bear.md",
    "reference/creatures/Black Bear.md",
    "reference/creatures/Blood Hawk.md",
    "reference/creatures/Blink Dog.md",
    "reference/creatures/Badger.md",
    "reference/creatures/Bat.md",
    "reference/creatures/Baboon.md",
    "reference/creatures/Awakened Shrub.md",
    "reference/creatures/Awakened Tree.md",
    "reference/creatures/Ape.md",
    "reference/creatures/Axe Beak.md",
    "reference/Conditions.md",
    "reference/Combining Magical Effects.md",
    "reference/Combat.md",
    "reference/Class Features.md",
    "reference/Cleric.md",
    "reference/Cantrips.md",
    "reference/Between Adventures.md",
    "reference/Bard.md",
    "reference/Barbarian.md",
    "reference/Backgrounds.md",
    "reference/Artifacts.md",
    "reference/Armor.md",
    "reference/Among the Dead.md",
    "reference/Alignment.md",
    "reference/Actions in Combat.md",
    "reference/Advantage and Disadvantage.md",
    "reference/Adventuring Gear.md",
    "reference/Ability Checks.md",
    "reference/Abilities.md",
    "Notes/Website/webpage-html-export-stuff/custom-head-content.html",
    "Notes/Website/styles.css",
    "Notes/Website/favicon.ico",
    "Notes/Website/scripts/re-root-urls.py",
    "Notes/Website/scripts/publish.sh",
    "Notes/Website/scripts/fix-broken-urls.py",
    "Notes/Website/scripts/clean-notes.sh",
    "Notes/Website/scripts/clean-notes.py",
    "Notes/Website/AWSCLIV2.pkg",
    "Notes/Unlisted Handouts.md",
    "Notes/TODO.md",
    "Notes/Session Prep/Session 7.md",
    "Notes/Session Prep/Session 41.md",
    "Notes/Session Prep/Session 40.md",
    "Notes/Session Prep/Session 4.md",
    "Notes/Session Prep/Session 39.md",
    "Notes/Session Prep/Session 38.md",
    "Notes/Session Prep/Session 37.md",
    "Notes/Session Prep/Session 36.md",
    "Notes/Session Prep/Session 35.md",
    "Notes/Session Prep/Session 34.md",
    "Notes/Session Prep/Session 33.md",
    "Notes/Session Prep/Session 32.md",
    "Notes/Session Prep/Session 31.md",
    "Notes/Session Prep/Session 30.md",
    "Notes/Session Prep/Session 3.md",
    "Notes/Session Prep/Session 29.md",
    "Notes/Session Prep/Session 28.md",
    "Notes/Session Prep/Session 26.md",
    "Notes/Session Prep/Session 27.md",
    "Notes/Session Prep/Session 25.md",
    "Notes/Session Prep/Session 22.md",
    "Notes/Session Prep/Session 23.md",
    "Notes/Session Prep/Session 21.md",
    "Notes/Session Prep/Session 20.md",
    "Notes/Session Prep/Session 18.md",
    "Notes/Session Prep/Session 2.md",
    "Notes/Session Prep/Session 17.md",
    "Notes/Session Prep/Session 16.md",
    "Notes/Session Prep/Session 15.md",
    "Notes/Session Prep/Session 14.md",
    "Notes/Session Prep/Session 13.md",
    "Notes/Session Prep/Session 12.md",
    "Notes/Session Prep/Session 0.md",
    "Notes/Session Prep/Session 11.md",
    "Notes/Session Prep/Session 10.md",
    "Notes/Session Prep/Session 1.md",
    "Notes/Session Notes/Session 8-9.md",
    "Notes/Session Notes/Session 7.md",
    "Notes/Session Notes/Session 6.md",
    "Notes/Session Notes/Session 5.md",
    "Notes/Session Notes/Session 40.md",
    "Notes/Session Notes/Session 39.md",
    "Notes/Session Notes/Session 4.md",
    "Notes/Session Notes/Session 38.md",
    "Notes/Session Notes/Session 34.md",
    "Notes/Session Notes/Session 37.md",
    "Notes/Session Notes/Session 36.md",
    "Notes/Session Notes/Session 35.md",
    "Notes/Session Notes/Session 33.md",
    "Notes/Session Notes/Session 32.md",
    "Notes/Session Notes/Session 31.md",
    "Notes/Session Notes/Session 30.md",
    "Notes/Session Notes/Session 3.md",
    "Notes/Session Notes/Session 29.md",
    "Notes/Session Notes/Session 28.md",
    "Notes/Session Notes/Session 27.md",
    "Notes/Session Notes/Session 26.md",
    "Notes/Session Notes/Session 25.md",
    "Notes/Session Notes/Session 24.md",
    "Notes/Session Notes/Session 23.md",
    "Notes/Session Notes/Session 22.md",
    "Notes/Session Notes/Session 21.md",
    "Notes/Session Notes/Session 20.md",
    "Notes/Session Notes/Session 2.md",
    "Notes/Session Notes/Session 19.md",
    "Notes/Session Notes/Session 18.md",
    "Notes/Session Notes/Session 17.md",
    "Notes/Session Notes/Session 15.md",
    "Notes/Session Notes/Session 16.md",
    "Notes/Session Notes/Session 14.md",
    "Notes/Session Notes/Session 13.md",
    "Notes/Session Notes/Session 12.md",
    "Notes/Session Notes/Session 11.md",
    "Notes/Session Notes/Session 10.md",
    "Notes/Session Notes/Session 1.md",
    "Notes/New Handouts.md",
    "Notes/Roc of Mount Ghakis.md",
    "Notes/Healer Feat.md",
    "Notes/README.md",
    "Notes/Full Notes.md",
    "Notes/Index.md",
    "Notes/Combined Campaign Notes.md",
    "Notes/Campaign Notes.md",
    "Notes/Battles/1754859996621 - Strahd.md",
    "Notes/Battles/1754761072506 - Combat.md",
    "Notes/Battles/1754259611944 - Combat.md",
    "Notes/Battles/1754760977041 - Combat.md",
    "Notes/Battles/1748304040002 - Roc of Mount Ghakis.md",
    "Notes/Battles/1747765871936 - Roc of Mount Ghakis.md",
    "Notes/Battles/1747764131912 - Roc of Mount Ghakis.md",
    "Notes/Battles/1731896756003 - Combat.md",
    "Notes/Battles/1735342580606 - Combat.md",
    "Notes/Battles/1715738690623 - Encounter.md",
    "Locations/Yester Hill (Y).md",
    "Locations/Werewolf Den (Z).md",
    "Locations/Village of Barovia (E).md",
    "Locations/Tser Falls (H).md",
    "Locations/Village of Krezk (S).md",
    "Locations/Van Richten's Tower (V).md",
    "Locations/Tsolenka Pass (T).md",
    "Locations/Tser Pool Encampment (G).md",
    "Locations/The Wizard of Wines (W).md",
    "Locations/The Town of Vallaki (N).md",
    "Locations/The Amber Temple (X).md",
    "Locations/Svalich Woods (C).md",
    "Locations/Ruins of Berez (U).md",
    "Locations/River Ivlis Crossroads (F).md",
    "Locations/River Ivlis (D).md",
    "Locations/Raven River Crossroads (R).md",
    "Locations/Old Svalich Road (A).md",
    "Locations/Mount Baratok (M).md",
    "Locations/Old Bonegrinder (O).md",
    "Locations/Luna River Crossroads (P).md",
    "Locations/Lake Zarovich (L).md",
    "Locations/Gates of Barovia (B).md",
    "Locations/Gates of Ravenloft (J).md",
    "Locations/Death House.md",
    "Locations/Castle Ravenloft (K).md",
    "Locations/Black Carriage (I).md",
    "Locations/Argynvostholt (Q).md",
    "Misc/RAW/Pale Tincture (Ingested).md",
    "Misc/RAW/Hag Eye.md",
    "Misc/RAW/Cackle Fever.md",
    "Misc/RAW/Extreme Cold.md",
    "Misc/RAW/Adventuring Gear.md",
    "Misc/Strahd's Answers to Questions.md",
    "Misc/Shopping in Barovia.md",
    "Misc/Random Encounters.md",
    "Misc/Random Book Table.md",
    "Misc/Peoples and Lore/Vistani.md",
    "Misc/Peoples and Lore/Vallaki Lore.md",
    "Misc/Peoples and Lore/The Order of the Silver Dragon.md",
    "Misc/Peoples and Lore/The Morninglord.md",
    "Misc/Peoples and Lore/The Keepers of the Feather.md",
    "Misc/Peoples and Lore/St Andral.md",
    "Misc/Peoples and Lore/Rictavio's Tale.md",
    "Misc/Peoples and Lore/Mother Night.md",
    "Misc/Peoples and Lore/Krezk Lore.md",
    "Misc/Peoples and Lore/Jesus.md",
    "Misc/Peoples and Lore/Forest Folk.md",
    "Misc/Peoples and Lore/Barovian Names.md",
    "Misc/Peoples and Lore/Dark Powers.md",
    "Misc/Peoples and Lore/Barovian Lore.md",
    "Misc/PC Boons and Banes.md",
    "Misc/Music Compiled.md",
    "Misc/Music Compiled (Web).md",
    "Misc/Mists of Ravenloft.md",
    "Misc/Mechanics of Dream Pastries.md",
    "Misc/Map of Barovia.md",
    "Misc/Lycanthropy.md",
    "Misc/If Players Die.md",
    "Misc/Eventual Callbacks.md",
    "Misc/Demiplane of Dread.md",
    "Misc/Dinner with Strahd.md",
    "Misc/Congratulations, You're Dead.md",
    "Misc/Character Sheets/PelinalCharSheet.pdf",
    "Misc/Character Sheets/5E_CharacterSheet_Fillable_2_2.pdf",
    "Misc/Character Sheets/DK_Pelinal.pdf",
    "Misc/Card Reading.md",
    "Misc/Campaign Items/The Tome of Strahd.md",
    "Misc/Campaign Items/Sunsword.md",
    "Misc/Campaign Items/The Holy Symbol of Ravenkind.md",
    "Misc/Campaign Items/Statue of Saint Markovia.md",
    "Misc/Campaign Items/Magic Gem.md",
    "Misc/Campaign Items/Icon of Ravenloft.md",
    "Misc/Campaign Items/Gulthias Staff.md",
    "Misc/Campaign Items/Green Copper Ewer.md",
    "Misc/Areas By Level.md",
    "Handouts/Stat Blocks/Piccolo Statblock Handout.md",
    "Handouts/Stat Blocks/Lancelot Stat Block.md",
    "Handouts/Misc/The Martikovs and the Forest Folk.md",
    "Handouts/Misc/Strahd's Dinner Conversation.md",
    "Handouts/Misc/The Beacon is Lit.md",
    "Handouts/Misc/Rictavio's Tale at the Blue Water Inn.md",
    "Handouts/Misc/Red Dragon Crush.md",
    "Handouts/Misc/Quests.md",
    "Handouts/Misc/Purple Grapemash No. 3.md",
    "Handouts/Misc/Pelanil's NDE.md",
    "Handouts/Misc/Pelanil's Conversation with Menigal.md",
    "Handouts/Misc/Argynvostholt's History.md",
    "Handouts/Misc/Guest as the Mad Mage.md",
    "Handouts/Misc/Madam Eva's Card Reading.md",
    "Handouts/Misc/Guest as Granny.md",
    "Handouts/Misc/Guest as Escher.md",
    "Handouts/Misc/Among the Dead Feature.md",
    "Handouts/Misc/Champagne du le Stomp.md",
    "Handouts/Maps/Yester Hill Map.md",
    "Handouts/Maps/Wizard of Wines Map.md",
    "Handouts/Maps/Village of Barovia Map.md",
    "Handouts/Maps/Vallaki/Wachterhaus Map.md",
    "Handouts/Maps/Vallaki/Vistani Camp Map.md",
    "Handouts/Maps/Vallaki/Vallaki Map.md",
    "Handouts/Maps/Vallaki/The Blue Water Inn Map.md",
    "Handouts/Maps/Vallaki/Reformation Center Map.md",
    "Handouts/Maps/Vallaki/Orphanage Map.md",
    "Handouts/Maps/Vallaki/Coffin Maker's Shop Map.md",
    "Handouts/Maps/Vallaki/Burgomaster's Mansion Map.md",
    "Handouts/Maps/Tser Pool Map.md",
    "Handouts/Maps/Tser Falls Map.md",
    "Handouts/Maps/The Windmill Map.md",
    "Handouts/Maps/River Ivlis Crossroads Map.md",
    "Handouts/Maps/Old Svalich Road Map.md",
    "Handouts/Maps/Krezk/Krezk Map.md",
    "Handouts/Maps/Berez/Creeping Hut Map.md",
    "Handouts/Maps/Berez/Berez Map.md",
    "Handouts/Maps/Barovia Map.md",
    "Handouts/Maps/Amber Temple/Amber Temple Maps.md",
    "Handouts/Maps/Barovia Church Map.md",
    "Handouts/Letters/Van Richten's Journal Entry.md",
    "Handouts/Letters/Tome of Strahd.md",
    "Handouts/Letters/Strahd's Second Invitation.md",
    "Handouts/Letters/Old Vallaki Proclamation.md",
    "Handouts/Letters/Strahd's Invitation.md",
    "Handouts/Letters/New Vallaki Proclamation.md",
    "Handouts/Letters/Letter from Strahd von Zarovich to Gustav Durst.md",
    "Handouts/Letters/Kolyan Indirovich's v2 Letter.md",
    "Handouts/Letters/Kolyan Indirovich's v1 Letter.md",
    "Handouts/Letters/Ismark's Letter.md",
    "Handouts/Letters/Gustav Durst's Suicide Note.md",
    "Handouts/Letters/Elisabeth Durst's Unsent Letter.md",
    "Handouts/Letters/Bella's Letter.md",
    "Handouts/Letters/Argynvost's Journal.md",
    "Handouts/Items/Wand of Secrets Handout.md",
    "Handouts/Items/Sunsword.md",
    "Handouts/Items/Tome of Strahd Handout.md",
    "Handouts/Items/Orb of the Warmage.md",
    "Handouts/Items/Potion of Healing.md",
    "Handouts/Items/Statue of St Markovia Handout.md",
    "Handouts/Items/St Andral's Votive Candle.md",
    "Handouts/Items/Icon of Ravenloft Handout.md",
    "Handouts/Items/Holy Symbol of Ravenkind Handout.md",
    "Handouts/Items/Cultist Logbook.md",
    "Handouts/Items/Gulthias Staff Handout.md",
    "Handouts/Items/Green Copper Ewer Handout.md",
    "Handouts/Items/Deck of Some Things.md",
    "Handouts/Items/Cloak of Protection.md",
    "Handouts/Items/Blood Spear of Kavan.md",
    "Handouts/Items/Adventurer's Battleaxe.md",
    "Handouts/Images/Things/Roc of Mount Ghakis Handout.md",
    "Handouts/Images/Things/Nothic Handout.md",
    "Handouts/Images/Things/Image of Wintersplinter.md",
    "Handouts/Images/Things/Images of Sticks.md",
    "Handouts/Images/Things/Image of The Holy Symbol of Ravenkind.md",
    "Handouts/Images/Things/Icon of Ravenloft Image.md",
    "Handouts/Images/Things/Icon of Ravenloft Handout.md",
    "Handouts/Images/Things/Hut.md",
    "Handouts/Images/Things/Heart of Sorrow Image.md",
    "Handouts/Images/Things/Flameskull Handout.md",
    "Handouts/Images/Things/Death Slaad Handout.md",
    "Handouts/Images/Things/Black Carriage Image.md",
    "Handouts/Images/Portraits/Portrait of Zygfrek.md",
    "Handouts/Images/Portraits/Portraits of Granny.md",
    "Handouts/Images/Portraits/Portrait of Yeska.md",
    "Handouts/Images/Portraits/Portrait of Yelena Arasek.md",
    "Handouts/Images/Portraits/Portrait of Willemina.md",
    "Handouts/Images/Portraits/Portrait of Vladimir Horngaard.md",
    "Handouts/Images/Portraits/Portrait of Vilnius.md",
    "Handouts/Images/Portraits/Portrait of Vasilka.md",
    "Handouts/Images/Portraits/Portrait of Victor Vallakovich.md",
    "Handouts/Images/Portraits/Portrait of Vampyr.md",
    "Handouts/Images/Portraits/Portrait of the Forgetful Lich.md",
    "Handouts/Images/Portraits/Portrait of Urwin Martikov.md",
    "Handouts/Images/Portraits/Portrait of the Mad Mage.md",
    "Handouts/Images/Portraits/Portrait of Stefania.md",
    "Handouts/Images/Portraits/Portrait of The Abbot.md",
    "Handouts/Images/Portraits/Portrait of Strahd and Beucephalus.md",
    "Handouts/Images/Portraits/Portrait of Stella Wachter.md",
    "Handouts/Images/Portraits/Portrait of Sir Godfrey Gwilym.md",
    "Handouts/Images/Portraits/Portrait of Rose and Thorne.md",
    "Handouts/Images/Portraits/Portrait of Rina.md",
    "Handouts/Images/Portraits/Portrait of Pidlwick II.md",
    "Handouts/Images/Portraits/Portrait of Rictavio.md",
    "Handouts/Images/Portraits/Portrait of Rahadin.md",
    "Handouts/Images/Portraits/Portrait of Parriwimple.md",
    "Handouts/Images/Portraits/Portrait of Otto.md",
    "Handouts/Images/Portraits/Portrait of Nikolai and Karl Wachter.md",
    "Handouts/Images/Portraits/Portrait of Neferon.md",
    "Handouts/Images/Portraits/Portrait of Myrtle.md",
    "Handouts/Images/Portraits/Portrait of Muriel.md",
    "Handouts/Images/Portraits/Portrait of Mishka.md",
    "Handouts/Images/Portraits/Portrait of Milivoj.md",
    "Handouts/Images/Portraits/Portrait of Menigal.md",
    "Handouts/Images/Portraits/Portrait of Marzena.md",
    "Handouts/Images/Portraits/Portrait of Madam Eva.md",
    "Handouts/Images/Portraits/Portrait of Mad Mary.md",
    "Handouts/Images/Portraits/Portrait of Lydia.md",
    "Handouts/Images/Portraits/Portrait of Luvash.md",
    "Handouts/Images/Portraits/Portrait of Lucien.md",
    "Handouts/Images/Portraits/Portrait of Lief Lipsiege.md",
    "Handouts/Images/Portraits/Portrait of Lady Wachter.md",
    "Handouts/Images/Portraits/Portrait of Kasimir.md",
    "Handouts/Images/Portraits/Portrait of Ireena.md",
    "Handouts/Images/Portraits/Portrait of Ismark.md",
    "Handouts/Images/Portraits/Portrait of Izek Strazni.md",
    "Handouts/Images/Portraits/Portrait of Henrik.md",
    "Handouts/Images/Portraits/Portrait of Gertruda.md",
    "Handouts/Images/Portraits/Portrait of Gunther Arasek.md",
    "Handouts/Images/Portraits/Portrait of Freek.md",
    "Handouts/Images/Portraits/Portrait of Father Lucian.md",
    "Handouts/Images/Portraits/Portrait of Ezmerelda.md",
    "Handouts/Images/Portraits/Portrait of Escher.md",
    "Handouts/Images/Portraits/Portrait of Ernst Larnak.md",
    "Handouts/Images/Portraits/Portrait of Elvir.md",
    "Handouts/Images/Portraits/Portrait of Doru.md",
    "Handouts/Images/Portraits/Portrait of Donavich.md",
    "Handouts/Images/Portraits/Portrait of Dmitri.md",
    "Handouts/Images/Portraits/Portrait of Davian.md",
    "Handouts/Images/Portraits/Portrait of Danika Martikov.md",
    "Handouts/Images/Portraits/Portrait of Cyrus Belview.md",
    "Handouts/Images/Portraits/Portrait of Clovin.md",
    "Handouts/Images/Portraits/Portrait of Bluto.md",
    "Handouts/Images/Portraits/Portrait of Blinsky.md",
    "Handouts/Images/Portraits/Portrait of Bildrath.md",
    "Handouts/Images/Portraits/Portrait of Baba Lysaga.md",
    "Handouts/Images/Portraits/Portrait of Arrigal.md",
    "Handouts/Images/Portraits/Portrait of Arik.md",
    "Handouts/Images/Portraits/Portrait of Argynvost.md",
    "Handouts/Images/Portraits/Portrait of Arahja.md",
    "Handouts/Images/Portraits/Portrait of Arabelle.md",
    "Handouts/Images/Portraits/Portrait of Anna.md",
    "Handouts/Images/Portraits/Portrait of Adrian.md",
    "Handouts/Images/Places/Yester Hill.md",
    "Handouts/Images/Places/Tsolenka Pass Handout.md",
    "Handouts/Images/Places/Tower Door Handout.md",
    "Handouts/Images/Places/The Windmill.md",
    "Handouts/Images/Places/The Village of Krezk Image.md",
    "Handouts/Images/Places/The Tower.md",
    "Handouts/Images/Places/St Andral's Church.md",
    "Handouts/Images/Places/Ravenloft.md",
    "Handouts/Images/Places/Lake Baratok Handout.md",
    "Handouts/Images/Places/Gates of Barovia Image.md",
    "Handouts/Images/Places/Dining Hall Organ.md",
    "Handouts/Images/Places/Death House Front.md",
    "Handouts/Images/Places/Carnival Wagon.md",
    "Handouts/Images/Places/Blue Water Inn.md",
    "Handouts/Images/Places/Berez.md",
    "Handouts/Images/Places/Barovia Church.md",
    "Handouts/Images/Places/Argynvostholt Image.md",
    "Handouts/Images/Places/Amber Temple Front.md",
    "Handouts/Images/Places/Abbey of Saint Markovia Handout.md",
    "Custom Monsters/Zygfrek Belview Statblock.md",
    "Custom Monsters/Wintersplinter Statblock.md",
    "Custom Monsters/Wereraven Statblock.md",
    "Custom Monsters/Vladimir Horngaard Statblock.md",
    "Custom Monsters/Vine Blight Statblock.md",
    "Custom Monsters/Vampyr Statblock.md",
    "Custom Monsters/Sir Godfrey Gwilym Statblock.md",
    "Custom Monsters/Twig Blight Swarm Statblock.md",
    "Custom Monsters/Twig Blight Statblock.md",
    "Custom Monsters/Tree Blight Statblock.md",
    "Custom Monsters/Strahd Zombie Statblock.md",
    "Custom Monsters/Strahd Statblock.md",
    "Custom Monsters/Shadow Demon Statblock.md",
    "Custom Monsters/Scarecrow Statblock.md",
    "Custom Monsters/Rictavio Statblock.md",
    "Custom Monsters/Revenant Statblock.md",
    "Custom Monsters/Rahadin Statblock.md",
    "Custom Monsters/Poltergeist Statblock.md",
    "Custom Monsters/Pidlwick Statblock.md",
    "Custom Monsters/Piccolo Statblock.md",
    "Custom Monsters/Phantom Warrior Stat Block.md",
    "Custom Monsters/Otto Belview Statblock.md",
    "Custom Monsters/Nothic Statblock.md",
    "Custom Monsters/Night Hag (Spells Inlined).md",
    "Custom Monsters/Needle Blight Statblock.md",
    "Custom Monsters/Morgantha Stat Block.md",
    "Custom Monsters/Mongrelfolk Statblock.md",
    "Custom Monsters/Marzena Belview Statblock.md",
    "Custom Monsters/Mishka Belview Statblock.md",
    "Custom Monsters/Madam Eva Statblock.md",
    "Custom Monsters/Mad Mage Statblock.md",
    "Custom Monsters/Izek Stat Block.md",
    "Custom Monsters/Heart of Sorrow Statblock.md",
    "Custom Monsters/Gulthias Tree Statblock.md",
    "Custom Monsters/Flameskull.md",
    "Custom Monsters/Exethanter Stat Block.md",
    "Custom Monsters/Ezmerelda Statblock.md",
    "Custom Monsters/Death Slaad.md",
    "Custom Monsters/Druid Naturalist Statblock.md",
    "Custom Monsters/Escher Statblock.md",
    "Custom Monsters/Elite Guard Statblock.md",
    "Custom Monsters/Druid Assailant Statblock.md",
    "Custom Monsters/Dog.md",
    "Custom Monsters/Crawling Claw Statblock.md",
    "Custom Monsters/Child Wereraven Statblock.md",
    "Custom Monsters/Clovin Belview Statblock.md",
    "Custom Monsters/Baba Lysaga's Creeping Hut Statblock.md",
    "Custom Monsters/Baba Lysaga Statblock.md",
    "Custom Monsters/Arcanaloth.md",
    "Custom Monsters/Amber Golem.md",
    "Custom Monsters/Amber Ghast.md",
    "Characters/Zygfrek Belview.md",
    "Characters/Yeska.md",
    "Characters/Yolanda Martikov.md",
    "Characters/Yevgeni Krushkin.md",
    "Characters/Yelena Arasek.md",
    "Characters/Willemina Rikalova.md",
    "Characters/Vasilka.md",
    "Characters/Walter.md",
    "Characters/Vladimir Horngaard.md",
    "Characters/Vilnius.md",
    "Characters/Viggo Martikov.md",
    "Characters/Victor Vallakovich.md",
    "Characters/Vargas Vallakovich.md",
    "Characters/Vampyr.md",
    "Characters/Vadu.md",
    "Characters/Udo Lukovich.md",
    "Characters/Urwin Martikov.md",
    "Characters/Thornboldt.md",
    "Characters/The Abbot.md",
    "Characters/Tasha Petrovna.md",
    "Characters/Tenebrous.md",
    "Characters/Tatyana.md",
    "Characters/Szoldar Szoldarovich.md",
    "Characters/Strahd Von Zarovich.md",
    "Characters/Stella Wachter.md",
    "Characters/Stefania Martikov.md",
    "Characters/Sir Godfrey Gwilym.md",
    "Characters/Sergei.md",
    "Characters/Rosevalda.md",
    "Characters/Rina.md",
    "Characters/Rictavio.md",
    "Characters/Rahadin.md",
    "Characters/Queen Ravenovia.md",
    "Characters/Players/Shalooti.md",
    "Characters/Players/Pelanil.md",
    "Characters/Players/Elora.md",
    "Characters/Players/Bardolf.md",
    "Characters/Players/Anakir.md",
    "Characters/Pidlwick II.md",
    "Characters/Piccolo.md",
    "Characters/Patrina Velikovna.md",
    "Characters/Parriwimple.md",
    "Characters/Otto Belview.md",
    "Characters/Offalia Wormwiggle.md",
    "Characters/Nikolai Wachter.md",
    "Characters/Neferon.md",
    "Characters/Myrtle.md",
    "Characters/Muriel Vinshaw.md",
    "Characters/Ms Belasco.md",
    "Characters/Menigal, the Departed.md",
    "Characters/Morgantha.md",
    "Characters/Mishka Belview.md",
    "Characters/Mirabel.md",
    "Characters/Milivoj.md",
    "Characters/Marzena Belview.md",
    "Characters/Metarlos.md",
    "Characters/Majesto.md",
    "Characters/Madalena.md",
    "Characters/Martin Martikov.md",
    "Characters/Madam Eva.md",
    "Characters/Mad Mary.md",
    "Characters/Mad Mage of Mount Baratok.md",
    "Characters/Lydia Petrovna.md",
    "Characters/Luvash.md",
    "Characters/Kolyan Indirovich.md",
    "Characters/Lucien.md",
    "Characters/Lord Nikolai Wachter.md",
    "Characters/Lief Lipsiege.md",
    "Characters/King Barov.md",
    "Characters/Lancelot.md",
    "Characters/Kasimir Velikov.md",
    "Characters/Karl Wachter.md",
    "Characters/Jakarion.md",
    "Characters/Jeny Greenteeth.md",
    "Characters/Ismark Kolyanovich.md",
    "Characters/Izek Strazni.md",
    "Characters/Ilya Krezkov.md",
    "Characters/Ireena Kolyana.md",
    "Characters/Henrik van der Voort.md",
    "Characters/Gadof Blinsky.md",
    "Characters/Helga.md",
    "Characters/Haliq.md",
    "Characters/Gustav Durst.md",
    "Characters/Gunther Arasek.md",
    "Characters/Gertruda.md",
    "Characters/Freek.md",
    "Characters/Fiona Wachter.md",
    "Characters/Felix.md",
    "Characters/Father Lucian Petrovich.md",
    "Characters/Faina Janek.md",
    "Characters/Ezmerelda d'Avenir.md",
    "Characters/Escher.md",
    "Characters/Exethanter.md",
    "Characters/Ernst Larnak.md",
    "Characters/Emil Toranescu.md",
    "Characters/Elvir Martikov.md",
    "Characters/Elizabeth Durst.md",
    "Characters/Donavich.md",
    "Characters/Doru.md",
    "Characters/Dmitri Krezkov.md",
    "Characters/Dhavit.md",
    "Characters/Davian Martikov.md",
    "Characters/Danika Dorakova.md",
    "Characters/Cyrus Belview.md",
    "Characters/Dag Tomescu.md",
    "Characters/Burgomaster Lazlo Ulrich.md",
    "Characters/Clovin Belview.md",
    "Characters/Bluto.md",
    "Characters/Claudiu Martikov.md",
    "Characters/Brom Martikova.md",
    "Characters/Bray Martikov.md",
    "Characters/Bluto Krogarov.md",
    "Characters/Bildrath Cantemir.md",
    "Characters/Beucephalus.md",
    "Characters/Bella Sunbane.md",
    "Characters/Baba Lysaga.md",
    "Characters/Artimus.md",
    "Characters/Arrigal.md",
    "Characters/Arik Lorensk.md",
    "Characters/Argynvost.md",
    "Characters/Arahja.md",
    "Characters/Arabelle.md",
    "Characters/Anna Krezkova.md",
    "Characters/Amalthia.md",
    "Characters/Alexei.md",
    "Characters/Adrian Martikov.md",
    "Assets/Templates/Character.md",
    "Assets/Templates/Portrait.md",
    "Assets/Templates/Portrait from Character.md",
    "Assets/Templates/Handout.md",
    "Assets/Music/The Pink Panther Theme [VyZiIuMufTA].m4a",
    "Assets/Music/Ravenloft- Traveling the roads of Barovia [9G6CskLxgMI].m4a",
    "Assets/Music/Ravenloft- Barovia： Village of Barovia [dXTNvDeFdVU].m4a",
    "Assets/Music/Mission Impossible Theme (Full Theme) [XAYhNHhxN0A].m4a",
    "Assets/Music/Medieval Fantasy Tavern ｜ D&D Fantasy Music and Ambience [vyg5jJrZ42s].m4a",
    "Assets/Music/Into The Mists - An Epic Curse Of Strahd Soundtrack By Travis Savoie [uLpRctqGTWw].m4a",
    "Assets/Music/Into The Mists - An Epic Curse Of Strahd Soundtrack By Travis Savoie - 013 He Is The Ancient, He Is The Land [uLpRctqGTWw].m4a",
    "Assets/Music/Into The Mists - An Epic Curse Of Strahd Soundtrack By Travis Savoie - 012 Glimmer Of Hope [uLpRctqGTWw].m4a",
    "Assets/Music/Into The Mists - An Epic Curse Of Strahd Soundtrack By Travis Savoie - 011 Dark Vestiges [uLpRctqGTWw].m4a",
    "Assets/Music/Into The Mists - An Epic Curse Of Strahd Soundtrack By Travis Savoie - 010 The Creeping Hut [uLpRctqGTWw].m4a",
    "Assets/Music/Into The Mists - An Epic Curse Of Strahd Soundtrack By Travis Savoie - 009 Restless Knights [uLpRctqGTWw].m4a",
    "Assets/Music/Into The Mists - An Epic Curse Of Strahd Soundtrack By Travis Savoie - 008 All Against Darkness [uLpRctqGTWw].m4a",
    "Assets/Music/Into The Mists - An Epic Curse Of Strahd Soundtrack By Travis Savoie - 007 A Coveted Soul [uLpRctqGTWw].m4a",
    "Assets/Music/Into The Mists - An Epic Curse Of Strahd Soundtrack By Travis Savoie - 006 Dream Pastries [uLpRctqGTWw].m4a",
    "Assets/Music/Into The Mists - An Epic Curse Of Strahd Soundtrack By Travis Savoie - 005 Castle Ravenloft [uLpRctqGTWw].m4a",
    "Assets/Music/Into The Mists - An Epic Curse Of Strahd Soundtrack By Travis Savoie - 004 Dancing With The Wolves [uLpRctqGTWw].m4a",
    "Assets/Music/Into The Mists - An Epic Curse Of Strahd Soundtrack By Travis Savoie - 003 Barovian Legends [uLpRctqGTWw].m4a",
    "Assets/Music/Into The Mists - An Epic Curse Of Strahd Soundtrack By Travis Savoie - 002 Into The Mists [uLpRctqGTWw].m4a",
    "Assets/Music/Death House Music - 4) One Must Die ~ The Peace Guild OST [QUyDUe2Ecp0].m4a",
    "Assets/Music/Into The Mists - An Epic Curse Of Strahd Soundtrack By Travis Savoie - 001 Introduction [uLpRctqGTWw].m4a",
    "Assets/Music/Death House Music - 5) The Decayer Awakens ~ The Peace Guild OST [PnEnOGgCYcQ].m4a",
    "Assets/Music/Death House Music - 3) The Murdered Maid ~ The Peace Guild OST [RhBrss1_bh0].m4a",
    "Assets/Music/Death House Music - 2) Rose and Thorn ~ The Peace Guild OST [yDCC7EcDr3k].m4a",
    "Assets/Music/Death House Music - 1) Enter the House ~ The Peace Guild OST [3zQ7Nw8viok].m4a",
    "Assets/Music/CoS Vistani Camp [8TtFIT3x2PI].m4a",
    "Assets/Images/Misc/travis-scott-fire.gif",
    "Assets/Images/Misc/PXL_20231129_021419424.jpg",
    "Assets/Images/Misc/dead-pc.jpg",
    "Assets/Images/Misc/PXL_20231129_021411854.jpg",
    "Assets/Images/Misc/Black Carriage.jpg",
    "Assets/Images/Places/Yesterhill_small.png",
    "Assets/Images/Places/Yesterhilltop.png",
    "Assets/Images/Places/tsolenka pass.jpg",
    "Assets/Images/Places/Tower Door.jpg",
    "Assets/Images/Places/The Tower.jpg",
    "Assets/Images/Places/The Dining Hall Organ.jpg",
    "Assets/Images/Places/strahd statue yester hill.png",
    "Assets/Images/Places/St Andral's Church.webp",
    "Assets/Images/Places/Rictavio's Carnival Wagon.jpg",
    "Assets/Images/Places/Old Bonegrinder.webp",
    "Assets/Images/Places/ravenloft_castle.jpeg",
    "Assets/Images/Places/lake-baratok.jpg",
    "Assets/Images/Places/krezk.jpeg",
    "Assets/Images/Places/heart-of-sorrow.png",
    "Assets/Images/Places/gulthias-tree.jpg",
    "Assets/Images/Places/Gates of Barovia.webp",
    "Assets/Images/Places/death-house-front.jpg",
    "Assets/Images/Places/Dragon Statue.jpg",
    "Assets/Images/Places/burning-bonegrinder.webp",
    "Assets/Images/Places/Blue_water_inn.webp",
    "Assets/Images/Places/berez.jpg",
    "Assets/Images/Places/Barvia Church.jpg",
    "Assets/Images/Places/argyvostholt.jpg",
    "Assets/Images/Places/Amber Temple Front.png",
    "Assets/Images/People/zygfrek.jpeg",
    "Assets/Images/People/Yevgeni Krushkin.jpg",
    "Assets/Images/People/Yeska.jpg",
    "Assets/Images/People/yelena-arasek.jpg",
    "Assets/Images/People/willemina.webp",
    "Assets/Images/People/vladimir.webp",
    "Assets/Images/People/Vilnius.jpg",
    "Assets/Images/People/victor_vallakovich.jpg",
    "Assets/Images/People/vampyr.jpg",
    "Assets/Images/People/vasilka.jpg",
    "Assets/Images/People/vampire spawn.png",
    "Assets/Images/People/urwin.png",
    "Assets/Images/People/udo.jpg",
    "Assets/Images/People/strahd.jpeg",
    "Assets/Images/People/Szoldar Szoldarovich.jpg",
    "Assets/Images/People/Strahd and Beucephalus.jpg",
    "Assets/Images/People/stella.jpg",
    "Assets/Images/People/Rina.jpg",
    "Assets/Images/People/stefania.jpg",
    "Assets/Images/People/Rictavio.jpg",
    "Assets/Images/People/Rictavio-Token.png",
    "Assets/Images/People/Rahadin.webp",
    "Assets/Images/People/rahadin.jpeg",
    "Assets/Images/People/Pidlwick_II.webp",
    "Assets/Images/People/piccolo.webp",
    "Assets/Images/People/Parriwimple.jpg",
    "Assets/Images/People/otto.jpeg",
    "Assets/Images/People/nikolai and karl.jpg",
    "Assets/Images/People/neferon.webp",
    "Assets/Images/People/Myrtle.jpg",
    "Assets/Images/People/muriel.jpg",
    "Assets/Images/People/Morgantha_Unmasked.webp",
    "Assets/Images/People/morgantha.webp",
    "Assets/Images/People/mishka.webp",
    "Assets/Images/People/Milivoj.jpg",
    "Assets/Images/People/menigal.jpg",
    "Assets/Images/People/marzena.webp",
    "Assets/Images/People/Majesto.png",
    "Assets/Images/People/mad-mage-with-roc.png",
    "Assets/Images/People/mad-mage-drunk.png",
    "Assets/Images/People/mad mary.jpeg",
    "Assets/Images/People/mad mage.png",
    "Assets/Images/People/lydia.jpg",
    "Assets/Images/People/Luvash.jpg",
    "Assets/Images/People/Lucien.webp",
    "Assets/Images/People/Lucian_Petrovich.webp",
    "Assets/Images/People/Lief Lipsiege.jpg",
    "Assets/Images/People/kasimir.jpg",
    "Assets/Images/People/izek.webp",
    "Assets/Images/People/Ismark.jpg",
    "Assets/Images/People/Ireena Kolyanna.jpg",
    "Assets/Images/People/Henrik van der Voort.jpg",
    "Assets/Images/People/gunther-arasek.jpg",
    "Assets/Images/People/granny.jpeg",
    "Assets/Images/People/godfrey.jpg",
    "Assets/Images/People/Freek.jpg",
    "Assets/Images/People/gertruda.jpeg",
    "Assets/Images/People/Fiona_Wachter_29.webp",
    "Assets/Images/People/Fiona Wachter and Majesto.jpg",
    "Assets/Images/People/Exethanter.jpeg",
    "Assets/Images/People/Ezmerelda_dAvenir.webp",
    "Assets/Images/People/eva.jpeg",
    "Assets/Images/People/escher.jpeg",
    "Assets/Images/People/ernst.jpg",
    "Assets/Images/People/emil_toranescu.jpeg",
    "Assets/Images/People/ember-argynvost.jpg",
    "Assets/Images/People/Elvir.webp",
    "Assets/Images/People/Doru.jpeg",
    "Assets/Images/People/donavich.jpeg",
    "Assets/Images/People/dmitri-krezkov.jpg",
    "Assets/Images/People/death-house-kids.png",
    "Assets/Images/People/davian.jpg",
    "Assets/Images/People/danika-dorakova.jpg",
    "Assets/Images/People/Cyrus Belview.jpg",
    "Assets/Images/People/cypress_belview.jpeg",
    "Assets/Images/People/clovin.jpeg",
    "Assets/Images/People/cloaked rider.webp",
    "Assets/Images/People/Blinsky.webp",
    "Assets/Images/People/bluto.webp",
    "Assets/Images/People/Baron_Vargas_Vallakovich.jpg",
    "Assets/Images/People/Bildrath.jpg",
    "Assets/Images/People/Baba.webp",
    "Assets/Images/People/Arrigal.jpg",
    "Assets/Images/People/Arik the Barkeep V2.webp",
    "Assets/Images/People/argynvost.jpg",
    "Assets/Images/People/arahja.jpg",
    "Assets/Images/People/arabelle.png",
    "Assets/Images/People/annakrezkov.jpeg",
    "Assets/Images/People/alenka.png",
    "Assets/Images/People/Adrian.webp",
    "Assets/Images/People/Abbot.webp",
    "Assets/Images/People/abbot-true-form.jpeg",
    "Assets/Images/Monsters/vampyr.jpg.md",
    "Assets/Images/Monsters/vineblight.png",
    "Assets/Images/Monsters/Wintersplinter.webp",
    "Assets/Images/Monsters/werewolf-kids.webp",
    "Assets/Images/Monsters/twigblight.png",
    "Assets/Images/Monsters/Tree Blight.png",
    "Assets/Images/Monsters/Poltergeist.png",
    "Assets/Images/Monsters/needlblight.png",
    "Assets/Images/Monsters/Nothic.png",
    "Assets/Images/Monsters/Roc of Mount Ghakis.jpg",
    "Assets/Images/Monsters/giant-spider.jpg",
    "Assets/Images/Monsters/creeping-hut.webp",
    "Assets/Images/Monsters/Flameskull.png",
    "Assets/Images/Monsters/Death Slaad.png",
    "Assets/Images/Monsters/Crawling Claw.webp",
    "Assets/Images/Monsters/crab.webp",
    "Assets/Images/Monsters/berserker.jpg",
    "Assets/Images/Maps/Village of Barovia/01 - Church of the Morning Lord (Ground).webp",
    "Assets/Images/Maps/Wolfrun/Werewolf Den/03 - Werewolf Den (Shrine of Mother Night).webp",
    "Assets/Images/Maps/Wolfrun/Werewolf Den/04 - Werewolf Den (Ring of Stones).webp",
    "Assets/Images/Maps/Wolfrun/Werewolf Den/02 - Werewolf Den (Mountain).webp",
    "Assets/Images/Maps/Wolfrun/Werewolf Den/01 - Werewolf Den (Ground).webp",
    "Assets/Images/Maps/Wolfrun/Shrine of the White Sun/04 - Shrine of the White Sun (Roof with Snow).jpg",
    "Assets/Images/Maps/Wolfrun/Shrine of the White Sun/03 - Shrine of the White Sun (Roof).jpg",
    "Assets/Images/Maps/Wolfrun/Shrine of the White Sun/02 - Shrine of the White Sun (Ground with Snow).jpg",
    "Assets/Images/Maps/Wolfrun/Shrine of the White Sun/01 - Shrine of the White Sun (Ground).jpg",
    "Assets/Images/Maps/Wolfrun/Van Richten's Tower/07 - Van Richten's Tower (Destroyed).jpg",
    "Assets/Images/Maps/Wolfrun/Van Richten's Tower/04 - Van Richten's Tower (3rd Floor).jpg",
    "Assets/Images/Maps/Wolfrun/Van Richten's Tower/06 - Van Richten's Tower (Roof with Lightning).jpg",
    "Assets/Images/Maps/Wolfrun/Van Richten's Tower/05 - Van Richten's Tower (Roof).jpg",
    "Assets/Images/Maps/Wolfrun/Van Richten's Tower/03 - Van Richten's Tower (2nd Floor).jpg",
    "Assets/Images/Maps/Wolfrun/Van Richten's Tower/02 - Van Richten's Tower (1st Floor).jpg",
    "Assets/Images/Maps/Wolfrun/Van Richten's Tower/01 - Van Richten's Tower (Ground).jpg",
    "Assets/Images/Maps/Wolfrun/Krezk/krezk.jpg",
    "Assets/Images/Maps/Wolfrun/Krezk/krezk-dm.jpg",
    "Assets/Images/Maps/Wolfrun/Krezk Gate/03 - Krezk Gate (Roof).webp",
    "Assets/Images/Maps/Wolfrun/Krezk Gate/01 - Krezk Gate (Ground).webp",
    "Assets/Images/Maps/Wolfrun/Krezk Gate/02 - Krezk Gate (Walkway).webp",
    "Assets/Images/Maps/Wolfrun/Abbey of Saint Markovia/04 - Abbey of Saint Markovia (Wine Cellar).webp",
    "Assets/Images/Maps/Wolfrun/Abbey of Saint Markovia/03 - Abbey of Saint Markovia (Roof).webp",
    "Assets/Images/Maps/Wolfrun/Abbey of Saint Markovia/02 - Abbey of Saint Markovia (1st Floor).webp",
    "Assets/Images/Maps/Wolfrun/Abbey of Saint Markovia/01 - Abbey of Saint Markovia (Ground Floor).webp",
    "Assets/Images/Maps/Revenloft Moors/Tser Pool Encampment Day.webp",
    "Assets/Images/Maps/Revenloft Moors/Tser Falls Day.webp",
    "Assets/Images/Maps/Revenloft Moors/River Ivlis Crossroads Day.webp",
    "Assets/Images/Maps/Revenloft Moors/Old Bonegrinder/Map - Old Bonegrinder.jpg",
    "Assets/Images/Maps/Revenloft Moors/Old Bonegrinder/DM Map - Old Bonegrinder.jpg",
    "Assets/Images/Maps/Revenloft Moors/Old Bonegrinder/06 - Old Bonegrinder Day (Roof).webp",
    "Assets/Images/Maps/Revenloft Moors/Old Bonegrinder/05 - Old Bonegrinder Day (Attic).webp",
    "Assets/Images/Maps/Revenloft Moors/Old Bonegrinder/04 - Old Bonegrinder Day (2nd Floor).webp",
    "Assets/Images/Maps/Revenloft Moors/Old Bonegrinder/03 - Old Bonegrinder Day (1st Floor).webp",
    "Assets/Images/Maps/Revenloft Moors/Old Bonegrinder/02 - Old Bonegrinder Day Alt (Ground Floor - Clean).webp",
    "Assets/Images/Maps/Revenloft Moors/Old Bonegrinder/01 - Old Bonegrinder Day (Ground Floor).webp",
    "Assets/Images/Maps/Vallaki Valley/Wachterhaus/Map - Wachterhaus.jpg",
    "Assets/Images/Maps/Vallaki Valley/Wachterhaus/DM Map - Wachterhaus.jpg",
    "Assets/Images/Maps/Vallaki Valley/Wachterhaus/04 - Wachterhaus Day (Roof).webp",
    "Assets/Images/Maps/Vallaki Valley/Wachterhaus/03 - Wachterhaus (Cellar).webp",
    "Assets/Images/Maps/Vallaki Valley/Wachterhaus/01 - Wachterhaus Day (Ground Floor).webp",
    "Assets/Images/Maps/Vallaki Valley/Wachterhaus/02 - Wachterhaus Day (1st Floor).webp",
    "Assets/Images/Maps/Vallaki Valley/Vistani Camp/Map - Vistani Camp.jpg",
    "Assets/Images/Maps/Vallaki Valley/Vistani Camp/02 - Vistani Camp Day (Roof).webp",
    "Assets/Images/Maps/Vallaki Valley/Vistani Camp/DM Map - Vistani Camp.jpg",
    "Assets/Images/Maps/Vallaki Valley/Vistani Camp/01 - Vistani Camp Day (Ground).webp",
    "Assets/Images/Maps/Vallaki Valley/Vallaki Town Square/03 - Vallaki Town Square Day (Festival of the Blazing Sun - Rain).webp",
    "Assets/Images/Maps/Vallaki Valley/Vallaki Town Square/01 - Vallaki Town Square Day.webp",
    "Assets/Images/Maps/Vallaki Valley/Vallaki Town Square/02 - Vallaki Town Square Day (Festival of the Blazing Sun).webp",
    "Assets/Images/Maps/Vallaki Valley/vallaki-shopping.jpg",
    "Assets/Images/Maps/Vallaki Valley/Reformation Center/reformation center.jpeg",
    "Assets/Images/Maps/Vallaki Valley/St Andral's Church/02 - St Andral_s Church Day (Roof).webp",
    "Assets/Images/Maps/Vallaki Valley/St Andral's Church/01 - St Andral_s Church Day (Ground).webp",
    "Assets/Images/Maps/Vallaki Valley/Lake Zarovich/01 - Lake Zarovich Day (with Boats).webp",
    "Assets/Images/Maps/Vallaki Valley/Lake Zarovich/02 - Lake Zarovich Day (no Boats).webp",
    "Assets/Images/Maps/Vallaki Valley/Orphanage/Orphanage Map.jpg",
    "Assets/Images/Maps/Vallaki Valley/Map - Vallaki.jpg",
    "Assets/Images/Maps/Vallaki Valley/East Gate/02 - Vallaki East Gate Day (Palisade Walkway).webp",
    "Assets/Images/Maps/Vallaki Valley/East Gate/01 - Vallaki East Gate Day (Ground).webp",
    "Assets/Images/Maps/Vallaki Valley/krezk-shopping.jpg",
    "Assets/Images/Maps/Vallaki Valley/Kasimir's Hovel/02 - Kasimir_s Hovel Day (Roof).webp",
    "Assets/Images/Maps/Vallaki Valley/Kasimir's Hovel/01 - Kasimir_s Hovel Day (Ground Floor).webp",
    "Assets/Images/Maps/Vallaki Valley/Burgomaster's Mansion/DM Map - Burgomaster's Mansion.jpg",
    "Assets/Images/Maps/Vallaki Valley/Burgomaster's Mansion/Map - Burgomaster's Mansion.jpg",
    "Assets/Images/Maps/Vallaki Valley/Burgomaster's Mansion/04 - Burgomaster_s Mansion Day (Teleportation Circle).webp",
    "Assets/Images/Maps/Vallaki Valley/Burgomaster's Mansion/05 - Burgomaster_s Mansion Day (Roof).webp",
    "Assets/Images/Maps/Vallaki Valley/Burgomaster's Mansion/03 - Burgomaster_s Mansion Day (Attic).webp",
    "Assets/Images/Maps/Vallaki Valley/Burgomaster's Mansion/02 - Burgomaster_s Mansion Day (1st Floor).webp",
    "Assets/Images/Maps/Vallaki Valley/Burgomaster's Mansion/01 - Burgomaster_s Mansion Day (Ground Floor).webp",
    "Assets/Images/Maps/Vallaki Valley/DM Map - Vallaki.jpg",
    "Assets/Images/Maps/Vallaki Valley/Coffin Maker's Shop/03 - Coffin Maker_s shop Day (Roof).webp",
    "Assets/Images/Maps/Vallaki Valley/Coffin Maker's Shop/Map - Coffin Maker's Shop.jpg",
    "Assets/Images/Maps/Vallaki Valley/Coffin Maker's Shop/DM Map - Coffin Maker's Shop.jpg",
    "Assets/Images/Maps/Vallaki Valley/Coffin Maker's Shop/02 - Coffin Maker_s Shop Day (1st Floor).webp",
    "Assets/Images/Maps/Vallaki Valley/Coffin Maker's Shop/01 - Coffin Maker_s Shop Day (Ground Floor).webp",
    "Assets/Images/Maps/Vallaki Valley/Blue Water Inn/Map - Blue Water Inn.jpg",
    "Assets/Images/Maps/Vallaki Valley/Blue Water Inn/DM Map - Blue Water Inn.jpg",
    "Assets/Images/Maps/Vallaki Valley/Blue Water Inn/03 - Blue Water Inn Day (Roof).webp",
    "Assets/Images/Maps/Vallaki Valley/Blue Water Inn/02 - Blue Water Inn Day (1st Floor).webp",
    "Assets/Images/Maps/Vallaki Valley/Blue Water Inn/01 - Blue Water Inn Day (Ground).webp",
    "Assets/Images/Maps/Mound Ghakis/Tsolenka Pass Gate/09 - Tsolenka Pass Gate (Roof without Fire, with Vrocks).webp",
    "Assets/Images/Maps/Mound Ghakis/Tsolenka Pass Gate/10 - Tsolenka Pass Gate (Roof without Fire & Vrocks).webp",
    "Assets/Images/Maps/Mound Ghakis/Tsolenka Pass Gate/08 - Tsolenka Pass Gate (Roof with Fire, without Vrocks).webp",
    "Assets/Images/Maps/Mound Ghakis/Tsolenka Pass Gate/07 - Tsolenka Pass Gate (Roof with Fire & Vrocks).webp",
    "Assets/Images/Maps/Mound Ghakis/Tsolenka Pass Gate/06 - Tsolenka Pass Gate (1st Floor without Fire & Vrocks).webp",
    "Assets/Images/Maps/Mound Ghakis/Tsolenka Pass Gate/05 - Tsolenka Pass Gate (1st Floor without Fire, with Vrocks).webp",
    "Assets/Images/Maps/Mound Ghakis/Tsolenka Pass Gate/04 - Tsolenka Pass Gate (1st Floor with Fire, without Vrocks).webp",
    "Assets/Images/Maps/Mound Ghakis/Tsolenka Pass Gate/02 - Tsolenka Pass Gate (Ground without Fire).webp",
    "Assets/Images/Maps/Mound Ghakis/Tsolenka Pass Gate/03 - Tsolenka Pass Gate (1st Floor with Fire & Vrocks).webp",
    "Assets/Images/Maps/Mound Ghakis/Tsolenka Pass Gate/01 - Tsolenka Pass Gate (Ground with Fire).webp",
    "Assets/Images/Maps/Mound Ghakis/Tsolenka Pass Bridge/02 - Tsolenka Pass Bridge (Arches).webp",
    "Assets/Images/Maps/Mound Ghakis/Tsolenka Pass Bridge/01 - Tsolenka Pass Bridge (Ground).webp",
    "Assets/Images/Maps/Mound Ghakis/Map - Tsolenka Pass.jpg",
    "Assets/Images/Maps/Mound Ghakis/Amber Temple/DM Map - Amber Temple Upper.jpg",
    "Assets/Images/Maps/Mound Ghakis/Amber Temple/Amber Temple Upper.jpg",
    "Assets/Images/Maps/Mound Ghakis/Amber Temple/DM Map - Amber Temple Lower.jpg",
    "Assets/Images/Maps/Mound Ghakis/Amber Temple/Amber Temple Lower.jpg",
    "Assets/Images/Maps/Mound Ghakis/Amber Temple/03 - The Amber Temple (Lower Level).webp",
    "Assets/Images/Maps/Mound Ghakis/Amber Temple/02 - The Amber Temple (Upper Level - without Illusion).webp",
    "Assets/Images/Maps/Mound Ghakis/Amber Temple/01 - The Amber Temple (Upper Level - with Illusion).webp",
    "Assets/Images/Maps/Mound Ghakis/DM Map - Tsolenka Pass.jpg",
    "Assets/Images/Maps/Forest Fane/02 - The Forest Fane Day (Shrine).webp",
    "Assets/Images/Maps/Forest Fane/01 -The Forest Fane Day (Megaliths).webp",
    "Assets/Images/Maps/Druidic Groves/Yester Hill.jpg",
    "Assets/Images/Maps/Druidic Groves/YesterHill-DM.jpg",
    "Assets/Images/Maps/Druidic Groves/Yester Hill - Copse of the Gulthias Tree/02 - Copse of the Gulthias Tree (Mountain Fane).webp",
    "Assets/Images/Maps/Druidic Groves/Yester Hill - Copse of the Gulthias Tree/01 - Copse of the Gulthias Tree Day (Ground).webp",
    "Assets/Images/Maps/Druidic Groves/Yester Hill - Druid's Circle/01 - Druid_s Circle Day.webp",
    "Assets/Images/Maps/Druidic Groves/Yester Hill - Berserker Cairns/01 - Berserker_s Cairn Day.webp",
    "Assets/Images/Maps/Druidic Groves/Wizard of Wines Winery/wizard of wines.jpg",
    "Assets/Images/Maps/Druidic Groves/Wizard of Wines Winery/wizard of wines DM.jpg",
    "Assets/Images/Maps/Druidic Groves/Wizard of Wines Winery/04 - Wizard of Wines Winery (Cellar).webp",
    "Assets/Images/Maps/Druidic Groves/Wizard of Wines Winery/01 - Wizard of Wines Winery Day (Ground Floor).webp",
    "Assets/Images/Maps/Druidic Groves/Wizard of Wines Winery/03 - Wizard of Wines Winery Day (Roof).webp",
    "Assets/Images/Maps/Druidic Groves/Wizard of Wines Winery/02 - Wizard of Wines Winery Day (1st Floor).webp",
    "Assets/Images/Maps/Bogs of Berez/Swamps Edge/Swamp_s Edge Day.webp",
    "Assets/Images/Maps/Bogs of Berez/Swamps Edge/berez_water.jpg",
    "Assets/Images/Maps/Bogs of Berez/Swamp Fane/03 - The Swamp Fane (with Runes Activated).webp",
    "Assets/Images/Maps/Bogs of Berez/Swamp Fane/02 - The Swamp Fane (with Runes).webp",
    "Assets/Images/Maps/Bogs of Berez/Swamp Fane/01 - The Swamp Fane (Base).webp",
    "Assets/Images/Maps/Bogs of Berez/Swamp Encounter/Swamp Encounter Day.webp",
    "Assets/Images/Maps/Bogs of Berez/Marina's Monument/Marina's Monument.webp",
    "Assets/Images/Maps/Bogs of Berez/DM Berez Map.jpg",
    "Assets/Images/Maps/Bogs of Berez/creeping-hut.webp",
    "Assets/Images/Maps/Bogs of Berez/creeping-hut-dm.webp",
    "Assets/Images/Maps/Bogs of Berez/Berez Map.jpg",
    "Assets/Images/Maps/Bogs of Berez/Berez Churchyard/02 - Berez - Churchyard (Raising the Stakes Variant).webp",
    "Assets/Images/Maps/Bogs of Berez/Berez Churchyard/01 - Berez - Churchyard.webp",
    "Assets/Images/Maps/Castle Ravenloft/Spires of Ravenloft/12 - Castle Ravenloft (Roof - No Lighting).webp",
    "Assets/Images/Maps/Castle Ravenloft/Spires of Ravenloft/11 - Castle Ravenloft (Roof).webp",
    "Assets/Images/Maps/Castle Ravenloft/Spires of Ravenloft/10 - Castle Ravenloft (7th Floor - No Lighting).webp",
    "Assets/Images/Maps/Castle Ravenloft/Spires of Ravenloft/09 - Castle Ravenloft (7th Floor).webp",
    "Assets/Images/Maps/Castle Ravenloft/Spires of Ravenloft/07 - Castle Ravenloft (6th Floor).webp",
    "Assets/Images/Maps/Castle Ravenloft/Spires of Ravenloft/08 - Castle Ravenloft (6th Floor - No Lighting).webp",
    "Assets/Images/Maps/Castle Ravenloft/Spires of Ravenloft/06 - Castle Ravenloft (5th Floor - No Lighting).webp",
    "Assets/Images/Maps/Castle Ravenloft/Spires of Ravenloft/06 - Castle Ravenloft (5th Floor - No Heart of Sorrow - No Lighting).webp",
    "Assets/Images/Maps/Castle Ravenloft/Spires of Ravenloft/05 - Castle Ravenloft (5th Floor).webp",
    "Assets/Images/Maps/Castle Ravenloft/Spires of Ravenloft/05 - Castle Ravenloft (5th Floor - No Heart of Sorrow).webp",
    "Assets/Images/Maps/Castle Ravenloft/Spires of Ravenloft/04 - Castle Ravenloft (4th Floor - No Lighting).webp",
    "Assets/Images/Maps/Castle Ravenloft/Spires of Ravenloft/02 - Castle Ravenloft (3rd Floor - No Lighting).webp",
    "Assets/Images/Maps/Castle Ravenloft/Spires of Ravenloft/03 - Castle Ravenloft (4th Floor).webp",
    "Assets/Images/Maps/Castle Ravenloft/Spires of Ravenloft/01 - Castle Ravenloft (3rd Floor).webp",
    "Assets/Images/Maps/Castle Ravenloft/Dungeons & Catacombs/07 - Castle Ravenloft Lower Dungeon (Crypts 14, 31, & 35).webp",
    "Assets/Images/Maps/Castle Ravenloft/Dungeons & Catacombs/06 - Castle Ravenloft Lower Dungeon (No Golems - No Items - No Lighting).webp",
    "Assets/Images/Maps/Castle Ravenloft/Dungeons & Catacombs/05 - Castle Ravenloft Lower Dungeon (No Golems - No Items).webp",
    "Assets/Images/Maps/Castle Ravenloft/Dungeons & Catacombs/04 - Castle Ravenloft Lower Dungeon (No Golems - No Lighting).webp",
    "Assets/Images/Maps/Castle Ravenloft/Dungeons & Catacombs/03 - Castle Ravenloft Lower Dungeon (No Golems).webp",
    "Assets/Images/Maps/Castle Ravenloft/Dungeons & Catacombs/02 - Castle Ravenloft Lower Dungeon (No Lighting).webp",
    "Assets/Images/Maps/Castle Ravenloft/Dungeons & Catacombs/01 - Castle Ravenloft Lower Dungeon.webp",
    "Assets/Images/Maps/Castle Ravenloft/Larders of Ill Omen/06 - Castle Ravenloft (Upper Dungeon - Hall of Bones Overlay without Argynvost - No Lighting).webp",
    "Assets/Images/Maps/Castle Ravenloft/Larders of Ill Omen/05 - Castle Ravenloft (Upper Dungeon - Hall of Bones Overlay without Argynvost).webp",
    "Assets/Images/Maps/Castle Ravenloft/Larders of Ill Omen/03 - Castle Ravenloft (Upper Dungeon - Hall of Bones Overlay with Argynvost).webp",
    "Assets/Images/Maps/Castle Ravenloft/Larders of Ill Omen/04 - Castle Ravenloft (Upper Dungeon - Hall of Bones Overlay with Argynvost - No Lighting).webp",
    "Assets/Images/Maps/Castle Ravenloft/Larders of Ill Omen/02 - Castle Ravenloft (Upper Dungeon - No Lighting).webp",
    "Assets/Images/Maps/Castle Ravenloft/Larders of Ill Omen/01 - Castle Ravenloft (Upper Dungeon).webp",
    "Assets/Images/Maps/Castle Ravenloft/Main Floor/03 - Castle Ravenloft (Ground Floor - No Lighting).webp",
    "Assets/Images/Maps/Castle Ravenloft/Main Floor/04 - Castle Ravenloft (Ground Floor - Original Table Placement, No Lighting).webp",
    "Assets/Images/Maps/Castle Ravenloft/Main Floor/01 - Castle Ravenloft (Ground Floor).webp",
    "Assets/Images/Maps/Castle Ravenloft/Main Floor/02 - Castle Ravenloft (Ground Floor - Original Table Placement).webp",
    "Assets/Images/Maps/Castle Ravenloft/Court of the Count/02 - Castle Ravenloft (1st Floor - No Lighting).webp",
    "Assets/Images/Maps/Castle Ravenloft/Court of the Count/01 - Castle Ravenloft (1st Floor).webp",
    "Assets/Images/Maps/barovia_village_untagged.jpg",
    "Assets/Images/Maps/barovia_untagged.webp",
    "Assets/Images/Maps/barovia_village_tagged.jpg",
    "Assets/Images/Maps/barovia_tagged.jpg",
    "Assets/Images/Maps/Argynvostholt/Map - Argynvostholt 2.jpg",
    "Assets/Images/Maps/Argynvostholt/DM Map - Argynvostholt 2.jpg",
    "Assets/Images/Maps/Argynvostholt/Map - Argynvostholt 1.jpg",
    "Assets/Images/Maps/Argynvostholt/DM Map - Argynvostholt 1.jpg",
    "Assets/Images/Maps/01 - Old Svalich Road Encounter Day.webp",
    "Assets/Images/barovia_untagged.tif",
    "Assets/Images/Items/Tome_of_Strahd.webp",
    "Assets/Images/Items/tome2.jpg",
    "Assets/Images/Items/tome1.jpg",
    "Assets/Images/Items/Sunsword.png",
    "Assets/Images/Items/Icon of Ravenloft.png",
    "Assets/Images/Items/Strahd's Invitation.jpg",
    "Assets/Images/Items/holy symbol of ravenkind.jpg",
    "Assets/Images/Items/Gulthias.webp",
    "Assets/Images/Items/green-copper-ewer.webp",
    "Assets/Images/Items/adventurere-battleaxe.webp",
    "Assets/Images/Items/bloodspear.webp"
  ]
}
[2026-05-25T12:13:20.483Z] [Fit] File clashes detected: {
  "clashCount": 1867,
  "clashes": [
    {
      "path": ".DS_Store",
      "localStatus": "untracked",
      "remoteStatus": "ADDED"
    },
    {
      "path": ".gitignore",
      "localStatus": "untracked",
      "remoteStatus": "ADDED"
    },
    {
      "path": ".obsidian/.DS_Store",
      "localStatus": "untracked",
      "remoteStatus": "ADDED"
    },
    {
      "path": ".obsidian/app.json",
      "localStatus": "untracked",
      "remoteStatus": "ADDED"
    },
    {
      "path": ".obsidian/appearance.json",
      "localStatus": "untracked",
      "remoteStatus": "ADDED"
    },
    {
      "path": ".obsidian/community-plugins.json",
      "localStatus": "untracked",
      "remoteStatus": "ADDED"
    },
    {
      "path": ".obsidian/core-plugins-migration.json",
      "localStatus": "untracked",
      "remoteStatus": "ADDED"
    },
    {
      "path": ".obsidian/core-plugins.json",
      "localStatus": "untracked",
      "remoteStatus": "ADDED"
    },
    {
      "path": ".obsidian/daily-notes.json",
      "localStatus": "untracked",
      "remoteStatus": "ADDED"
    },
    {
      "path": ".obsidian/data.json",
      "localStatus": "untracked",
      "remoteStatus": "ADDED"
    },
    {
      "path": ".obsidian/dataview-back/data.json",
      "localStatus": "untracked",
      "remoteStatus": "ADDED"
    },
    {
      "path": ".obsidian/dataview-back/main.js",
      "localStatus": "untracked",
      "remoteStatus": "ADDED"
    },
    {
      "path": ".obsidian/dataview-back/manifest.json",
      "localStatus": "untracked",
      "remoteStatus": "ADDED"
    },
    {
      "path": ".obsidian/dataview-back/styles.css",
      "localStatus": "untracked",
      "remoteStatus": "ADDED"
    },
    {
      "path": ".obsidian/graph.json",
      "localStatus": "untracked",
      "remoteStatus": "ADDED"
    },
    {
      "path": ".obsidian/hotkeys.json",
      "localStatus": "untracked",
      "remoteStatus": "ADDED"
    },
    {
      "path": ".obsidian/page-preview.json",
      "localStatus": "untracked",
      "remoteStatus": "ADDED"
    },
    {
      "path": ".obsidian/plugins/.DS_Store",
      "localStatus": "untracked",
      "remoteStatus": "ADDED"
    },
    {
      "path": ".obsidian/plugins/calendarium/data.json",
      "localStatus": "untracked",
      "remoteStatus": "ADDED"
    },
    {
      "path": ".obsidian/plugins/calendarium/main.js",
      "localStatus": "untracked",
      "remoteStatus": "ADDED"
    },
    {
      "path": ".obsidian/plugins/calendarium/manifest.json",
      "localStatus": "untracked",
      "remoteStatus": "ADDED"
    },
    {
      "path": ".obsidian/plugins/calendarium/styles.css",
      "localStatus": "untracked",
      "remoteStatus": "ADDED"
    },
    {
      "path": ".obsidian/plugins/dataview/data.json",
      "localStatus": "untracked",
      "remoteStatus": "ADDED"
    },
    {
      "path": ".obsidian/plugins/dataview/main.js",
      "localStatus": "untracked",
      "remoteStatus": "ADDED"
    },
    {
      "path": ".obsidian/plugins/dataview/manifest.json",
      "localStatus": "untracked",
      "remoteStatus": "ADDED"
    },
    {
      "path": ".obsidian/plugins/dataview/styles.css",
      "localStatus": "untracked",
      "remoteStatus": "ADDED"
    },
    {
      "path": ".obsidian/plugins/fantasy-calendar/data.json",
      "localStatus": "untracked",
      "remoteStatus": "ADDED"
    },
    {
      "path": ".obsidian/plugins/fantasy-calendar/main.js",
      "localStatus": "untracked",
      "remoteStatus": "ADDED"
    },
    {
      "path": ".obsidian/plugins/fantasy-calendar/manifest.json",
      "localStatus": "untracked",
      "remoteStatus": "ADDED"
    },
    {
      "path": ".obsidian/plugins/fantasy-calendar/styles.css",
      "localStatus": "untracked",
      "remoteStatus": "ADDED"
    },
    {
      "path": ".obsidian/plugins/fantasy-statblocks/data.json",
      "localStatus": "untracked",
      "remoteStatus": "ADDED"
    },
    {
      "path": ".obsidian/plugins/fantasy-statblocks/main.js",
      "localStatus": "untracked",
      "remoteStatus": "ADDED"
    },
    {
      "path": ".obsidian/plugins/fantasy-statblocks/manifest.json",
      "localStatus": "untracked",
      "remoteStatus": "ADDED"
    },
    {
      "path": ".obsidian/plugins/fantasy-statblocks/styles.css",
      "localStatus": "untracked",
      "remoteStatus": "ADDED"
    },
    {
      "path": ".obsidian/plugins/fit/data.json",
      "localStatus": "untracked",
      "remoteStatus": "ADDED"
    },
    {
      "path": ".obsidian/plugins/fit/debug.log",
      "localStatus": "untracked",
      "remoteStatus": "ADDED"
    },
    {
      "path": ".obsidian/plugins/fit/main.js",
      "localStatus": "untracked",
      "remoteStatus": "ADDED"
    },
    {
      "path": ".obsidian/plugins/fit/manifest.json",
      "localStatus": "untracked",
      "remoteStatus": "ADDED"
    },
    {
      "path": ".obsidian/plugins/fit/styles.css",
      "localStatus": "untracked",
      "remoteStatus": "ADDED"
    },
    {
      "path": ".obsidian/plugins/initiative-tracker/data.json",
      "localStatus": "untracked",
      "remoteStatus": "ADDED"
    },
    {
      "path": ".obsidian/plugins/initiative-tracker/main.js",
      "localStatus": "untracked",
      "remoteStatus": "ADDED"
    },
    {
      "path": ".obsidian/plugins/initiative-tracker/manifest.json",
      "localStatus": "untracked",
      "remoteStatus": "ADDED"
    },
    {
      "path": ".obsidian/plugins/initiative-tracker/styles.css",
      "localStatus": "untracked",
      "remoteStatus": "ADDED"
    },
    {
      "path": ".obsidian/plugins/media-extended/data.json",
      "localStatus": "untracked",
      "remoteStatus": "ADDED"
    },
    {
      "path": ".obsidian/plugins/media-extended/main.js",
      "localStatus": "untracked",
      "remoteStatus": "ADDED"
    },
    {
      "path": ".obsidian/plugins/media-extended/manifest.json",
      "localStatus": "untracked",
      "remoteStatus": "ADDED"
    },
    {
      "path": ".obsidian/plugins/media-extended/styles.css",
      "localStatus": "untracked",
      "remoteStatus": "ADDED"
    },
    {
      "path": ".obsidian/plugins/obsidian-5e-statblocks/data.json",
      "localStatus": "untracked",
      "remoteStatus": "ADDED"
    },
    {
      "path": ".obsidian/plugins/obsidian-5e-statblocks/main.js",
      "localStatus": "untracked",
      "remoteStatus": "ADDED"
    },
    {
      "path": ".obsidian/plugins/obsidian-5e-statblocks/manifest.json",
      "localStatus": "untracked",
      "remoteStatus": "ADDED"
    },
    {
      "path": ".obsidian/plugins/obsidian-5e-statblocks/styles.css",
      "localStatus": "untracked",
      "remoteStatus": "ADDED"
    },
    {
      "path": ".obsidian/plugins/obsidian-advanced-uri/data.json",
      "localStatus": "untracked",
      "remoteStatus": "ADDED"
    },
    {
      "path": ".obsidian/plugins/obsidian-advanced-uri/main.js",
      "localStatus": "untracked",
      "remoteStatus": "ADDED"
    },
    {
      "path": ".obsidian/plugins/obsidian-advanced-uri/manifest.json",
      "localStatus": "untracked",
      "remoteStatus": "ADDED"
    },
    {
      "path": ".obsidian/plugins/obsidian-dice-roller/data.json",
      "localStatus": "untracked",
      "remoteStatus": "ADDED"
    },
    {
      "path": ".obsidian/plugins/obsidian-dice-roller/main.js",
      "localStatus": "untracked",
      "remoteStatus": "ADDED"
    },
    {
      "path": ".obsidian/plugins/obsidian-dice-roller/manifest.json",
      "localStatus": "untracked",
      "remoteStatus": "ADDED"
    },
    {
      "path": ".obsidian/plugins/obsidian-dice-roller/styles.css",
      "localStatus": "untracked",
      "remoteStatus": "ADDED"
    },
    {
      "path": ".obsidian/plugins/obsidian-enhancing-export/lua/citefilter.lua",
      "localStatus": "untracked",
      "remoteStatus": "ADDED"
    },
    {
      "path": ".obsidian/plugins/obsidian-enhancing-export/lua/markdown+hugo.lua",
      "localStatus": "untracked",
      "remoteStatus": "ADDED"
    },
    {
      "path": ".obsidian/plugins/obsidian-enhancing-export/lua/markdown.lua",
      "localStatus": "untracked",
      "remoteStatus": "ADDED"
    },
    {
      "path": ".obsidian/plugins/obsidian-enhancing-export/lua/math_block.lua",
      "localStatus": "untracked",
      "remoteStatus": "ADDED"
    },
    {
      "path": ".obsidian/plugins/obsidian-enhancing-export/lua/pdf.lua",
      "localStatus": "untracked",
      "remoteStatus": "ADDED"
    },
    {
      "path": ".obsidian/plugins/obsidian-enhancing-export/lua/polyfill.lua",
      "localStatus": "untracked",
      "remoteStatus": "ADDED"
    },
    {
      "path": ".obsidian/plugins/obsidian-enhancing-export/lua/url.lua",
      "localStatus": "untracked",
      "remoteStatus": "ADDED"
    },
    {
      "path": ".obsidian/plugins/obsidian-enhancing-export/lua/utf8_filenames.lua",
      "localStatus": "untracked",
      "remoteStatus": "ADDED"
    },
    {
      "path": ".obsidian/plugins/obsidian-enhancing-export/main.js",
      "localStatus": "untracked",
      "remoteStatus": "ADDED"
    },
    {
      "path": ".obsidian/plugins/obsidian-enhancing-export/manifest.json",
      "localStatus": "untracked",
      "remoteStatus": "ADDED"
    },
    {
      "path": ".obsidian/plugins/obsidian-enhancing-export/styles.css",
      "localStatus": "untracked",
      "remoteStatus": "ADDED"
    },
    {
      "path": ".obsidian/plugins/obsidian-enhancing-export/textemplate/dissertation.tex",
      "localStatus": "untracked",
      "remoteStatus": "ADDED"
    },
    {
      "path": ".obsidian/plugins/obsidian-enhancing-export/textemplate/neurips.sty",
      "localStatus": "untracked",
      "remoteStatus": "ADDED"
    },
    {
      "path": ".obsidian/plugins/obsidian-enhancing-export/textemplate/neurips.tex",
      "localStatus": "untracked",
      "remoteStatus": "ADDED"
    },
    {
      "path": ".obsidian/plugins/obsidian-git/data.json",
      "localStatus": "untracked",
      "remoteStatus": "ADDED"
    },
    {
      "path": ".obsidian/plugins/obsidian-git/main.js",
      "localStatus": "untracked",
      "remoteStatus": "ADDED"
    },
    {
      "path": ".obsidian/plugins/obsidian-git/manifest.json",
      "localStatus": "untracked",
      "remoteStatus": "ADDED"
    },
    {
      "path": ".obsidian/plugins/obsidian-git/styles.css",
      "localStatus": "untracked",
      "remoteStatus": "ADDED"
    },
    {
      "path": ".obsidian/plugins/obsidian-hotkeys-for-templates/data.json",
      "localStatus": "untracked",
      "remoteStatus": "ADDED"
    },
    {
      "path": ".obsidian/plugins/obsidian-hotkeys-for-templates/main.js",
      "localStatus": "untracked",
      "remoteStatus": "ADDED"
    },
    {
      "path": ".obsidian/plugins/obsidian-hotkeys-for-templates/manifest.json",
      "localStatus": "untracked",
      "remoteStatus": "ADDED"
    },
    {
      "path": ".obsidian/plugins/obsidian-shellcommands/data-backup-version-0.18.0-before-upgrading-to-0.19.0.json",
      "localStatus": "untracked",
      "remoteStatus": "ADDED"
    },
    {
      "path": ".obsidian/plugins/obsidian-shellcommands/data-backup-version-0.19.0-before-upgrading-to-0.20.0.json",
      "localStatus": "untracked",
      "remoteStatus": "ADDED"
    },
    {
      "path": ".obsidian/plugins/obsidian-shellcommands/data-backup-version-0.20.0-before-upgrading-to-0.21.0.json",
      "localStatus": "untracked",
      "remoteStatus": "ADDED"
    },
    {
      "path": ".obsidian/plugins/obsidian-shellcommands/data-backup-version-0.21.0-before-upgrading-to-0.22.0.json",
      "localStatus": "untracked",
      "remoteStatus": "ADDED"
    },
    {
      "path": ".obsidian/plugins/obsidian-shellcommands/data.json",
      "localStatus": "untracked",
      "remoteStatus": "ADDED"
    },
    {
      "path": ".obsidian/plugins/obsidian-shellcommands/main.js",
      "localStatus": "untracked",
      "remoteStatus": "ADDED"
    },
    {
      "path": ".obsidian/plugins/obsidian-shellcommands/manifest.json",
      "localStatus": "untracked",
      "remoteStatus": "ADDED"
    },
    {
      "path": ".obsidian/plugins/obsidian-shellcommands/styles.css",
      "localStatus": "untracked",
      "remoteStatus": "ADDED"
    },
    {
      "path": ".obsidian/plugins/smart-connections/data.json",
      "localStatus": "untracked",
      "remoteStatus": "ADDED"
    },
    {
      "path": ".obsidian/plugins/smart-connections/main.js",
      "localStatus": "untracked",
      "remoteStatus": "ADDED"
    },
    {
      "path": ".obsidian/plugins/smart-connections/manifest.json",
      "localStatus": "untracked",
      "remoteStatus": "ADDED"
    },
    {
      "path": ".obsidian/plugins/smart-connections/styles.css",
      "localStatus": "untracked",
      "remoteStatus": "ADDED"
    },
    {
      "path": ".obsidian/plugins/templater-obsidian/data.json",
      "localStatus": "untracked",
      "remoteStatus": "ADDED"
    },
    {
      "path": ".obsidian/plugins/templater-obsidian/main.js",
      "localStatus": "untracked",
      "remoteStatus": "ADDED"
    },
    {
      "path": ".obsidian/plugins/templater-obsidian/manifest.json",
      "localStatus": "untracked",
      "remoteStatus": "ADDED"
    },
    {
      "path": ".obsidian/plugins/templater-obsidian/styles.css",
      "localStatus": "untracked",
      "remoteStatus": "ADDED"
    },
    {
      "path": ".obsidian/plugins/webpage-html-export/data.json",
      "localStatus": "untracked",
      "remoteStatus": "ADDED"
    },
    {
      "path": ".obsidian/plugins/webpage-html-export/main.js",
      "localStatus": "untracked",
      "remoteStatus": "ADDED"
    },
    {
      "path": ".obsidian/plugins/webpage-html-export/manifest.json",
      "localStatus": "untracked",
      "remoteStatus": "ADDED"
    },
    {
      "path": ".obsidian/plugins/webpage-html-export/styles.css",
      "localStatus": "untracked",
      "remoteStatus": "ADDED"
    },
    {
      "path": ".obsidian/templates.json",
      "localStatus": "untracked",
      "remoteStatus": "ADDED"
    },
    {
      "path": ".obsidian/webpage-html-export-back/data.json",
      "localStatus": "untracked",
      "remoteStatus": "ADDED"
    },
    {
      "path": ".obsidian/webpage-html-export-back/main.js",
      "localStatus": "untracked",
      "remoteStatus": "ADDED"
    },
    {
      "path": ".obsidian/webpage-html-export-back/manifest.json",
      "localStatus": "untracked",
      "remoteStatus": "ADDED"
    },
    {
      "path": ".obsidian/webpage-html-export-back/styles.css",
      "localStatus": "untracked",
      "remoteStatus": "ADDED"
    },
    {
      "path": ".obsidian/workspace",
      "localStatus": "untracked",
      "remoteStatus": "ADDED"
    },
    {
      "path": "Assets/.DS_Store",
      "localStatus": "untracked",
      "remoteStatus": "ADDED"
    },
    {
      "path": "Assets/Images/.DS_Store",
      "localStatus": "untracked",
      "remoteStatus": "ADDED"
    },
    {
      "path": "Assets/Images/Maps/.DS_Store",
      "localStatus": "untracked",
      "remoteStatus": "ADDED"
    },
    {
      "path": "Assets/Images/Maps/Wolfrun/.DS_Store",
      "localStatus": "untracked",
      "remoteStatus": "ADDED"
    },
    {
      "path": "Assets/Images/Maps/Wolfrun/Abbey of Saint Markovia/.DS_Store",
      "localStatus": "untracked",
      "remoteStatus": "ADDED"
    },
    {
      "path": "Notes/Website/.DS_Store",
      "localStatus": "untracked",
      "remoteStatus": "ADDED"
    },
    {
      "path": "Assets/Images/Items/Gulthias.webp",
      "localStatus": "created",
      "remoteStatus": "ADDED"
    },
    {
      "path": "Assets/Images/Items/Icon of Ravenloft.png",
      "localStatus": "created",
      "remoteStatus": "ADDED"
    },
    {
      "path": "Assets/Images/Items/Strahd's Invitation.jpg",
      "localStatus": "created",
      "remoteStatus": "ADDED"
    },
    {
      "path": "Assets/Images/Items/Sunsword.png",
      "localStatus": "created",
      "remoteStatus": "ADDED"
    },
    {
      "path": "Assets/Images/Items/Tome_of_Strahd.webp",
      "localStatus": "created",
      "remoteStatus": "ADDED"
    },
    {
      "path": "Assets/Images/Items/adventurere-battleaxe.webp",
      "localStatus": "created",
      "remoteStatus": "ADDED"
    },
    {
      "path": "Assets/Images/Items/bloodspear.webp",
      "localStatus": "created",
      "remoteStatus": "ADDED"
    },
    {
      "path": "Assets/Images/Items/green-copper-ewer.webp",
      "localStatus": "created",
      "remoteStatus": "ADDED"
    },
    {
      "path": "Assets/Images/Items/holy symbol of ravenkind.jpg",
      "localStatus": "created",
      "remoteStatus": "ADDED"
    },
    {
      "path": "Assets/Images/Items/tome1.jpg",
      "localStatus": "created",
      "remoteStatus": "ADDED"
    },
    {
      "path": "Assets/Images/Items/tome2.jpg",
      "localStatus": "created",
      "remoteStatus": "ADDED"
    },
    {
      "path": "Assets/Images/Maps/01 - Old Svalich Road Encounter Day.webp",
      "localStatus": "created",
      "remoteStatus": "ADDED"
    },
    {
      "path": "Assets/Images/Maps/Argynvostholt/DM Map - Argynvostholt 1.jpg",
      "localStatus": "created",
      "remoteStatus": "ADDED"
    },
    {
      "path": "Assets/Images/Maps/Argynvostholt/DM Map - Argynvostholt 2.jpg",
      "localStatus": "created",
      "remoteStatus": "ADDED"
    },
    {
      "path": "Assets/Images/Maps/Argynvostholt/Map - Argynvostholt 1.jpg",
      "localStatus": "created",
      "remoteStatus": "ADDED"
    },
    {
      "path": "Assets/Images/Maps/Argynvostholt/Map - Argynvostholt 2.jpg",
      "localStatus": "created",
      "remoteStatus": "ADDED"
    },
    {
      "path": "Assets/Images/Maps/Bogs of Berez/Berez Churchyard/01 - Berez - Churchyard.webp",
      "localStatus": "created",
      "remoteStatus": "ADDED"
    },
    {
      "path": "Assets/Images/Maps/Bogs of Berez/Berez Churchyard/02 - Berez - Churchyard (Raising the Stakes Variant).webp",
      "localStatus": "created",
      "remoteStatus": "ADDED"
    },
    {
      "path": "Assets/Images/Maps/Bogs of Berez/Berez Map.jpg",
      "localStatus": "created",
      "remoteStatus": "ADDED"
    },
    {
      "path": "Assets/Images/Maps/Bogs of Berez/DM Berez Map.jpg",
      "localStatus": "created",
      "remoteStatus": "ADDED"
    },
    {
      "path": "Assets/Images/Maps/Bogs of Berez/Marina's Monument/Marina's Monument.webp",
      "localStatus": "created",
      "remoteStatus": "ADDED"
    },
    {
      "path": "Assets/Images/Maps/Bogs of Berez/Swamp Encounter/Swamp Encounter Day.webp",
      "localStatus": "created",
      "remoteStatus": "ADDED"
    },
    {
      "path": "Assets/Images/Maps/Bogs of Berez/Swamp Fane/01 - The Swamp Fane (Base).webp",
      "localStatus": "created",
      "remoteStatus": "ADDED"
    },
    {
      "path": "Assets/Images/Maps/Bogs of Berez/Swamp Fane/02 - The Swamp Fane (with Runes).webp",
      "localStatus": "created",
      "remoteStatus": "ADDED"
    },
    {
      "path": "Assets/Images/Maps/Bogs of Berez/Swamp Fane/03 - The Swamp Fane (with Runes Activated).webp",
      "localStatus": "created",
      "remoteStatus": "ADDED"
    },
    {
      "path": "Assets/Images/Maps/Bogs of Berez/Swamps Edge/Swamp_s Edge Day.webp",
      "localStatus": "created",
      "remoteStatus": "ADDED"
    },
    {
      "path": "Assets/Images/Maps/Bogs of Berez/Swamps Edge/berez_water.jpg",
      "localStatus": "created",
      "remoteStatus": "ADDED"
    },
    {
      "path": "Assets/Images/Maps/Bogs of Berez/creeping-hut-dm.webp",
      "localStatus": "created",
      "remoteStatus": "ADDED"
    },
    {
      "path": "Assets/Images/Maps/Bogs of Berez/creeping-hut.webp",
      "localStatus": "created",
      "remoteStatus": "ADDED"
    },
    {
      "path": "Assets/Images/Maps/Castle Ravenloft/Court of the Count/01 - Castle Ravenloft (1st Floor).webp",
      "localStatus": "created",
      "remoteStatus": "ADDED"
    },
    {
      "path": "Assets/Images/Maps/Castle Ravenloft/Court of the Count/02 - Castle Ravenloft (1st Floor - No Lighting).webp",
      "localStatus": "created",
      "remoteStatus": "ADDED"
    },
    {
      "path": "Assets/Images/Maps/Castle Ravenloft/Dungeons & Catacombs/01 - Castle Ravenloft Lower Dungeon.webp",
      "localStatus": "created",
      "remoteStatus": "ADDED"
    },
    {
      "path": "Assets/Images/Maps/Castle Ravenloft/Dungeons & Catacombs/02 - Castle Ravenloft Lower Dungeon (No Lighting).webp",
      "localStatus": "created",
      "remoteStatus": "ADDED"
    },
    {
      "path": "Assets/Images/Maps/Castle Ravenloft/Dungeons & Catacombs/03 - Castle Ravenloft Lower Dungeon (No Golems).webp",
      "localStatus": "created",
      "remoteStatus": "ADDED"
    },
    {
      "path": "Assets/Images/Maps/Castle Ravenloft/Dungeons & Catacombs/04 - Castle Ravenloft Lower Dungeon (No Golems - No Lighting).webp",
      "localStatus": "created",
      "remoteStatus": "ADDED"
    },
    {
      "path": "Assets/Images/Maps/Castle Ravenloft/Dungeons & Catacombs/05 - Castle Ravenloft Lower Dungeon (No Golems - No Items).webp",
      "localStatus": "created",
      "remoteStatus": "ADDED"
    },
    {
      "path": "Assets/Images/Maps/Castle Ravenloft/Dungeons & Catacombs/06 - Castle Ravenloft Lower Dungeon (No Golems - No Items - No Lighting).webp",
      "localStatus": "created",
      "remoteStatus": "ADDED"
    },
    {
      "path": "Assets/Images/Maps/Castle Ravenloft/Dungeons & Catacombs/07 - Castle Ravenloft Lower Dungeon (Crypts 14, 31, & 35).webp",
      "localStatus": "created",
      "remoteStatus": "ADDED"
    },
    {
      "path": "Assets/Images/Maps/Castle Ravenloft/Larders of Ill Omen/01 - Castle Ravenloft (Upper Dungeon).webp",
      "localStatus": "created",
      "remoteStatus": "ADDED"
    },
    {
      "path": "Assets/Images/Maps/Castle Ravenloft/Larders of Ill Omen/02 - Castle Ravenloft (Upper Dungeon - No Lighting).webp",
      "localStatus": "created",
      "remoteStatus": "ADDED"
    },
    {
      "path": "Assets/Images/Maps/Castle Ravenloft/Larders of Ill Omen/03 - Castle Ravenloft (Upper Dungeon - Hall of Bones Overlay with Argynvost).webp",
      "localStatus": "created",
      "remoteStatus": "ADDED"
    },
    {
      "path": "Assets/Images/Maps/Castle Ravenloft/Larders of Ill Omen/04 - Castle Ravenloft (Upper Dungeon - Hall of Bones Overlay with Argynvost - No Lighting).webp",
      "localStatus": "created",
      "remoteStatus": "ADDED"
    },
    {
      "path": "Assets/Images/Maps/Castle Ravenloft/Larders of Ill Omen/05 - Castle Ravenloft (Upper Dungeon - Hall of Bones Overlay without Argynvost).webp",
      "localStatus": "created",
      "remoteStatus": "ADDED"
    },
    {
      "path": "Assets/Images/Maps/Castle Ravenloft/Larders of Ill Omen/06 - Castle Ravenloft (Upper Dungeon - Hall of Bones Overlay without Argynvost - No Lighting).webp",
      "localStatus": "created",
      "remoteStatus": "ADDED"
    },
    {
      "path": "Assets/Images/Maps/Castle Ravenloft/Main Floor/01 - Castle Ravenloft (Ground Floor).webp",
      "localStatus": "created",
      "remoteStatus": "ADDED"
    },
    {
      "path": "Assets/Images/Maps/Castle Ravenloft/Main Floor/02 - Castle Ravenloft (Ground Floor - Original Table Placement).webp",
      "localStatus": "created",
      "remoteStatus": "ADDED"
    },
    {
      "path": "Assets/Images/Maps/Castle Ravenloft/Main Floor/03 - Castle Ravenloft (Ground Floor - No Lighting).webp",
      "localStatus": "created",
      "remoteStatus": "ADDED"
    },
    {
      "path": "Assets/Images/Maps/Castle Ravenloft/Main Floor/04 - Castle Ravenloft (Ground Floor - Original Table Placement, No Lighting).webp",
      "localStatus": "created",
      "remoteStatus": "ADDED"
    },
    {
      "path": "Assets/Images/Maps/Castle Ravenloft/Spires of Ravenloft/01 - Castle Ravenloft (3rd Floor).webp",
      "localStatus": "created",
      "remoteStatus": "ADDED"
    },
    {
      "path": "Assets/Images/Maps/Castle Ravenloft/Spires of Ravenloft/02 - Castle Ravenloft (3rd Floor - No Lighting).webp",
      "localStatus": "created",
      "remoteStatus": "ADDED"
    },
    {
      "path": "Assets/Images/Maps/Castle Ravenloft/Spires of Ravenloft/03 - Castle Ravenloft (4th Floor).webp",
      "localStatus": "created",
      "remoteStatus": "ADDED"
    },
    {
      "path": "Assets/Images/Maps/Castle Ravenloft/Spires of Ravenloft/04 - Castle Ravenloft (4th Floor - No Lighting).webp",
      "localStatus": "created",
      "remoteStatus": "ADDED"
    },
    {
      "path": "Assets/Images/Maps/Castle Ravenloft/Spires of Ravenloft/05 - Castle Ravenloft (5th Floor - No Heart of Sorrow).webp",
      "localStatus": "created",
      "remoteStatus": "ADDED"
    },
    {
      "path": "Assets/Images/Maps/Castle Ravenloft/Spires of Ravenloft/05 - Castle Ravenloft (5th Floor).webp",
      "localStatus": "created",
      "remoteStatus": "ADDED"
    },
    {
      "path": "Assets/Images/Maps/Castle Ravenloft/Spires of Ravenloft/06 - Castle Ravenloft (5th Floor - No Heart of Sorrow - No Lighting).webp",
      "localStatus": "created",
      "remoteStatus": "ADDED"
    },
    {
      "path": "Assets/Images/Maps/Castle Ravenloft/Spires of Ravenloft/06 - Castle Ravenloft (5th Floor - No Lighting).webp",
      "localStatus": "created",
      "remoteStatus": "ADDED"
    },
    {
      "path": "Assets/Images/Maps/Castle Ravenloft/Spires of Ravenloft/07 - Castle Ravenloft (6th Floor).webp",
      "localStatus": "created",
      "remoteStatus": "ADDED"
    },
    {
      "path": "Assets/Images/Maps/Castle Ravenloft/Spires of Ravenloft/08 - Castle Ravenloft (6th Floor - No Lighting).webp",
      "localStatus": "created",
      "remoteStatus": "ADDED"
    },
    {
      "path": "Assets/Images/Maps/Castle Ravenloft/Spires of Ravenloft/09 - Castle Ravenloft (7th Floor).webp",
      "localStatus": "created",
      "remoteStatus": "ADDED"
    },
    {
      "path": "Assets/Images/Maps/Castle Ravenloft/Spires of Ravenloft/10 - Castle Ravenloft (7th Floor - No Lighting).webp",
      "localStatus": "created",
      "remoteStatus": "ADDED"
    },
    {
      "path": "Assets/Images/Maps/Castle Ravenloft/Spires of Ravenloft/11 - Castle Ravenloft (Roof).webp",
      "localStatus": "created",
      "remoteStatus": "ADDED"
    },
    {
      "path": "Assets/Images/Maps/Castle Ravenloft/Spires of Ravenloft/12 - Castle Ravenloft (Roof - No Lighting).webp",
      "localStatus": "created",
      "remoteStatus": "ADDED"
    },
    {
      "path": "Assets/Images/Maps/Druidic Groves/Wizard of Wines Winery/01 - Wizard of Wines Winery Day (Ground Floor).webp",
      "localStatus": "created",
      "remoteStatus": "ADDED"
    },
    {
      "path": "Assets/Images/Maps/Druidic Groves/Wizard of Wines Winery/02 - Wizard of Wines Winery Day (1st Floor).webp",
      "localStatus": "created",
      "remoteStatus": "ADDED"
    },
    {
      "path": "Assets/Images/Maps/Druidic Groves/Wizard of Wines Winery/03 - Wizard of Wines Winery Day (Roof).webp",
      "localStatus": "created",
      "remoteStatus": "ADDED"
    },
    {
      "path": "Assets/Images/Maps/Druidic Groves/Wizard of Wines Winery/04 - Wizard of Wines Winery (Cellar).webp",
      "localStatus": "created",
      "remoteStatus": "ADDED"
    },
    {
      "path": "Assets/Images/Maps/Druidic Groves/Wizard of Wines Winery/wizard of wines DM.jpg",
      "localStatus": "created",
      "remoteStatus": "ADDED"
    },
    {
      "path": "Assets/Images/Maps/Druidic Groves/Wizard of Wines Winery/wizard of wines.jpg",
      "localStatus": "created",
      "remoteStatus": "ADDED"
    },
    {
      "path": "Assets/Images/Maps/Druidic Groves/Yester Hill - Berserker Cairns/01 - Berserker_s Cairn Day.webp",
      "localStatus": "created",
      "remoteStatus": "ADDED"
    },
    {
      "path": "Assets/Images/Maps/Druidic Groves/Yester Hill - Copse of the Gulthias Tree/01 - Copse of the Gulthias Tree Day (Ground).webp",
      "localStatus": "created",
      "remoteStatus": "ADDED"
    },
    {
      "path": "Assets/Images/Maps/Druidic Groves/Yester Hill - Copse of the Gulthias Tree/02 - Copse of the Gulthias Tree (Mountain Fane).webp",
      "localStatus": "created",
      "remoteStatus": "ADDED"
    },
    {
      "path": "Assets/Images/Maps/Druidic Groves/Yester Hill - Druid's Circle/01 - Druid_s Circle Day.webp",
      "localStatus": "created",
      "remoteStatus": "ADDED"
    },
    {
      "path": "Assets/Images/Maps/Druidic Groves/Yester Hill.jpg",
      "localStatus": "created",
      "remoteStatus": "ADDED"
    },
    {
      "path": "Assets/Images/Maps/Druidic Groves/YesterHill-DM.jpg",
      "localStatus": "created",
      "remoteStatus": "ADDED"
    },
    {
      "path": "Assets/Images/Maps/Forest Fane/01 -The Forest Fane Day (Megaliths).webp",
      "localStatus": "created",
      "remoteStatus": "ADDED"
    },
    {
      "path": "Assets/Images/Maps/Forest Fane/02 - The Forest Fane Day (Shrine).webp",
      "localStatus": "created",
      "remoteStatus": "ADDED"
    },
    {
      "path": "Assets/Images/Maps/Mound Ghakis/Amber Temple/01 - The Amber Temple (Upper Level - with Illusion).webp",
      "localStatus": "created",
      "remoteStatus": "ADDED"
    },
    {
      "path": "Assets/Images/Maps/Mound Ghakis/Amber Temple/02 - The Amber Temple (Upper Level - without Illusion).webp",
      "localStatus": "created",
      "remoteStatus": "ADDED"
    },
    {
      "path": "Assets/Images/Maps/Mound Ghakis/Amber Temple/03 - The Amber Temple (Lower Level).webp",
      "localStatus": "created",
      "remoteStatus": "ADDED"
    },
    {
      "path": "Assets/Images/Maps/Mound Ghakis/Amber Temple/Amber Temple Lower.jpg",
      "localStatus": "created",
      "remoteStatus": "ADDED"
    },
    {
      "path": "Assets/Images/Maps/Mound Ghakis/Amber Temple/Amber Temple Upper.jpg",
      "localStatus": "created",
      "remoteStatus": "ADDED"
    },
    {
      "path": "Assets/Images/Maps/Mound Ghakis/Amber Temple/DM Map - Amber Temple Lower.jpg",
      "localStatus": "created",
      "remoteStatus": "ADDED"
    },
    {
      "path": "Assets/Images/Maps/Mound Ghakis/Amber Temple/DM Map - Amber Temple Upper.jpg",
      "localStatus": "created",
      "remoteStatus": "ADDED"
    },
    {
      "path": "Assets/Images/Maps/Mound Ghakis/DM Map - Tsolenka Pass.jpg",
      "localStatus": "created",
      "remoteStatus": "ADDED"
    },
    {
      "path": "Assets/Images/Maps/Mound Ghakis/Map - Tsolenka Pass.jpg",
      "localStatus": "created",
      "remoteStatus": "ADDED"
    },
    {
      "path": "Assets/Images/Maps/Mound Ghakis/Tsolenka Pass Bridge/01 - Tsolenka Pass Bridge (Ground).webp",
      "localStatus": "created",
      "remoteStatus": "ADDED"
    },
    {
      "path": "Assets/Images/Maps/Mound Ghakis/Tsolenka Pass Bridge/02 - Tsolenka Pass Bridge (Arches).webp",
      "localStatus": "created",
      "remoteStatus": "ADDED"
    },
    {
      "path": "Assets/Images/Maps/Mound Ghakis/Tsolenka Pass Gate/01 - Tsolenka Pass Gate (Ground with Fire).webp",
      "localStatus": "created",
      "remoteStatus": "ADDED"
    },
    {
      "path": "Assets/Images/Maps/Mound Ghakis/Tsolenka Pass Gate/02 - Tsolenka Pass Gate (Ground without Fire).webp",
      "localStatus": "created",
      "remoteStatus": "ADDED"
    },
    {
      "path": "Assets/Images/Maps/Mound Ghakis/Tsolenka Pass Gate/03 - Tsolenka Pass Gate (1st Floor with Fire & Vrocks).webp",
      "localStatus": "created",
      "remoteStatus": "ADDED"
    },
    {
      "path": "Assets/Images/Maps/Mound Ghakis/Tsolenka Pass Gate/04 - Tsolenka Pass Gate (1st Floor with Fire, without Vrocks).webp",
      "localStatus": "created",
      "remoteStatus": "ADDED"
    },
    {
      "path": "Assets/Images/Maps/Mound Ghakis/Tsolenka Pass Gate/05 - Tsolenka Pass Gate (1st Floor without Fire, with Vrocks).webp",
      "localStatus": "created",
      "remoteStatus": "ADDED"
    },
    {
      "path": "Assets/Images/Maps/Mound Ghakis/Tsolenka Pass Gate/06 - Tsolenka Pass Gate (1st Floor without Fire & Vrocks).webp",
      "localStatus": "created",
      "remoteStatus": "ADDED"
    },
    {
      "path": "Assets/Images/Maps/Mound Ghakis/Tsolenka Pass Gate/07 - Tsolenka Pass Gate (Roof with Fire & Vrocks).webp",
      "localStatus": "created",
      "remoteStatus": "ADDED"
    },
    {
      "path": "Assets/Images/Maps/Mound Ghakis/Tsolenka Pass Gate/08 - Tsolenka Pass Gate (Roof with Fire, without Vrocks).webp",
      "localStatus": "created",
      "remoteStatus": "ADDED"
    },
    {
      "path": "Assets/Images/Maps/Mound Ghakis/Tsolenka Pass Gate/09 - Tsolenka Pass Gate (Roof without Fire, with Vrocks).webp",
      "localStatus": "created",
      "remoteStatus": "ADDED"
    },
    {
      "path": "Assets/Images/Maps/Mound Ghakis/Tsolenka Pass Gate/10 - Tsolenka Pass Gate (Roof without Fire & Vrocks).webp",
      "localStatus": "created",
      "remoteStatus": "ADDED"
    },
    {
      "path": "Assets/Images/Maps/Revenloft Moors/Old Bonegrinder/01 - Old Bonegrinder Day (Ground Floor).webp",
      "localStatus": "created",
      "remoteStatus": "ADDED"
    },
    {
      "path": "Assets/Images/Maps/Revenloft Moors/Old Bonegrinder/02 - Old Bonegrinder Day Alt (Ground Floor - Clean).webp",
      "localStatus": "created",
      "remoteStatus": "ADDED"
    },
    {
      "path": "Assets/Images/Maps/Revenloft Moors/Old Bonegrinder/03 - Old Bonegrinder Day (1st Floor).webp",
      "localStatus": "created",
      "remoteStatus": "ADDED"
    },
    {
      "path": "Assets/Images/Maps/Revenloft Moors/Old Bonegrinder/04 - Old Bonegrinder Day (2nd Floor).webp",
      "localStatus": "created",
      "remoteStatus": "ADDED"
    },
    {
      "path": "Assets/Images/Maps/Revenloft Moors/Old Bonegrinder/05 - Old Bonegrinder Day (Attic).webp",
      "localStatus": "created",
      "remoteStatus": "ADDED"
    },
    {
      "path": "Assets/Images/Maps/Revenloft Moors/Old Bonegrinder/06 - Old Bonegrinder Day (Roof).webp",
      "localStatus": "created",
      "remoteStatus": "ADDED"
    },
    {
      "path": "Assets/Images/Maps/Revenloft Moors/Old Bonegrinder/DM Map - Old Bonegrinder.jpg",
      "localStatus": "created",
      "remoteStatus": "ADDED"
    },
    {
      "path": "Assets/Images/Maps/Revenloft Moors/Old Bonegrinder/Map - Old Bonegrinder.jpg",
      "localStatus": "created",
      "remoteStatus": "ADDED"
    },
    {
      "path": "Assets/Images/Maps/Revenloft Moors/River Ivlis Crossroads Day.webp",
      "localStatus": "created",
      "remoteStatus": "ADDED"
    },
    {
      "path": "Assets/Images/Maps/Revenloft Moors/Tser Falls Day.webp",
      "localStatus": "created",
      "remoteStatus": "ADDED"
    },
    {
      "path": "Assets/Images/Maps/Revenloft Moors/Tser Pool Encampment Day.webp",
      "localStatus": "created",
      "remoteStatus": "ADDED"
    },
    {
      "path": "Assets/Images/Maps/Vallaki Valley/Blue Water Inn/01 - Blue Water Inn Day (Ground).webp",
      "localStatus": "created",
      "remoteStatus": "ADDED"
    },
    {
      "path": "Assets/Images/Maps/Vallaki Valley/Blue Water Inn/02 - Blue Water Inn Day (1st Floor).webp",
      "localStatus": "created",
      "remoteStatus": "ADDED"
    },
    {
      "path": "Assets/Images/Maps/Vallaki Valley/Blue Water Inn/03 - Blue Water Inn Day (Roof).webp",
      "localStatus": "created",
      "remoteStatus": "ADDED"
    },
    {
      "path": "Assets/Images/Maps/Vallaki Valley/Blue Water Inn/DM Map - Blue Water Inn.jpg",
      "localStatus": "created",
      "remoteStatus": "ADDED"
    },
    {
      "path": "Assets/Images/Maps/Vallaki Valley/Blue Water Inn/Map - Blue Water Inn.jpg",
      "localStatus": "created",
      "remoteStatus": "ADDED"
    },
    {
      "path": "Assets/Images/Maps/Vallaki Valley/Burgomaster's Mansion/01 - Burgomaster_s Mansion Day (Ground Floor).webp",
      "localStatus": "created",
      "remoteStatus": "ADDED"
    },
    {
      "path": "Assets/Images/Maps/Vallaki Valley/Burgomaster's Mansion/02 - Burgomaster_s Mansion Day (1st Floor).webp",
      "localStatus": "created",
      "remoteStatus": "ADDED"
    },
    {
      "path": "Assets/Images/Maps/Vallaki Valley/Burgomaster's Mansion/03 - Burgomaster_s Mansion Day (Attic).webp",
      "localStatus": "created",
      "remoteStatus": "ADDED"
    },
    {
      "path": "Assets/Images/Maps/Vallaki Valley/Burgomaster's Mansion/04 - Burgomaster_s Mansion Day (Teleportation Circle).webp",
      "localStatus": "created",
      "remoteStatus": "ADDED"
    },
    {
      "path": "Assets/Images/Maps/Vallaki Valley/Burgomaster's Mansion/05 - Burgomaster_s Mansion Day (Roof).webp",
      "localStatus": "created",
      "remoteStatus": "ADDED"
    },
    {
      "path": "Assets/Images/Maps/Vallaki Valley/Burgomaster's Mansion/DM Map - Burgomaster's Mansion.jpg",
      "localStatus": "created",
      "remoteStatus": "ADDED"
    },
    {
      "path": "Assets/Images/Maps/Vallaki Valley/Burgomaster's Mansion/Map - Burgomaster's Mansion.jpg",
      "localStatus": "created",
      "remoteStatus": "ADDED"
    },
    {
      "path": "Assets/Images/Maps/Vallaki Valley/Coffin Maker's Shop/01 - Coffin Maker_s Shop Day (Ground Floor).webp",
      "localStatus": "created",
      "remoteStatus": "ADDED"
    },
    {
      "path": "Assets/Images/Maps/Vallaki Valley/Coffin Maker's Shop/02 - Coffin Maker_s Shop Day (1st Floor).webp",
      "localStatus": "created",
      "remoteStatus": "ADDED"
    },
    {
      "path": "Assets/Images/Maps/Vallaki Valley/Coffin Maker's Shop/03 - Coffin Maker_s shop Day (Roof).webp",
      "localStatus": "created",
      "remoteStatus": "ADDED"
    },
    {
      "path": "Assets/Images/Maps/Vallaki Valley/Coffin Maker's Shop/DM Map - Coffin Maker's Shop.jpg",
      "localStatus": "created",
      "remoteStatus": "ADDED"
    },
    {
      "path": "Assets/Images/Maps/Vallaki Valley/Coffin Maker's Shop/Map - Coffin Maker's Shop.jpg",
      "localStatus": "created",
      "remoteStatus": "ADDED"
    },
    {
      "path": "Assets/Images/Maps/Vallaki Valley/DM Map - Vallaki.jpg",
      "localStatus": "created",
      "remoteStatus": "ADDED"
    },
    {
      "path": "Assets/Images/Maps/Vallaki Valley/East Gate/01 - Vallaki East Gate Day (Ground).webp",
      "localStatus": "created",
      "remoteStatus": "ADDED"
    },
    {
      "path": "Assets/Images/Maps/Vallaki Valley/East Gate/02 - Vallaki East Gate Day (Palisade Walkway).webp",
      "localStatus": "created",
      "remoteStatus": "ADDED"
    },
    {
      "path": "Assets/Images/Maps/Vallaki Valley/Kasimir's Hovel/01 - Kasimir_s Hovel Day (Ground Floor).webp",
      "localStatus": "created",
      "remoteStatus": "ADDED"
    },
    {
      "path": "Assets/Images/Maps/Vallaki Valley/Kasimir's Hovel/02 - Kasimir_s Hovel Day (Roof).webp",
      "localStatus": "created",
      "remoteStatus": "ADDED"
    },
    {
      "path": "Assets/Images/Maps/Vallaki Valley/Lake Zarovich/01 - Lake Zarovich Day (with Boats).webp",
      "localStatus": "created",
      "remoteStatus": "ADDED"
    },
    {
      "path": "Assets/Images/Maps/Vallaki Valley/Lake Zarovich/02 - Lake Zarovich Day (no Boats).webp",
      "localStatus": "created",
      "remoteStatus": "ADDED"
    },
    {
      "path": "Assets/Images/Maps/Vallaki Valley/Map - Vallaki.jpg",
      "localStatus": "created",
      "remoteStatus": "ADDED"
    },
    {
      "path": "Assets/Images/Maps/Vallaki Valley/Orphanage/Orphanage Map.jpg",
      "localStatus": "created",
      "remoteStatus": "ADDED"
    },
    {
      "path": "Assets/Images/Maps/Vallaki Valley/Reformation Center/reformation center.jpeg",
      "localStatus": "created",
      "remoteStatus": "ADDED"
    },
    {
      "path": "Assets/Images/Maps/Vallaki Valley/St Andral's Church/01 - St Andral_s Church Day (Ground).webp",
      "localStatus": "created",
      "remoteStatus": "ADDED"
    },
    {
      "path": "Assets/Images/Maps/Vallaki Valley/St Andral's Church/02 - St Andral_s Church Day (Roof).webp",
      "localStatus": "created",
      "remoteStatus": "ADDED"
    },
    {
      "path": "Assets/Images/Maps/Vallaki Valley/Vallaki Town Square/01 - Vallaki Town Square Day.webp",
      "localStatus": "created",
      "remoteStatus": "ADDED"
    },
    {
      "path": "Assets/Images/Maps/Vallaki Valley/Vallaki Town Square/02 - Vallaki Town Square Day (Festival of the Blazing Sun).webp",
      "localStatus": "created",
      "remoteStatus": "ADDED"
    },
    {
      "path": "Assets/Images/Maps/Vallaki Valley/Vallaki Town Square/03 - Vallaki Town Square Day (Festival of the Blazing Sun - Rain).webp",
      "localStatus": "created",
      "remoteStatus": "ADDED"
    },
    {
      "path": "Assets/Images/Maps/Vallaki Valley/Vistani Camp/01 - Vistani Camp Day (Ground).webp",
      "localStatus": "created",
      "remoteStatus": "ADDED"
    },
    {
      "path": "Assets/Images/Maps/Vallaki Valley/Vistani Camp/02 - Vistani Camp Day (Roof).webp",
      "localStatus": "created",
      "remoteStatus": "ADDED"
    },
    {
      "path": "Assets/Images/Maps/Vallaki Valley/Vistani Camp/DM Map - Vistani Camp.jpg",
      "localStatus": "created",
      "remoteStatus": "ADDED"
    },
    {
      "path": "Assets/Images/Maps/Vallaki Valley/Vistani Camp/Map - Vistani Camp.jpg",
      "localStatus": "created",
      "remoteStatus": "ADDED"
    },
    {
      "path": "Assets/Images/Maps/Vallaki Valley/Wachterhaus/01 - Wachterhaus Day (Ground Floor).webp",
      "localStatus": "created",
      "remoteStatus": "ADDED"
    },
    {
      "path": "Assets/Images/Maps/Vallaki Valley/Wachterhaus/02 - Wachterhaus Day (1st Floor).webp",
      "localStatus": "created",
      "remoteStatus": "ADDED"
    },
    {
      "path": "Assets/Images/Maps/Vallaki Valley/Wachterhaus/03 - Wachterhaus (Cellar).webp",
      "localStatus": "created",
      "remoteStatus": "ADDED"
    },
    {
      "path": "Assets/Images/Maps/Vallaki Valley/Wachterhaus/04 - Wachterhaus Day (Roof).webp",
      "localStatus": "created",
      "remoteStatus": "ADDED"
    },
    {
      "path": "Assets/Images/Maps/Vallaki Valley/Wachterhaus/DM Map - Wachterhaus.jpg",
      "localStatus": "created",
      "remoteStatus": "ADDED"
    },
    {
      "path": "Assets/Images/Maps/Vallaki Valley/Wachterhaus/Map - Wachterhaus.jpg",
      "localStatus": "created",
      "remoteStatus": "ADDED"
    },
    {
      "path": "Assets/Images/Maps/Vallaki Valley/krezk-shopping.jpg",
      "localStatus": "created",
      "remoteStatus": "ADDED"
    },
    {
      "path": "Assets/Images/Maps/Vallaki Valley/vallaki-shopping.jpg",
      "localStatus": "created",
      "remoteStatus": "ADDED"
    },
    {
      "path": "Assets/Images/Maps/Village of Barovia/01 - Church of the Morning Lord (Ground).webp",
      "localStatus": "created",
      "remoteStatus": "ADDED"
    },
    {
      "path": "Assets/Images/Maps/Wolfrun/Abbey of Saint Markovia/01 - Abbey of Saint Markovia (Ground Floor).webp",
      "localStatus": "created",
      "remoteStatus": "ADDED"
    },
    {
      "path": "Assets/Images/Maps/Wolfrun/Abbey of Saint Markovia/02 - Abbey of Saint Markovia (1st Floor).webp",
      "localStatus": "created",
      "remoteStatus": "ADDED"
    },
    {
      "path": "Assets/Images/Maps/Wolfrun/Abbey of Saint Markovia/03 - Abbey of Saint Markovia (Roof).webp",
      "localStatus": "created",
      "remoteStatus": "ADDED"
    },
    {
      "path": "Assets/Images/Maps/Wolfrun/Abbey of Saint Markovia/04 - Abbey of Saint Markovia (Wine Cellar).webp",
      "localStatus": "created",
      "remoteStatus": "ADDED"
    },
    {
      "path": "Assets/Images/Maps/Wolfrun/Krezk Gate/01 - Krezk Gate (Ground).webp",
      "localStatus": "created",
      "remoteStatus": "ADDED"
    },
    {
      "path": "Assets/Images/Maps/Wolfrun/Krezk Gate/02 - Krezk Gate (Walkway).webp",
      "localStatus": "created",
      "remoteStatus": "ADDED"
    },
    {
      "path": "Assets/Images/Maps/Wolfrun/Krezk Gate/03 - Krezk Gate (Roof).webp",
      "localStatus": "created",
      "remoteStatus": "ADDED"
    },
    {
      "path": "Assets/Images/Maps/Wolfrun/Krezk/krezk-dm.jpg",
      "localStatus": "created",
      "remoteStatus": "ADDED"
    },
    {
      "path": "Assets/Images/Maps/Wolfrun/Krezk/krezk.jpg",
      "localStatus": "created",
      "remoteStatus": "ADDED"
    },
    {
      "path": "Assets/Images/Maps/Wolfrun/Shrine of the White Sun/01 - Shrine of the White Sun (Ground).jpg",
      "localStatus": "created",
      "remoteStatus": "ADDED"
    },
    {
      "path": "Assets/Images/Maps/Wolfrun/Shrine of the White Sun/02 - Shrine of the White Sun (Ground with Snow).jpg",
      "localStatus": "created",
      "remoteStatus": "ADDED"
    },
    {
      "path": "Assets/Images/Maps/Wolfrun/Shrine of the White Sun/03 - Shrine of the White Sun (Roof).jpg",
      "localStatus": "created",
      "remoteStatus": "ADDED"
    },
    {
      "path": "Assets/Images/Maps/Wolfrun/Shrine of the White Sun/04 - Shrine of the White Sun (Roof with Snow).jpg",
      "localStatus": "created",
      "remoteStatus": "ADDED"
    },
    {
      "path": "Assets/Images/Maps/Wolfrun/Van Richten's Tower/01 - Van Richten's Tower (Ground).jpg",
      "localStatus": "created",
      "remoteStatus": "ADDED"
    },
    {
      "path": "Assets/Images/Maps/Wolfrun/Van Richten's Tower/02 - Van Richten's Tower (1st Floor).jpg",
      "localStatus": "created",
      "remoteStatus": "ADDED"
    },
    {
      "path": "Assets/Images/Maps/Wolfrun/Van Richten's Tower/03 - Van Richten's Tower (2nd Floor).jpg",
      "localStatus": "created",
      "remoteStatus": "ADDED"
    },
    {
      "path": "Assets/Images/Maps/Wolfrun/Van Richten's Tower/04 - Van Richten's Tower (3rd Floor).jpg",
      "localStatus": "created",
      "remoteStatus": "ADDED"
    },
    {
      "path": "Assets/Images/Maps/Wolfrun/Van Richten's Tower/05 - Van Richten's Tower (Roof).jpg",
      "localStatus": "created",
      "remoteStatus": "ADDED"
    },
    {
      "path": "Assets/Images/Maps/Wolfrun/Van Richten's Tower/06 - Van Richten's Tower (Roof with Lightning).jpg",
      "localStatus": "created",
      "remoteStatus": "ADDED"
    },
    {
      "path": "Assets/Images/Maps/Wolfrun/Van Richten's Tower/07 - Van Richten's Tower (Destroyed).jpg",
      "localStatus": "created",
      "remoteStatus": "ADDED"
    },
    {
      "path": "Assets/Images/Maps/Wolfrun/Werewolf Den/01 - Werewolf Den (Ground).webp",
      "localStatus": "created",
      "remoteStatus": "ADDED"
    },
    {
      "path": "Assets/Images/Maps/Wolfrun/Werewolf Den/02 - Werewolf Den (Mountain).webp",
      "localStatus": "created",
      "remoteStatus": "ADDED"
    },
    {
      "path": "Assets/Images/Maps/Wolfrun/Werewolf Den/03 - Werewolf Den (Shrine of Mother Night).webp",
      "localStatus": "created",
      "remoteStatus": "ADDED"
    },
    {
      "path": "Assets/Images/Maps/Wolfrun/Werewolf Den/04 - Werewolf Den (Ring of Stones).webp",
      "localStatus": "created",
      "remoteStatus": "ADDED"
    },
    {
      "path": "Assets/Images/Maps/barovia_tagged.jpg",
      "localStatus": "created",
      "remoteStatus": "ADDED"
    },
    {
      "path": "Assets/Images/Maps/barovia_untagged.webp",
      "localStatus": "created",
      "remoteStatus": "ADDED"
    },
    {
      "path": "Assets/Images/Maps/barovia_village_tagged.jpg",
      "localStatus": "created",
      "remoteStatus": "ADDED"
    },
    {
      "path": "Assets/Images/Maps/barovia_village_untagged.jpg",
      "localStatus": "created",
      "remoteStatus": "ADDED"
    },
    {
      "path": "Assets/Images/Misc/Black Carriage.jpg",
      "localStatus": "created",
      "remoteStatus": "ADDED"
    },
    {
      "path": "Assets/Images/Misc/PXL_20231129_021411854.jpg",
      "localStatus": "created",
      "remoteStatus": "ADDED"
    },
    {
      "path": "Assets/Images/Misc/PXL_20231129_021419424.jpg",
      "localStatus": "created",
      "remoteStatus": "ADDED"
    },
    {
      "path": "Assets/Images/Misc/dead-pc.jpg",
      "localStatus": "created",
      "remoteStatus": "ADDED"
    },
    {
      "path": "Assets/Images/Misc/travis-scott-fire.gif",
      "localStatus": "created",
      "remoteStatus": "ADDED"
    },
    {
      "path": "Assets/Images/Monsters/Crawling Claw.webp",
      "localStatus": "created",
      "remoteStatus": "ADDED"
    },
    {
      "path": "Assets/Images/Monsters/Death Slaad.png",
      "localStatus": "created",
      "remoteStatus": "ADDED"
    },
    {
      "path": "Assets/Images/Monsters/Flameskull.png",
      "localStatus": "created",
      "remoteStatus": "ADDED"
    },
    {
      "path": "Assets/Images/Monsters/Nothic.png",
      "localStatus": "created",
      "remoteStatus": "ADDED"
    },
    {
      "path": "Assets/Images/Monsters/Poltergeist.png",
      "localStatus": "created",
      "remoteStatus": "ADDED"
    },
    {
      "path": "Assets/Images/Monsters/Roc of Mount Ghakis.jpg",
      "localStatus": "created",
      "remoteStatus": "ADDED"
    },
    {
      "path": "Assets/Images/Monsters/Tree Blight.png",
      "localStatus": "created",
      "remoteStatus": "ADDED"
    },
    {
      "path": "Assets/Images/Monsters/Wintersplinter.webp",
      "localStatus": "created",
      "remoteStatus": "ADDED"
    },
    {
      "path": "Assets/Images/Monsters/berserker.jpg",
      "localStatus": "created",
      "remoteStatus": "ADDED"
    },
    {
      "path": "Assets/Images/Monsters/crab.webp",
      "localStatus": "created",
      "remoteStatus": "ADDED"
    },
    {
      "path": "Assets/Images/Monsters/creeping-hut.webp",
      "localStatus": "created",
      "remoteStatus": "ADDED"
    },
    {
      "path": "Assets/Images/Monsters/giant-spider.jpg",
      "localStatus": "created",
      "remoteStatus": "ADDED"
    },
    {
      "path": "Assets/Images/Monsters/needlblight.png",
      "localStatus": "created",
      "remoteStatus": "ADDED"
    },
    {
      "path": "Assets/Images/Monsters/twigblight.png",
      "localStatus": "created",
      "remoteStatus": "ADDED"
    },
    {
      "path": "Assets/Images/Monsters/vampyr.jpg.md",
      "localStatus": "created",
      "remoteStatus": "ADDED"
    },
    {
      "path": "Assets/Images/Monsters/vineblight.png",
      "localStatus": "created",
      "remoteStatus": "ADDED"
    },
    {
      "path": "Assets/Images/Monsters/werewolf-kids.webp",
      "localStatus": "created",
      "remoteStatus": "ADDED"
    },
    {
      "path": "Assets/Images/People/Abbot.webp",
      "localStatus": "created",
      "remoteStatus": "ADDED"
    },
    {
      "path": "Assets/Images/People/Adrian.webp",
      "localStatus": "created",
      "remoteStatus": "ADDED"
    },
    {
      "path": "Assets/Images/People/Arik the Barkeep V2.webp",
      "localStatus": "created",
      "remoteStatus": "ADDED"
    },
    {
      "path": "Assets/Images/People/Arrigal.jpg",
      "localStatus": "created",
      "remoteStatus": "ADDED"
    },
    {
      "path": "Assets/Images/People/Baba.webp",
      "localStatus": "created",
      "remoteStatus": "ADDED"
    },
    {
      "path": "Assets/Images/People/Baron_Vargas_Vallakovich.jpg",
      "localStatus": "created",
      "remoteStatus": "ADDED"
    },
    {
      "path": "Assets/Images/People/Bildrath.jpg",
      "localStatus": "created",
      "remoteStatus": "ADDED"
    },
    {
      "path": "Assets/Images/People/Blinsky.webp",
      "localStatus": "created",
      "remoteStatus": "ADDED"
    },
    {
      "path": "Assets/Images/People/Cyrus Belview.jpg",
      "localStatus": "created",
      "remoteStatus": "ADDED"
    },
    {
      "path": "Assets/Images/People/Doru.jpeg",
      "localStatus": "created",
      "remoteStatus": "ADDED"
    },
    {
      "path": "Assets/Images/People/Elvir.webp",
      "localStatus": "created",
      "remoteStatus": "ADDED"
    },
    {
      "path": "Assets/Images/People/Exethanter.jpeg",
      "localStatus": "created",
      "remoteStatus": "ADDED"
    },
    {
      "path": "Assets/Images/People/Ezmerelda_dAvenir.webp",
      "localStatus": "created",
      "remoteStatus": "ADDED"
    },
    {
      "path": "Assets/Images/People/Fiona Wachter and Majesto.jpg",
      "localStatus": "created",
      "remoteStatus": "ADDED"
    },
    {
      "path": "Assets/Images/People/Fiona_Wachter_29.webp",
      "localStatus": "created",
      "remoteStatus": "ADDED"
    },
    {
      "path": "Assets/Images/People/Freek.jpg",
      "localStatus": "created",
      "remoteStatus": "ADDED"
    },
    {
      "path": "Assets/Images/People/Henrik van der Voort.jpg",
      "localStatus": "created",
      "remoteStatus": "ADDED"
    },
    {
      "path": "Assets/Images/People/Ireena Kolyanna.jpg",
      "localStatus": "created",
      "remoteStatus": "ADDED"
    },
    {
      "path": "Assets/Images/People/Ismark.jpg",
      "localStatus": "created",
      "remoteStatus": "ADDED"
    },
    {
      "path": "Assets/Images/People/Lief Lipsiege.jpg",
      "localStatus": "created",
      "remoteStatus": "ADDED"
    },
    {
      "path": "Assets/Images/People/Lucian_Petrovich.webp",
      "localStatus": "created",
      "remoteStatus": "ADDED"
    },
    {
      "path": "Assets/Images/People/Lucien.webp",
      "localStatus": "created",
      "remoteStatus": "ADDED"
    },
    {
      "path": "Assets/Images/People/Luvash.jpg",
      "localStatus": "created",
      "remoteStatus": "ADDED"
    },
    {
      "path": "Assets/Images/People/Majesto.png",
      "localStatus": "created",
      "remoteStatus": "ADDED"
    },
    {
      "path": "Assets/Images/People/Milivoj.jpg",
      "localStatus": "created",
      "remoteStatus": "ADDED"
    },
    {
      "path": "Assets/Images/People/Morgantha_Unmasked.webp",
      "localStatus": "created",
      "remoteStatus": "ADDED"
    },
    {
      "path": "Assets/Images/People/Myrtle.jpg",
      "localStatus": "created",
      "remoteStatus": "ADDED"
    },
    {
      "path": "Assets/Images/People/Parriwimple.jpg",
      "localStatus": "created",
      "remoteStatus": "ADDED"
    },
    {
      "path": "Assets/Images/People/Pidlwick_II.webp",
      "localStatus": "created",
      "remoteStatus": "ADDED"
    },
    {
      "path": "Assets/Images/People/Rahadin.webp",
      "localStatus": "created",
      "remoteStatus": "ADDED"
    },
    {
      "path": "Assets/Images/People/Rictavio-Token.png",
      "localStatus": "created",
      "remoteStatus": "ADDED"
    },
    {
      "path": "Assets/Images/People/Rictavio.jpg",
      "localStatus": "created",
      "remoteStatus": "ADDED"
    },
    {
      "path": "Assets/Images/People/Rina.jpg",
      "localStatus": "created",
      "remoteStatus": "ADDED"
    },
    {
      "path": "Assets/Images/People/Strahd and Beucephalus.jpg",
      "localStatus": "created",
      "remoteStatus": "ADDED"
    },
    {
      "path": "Assets/Images/People/Szoldar Szoldarovich.jpg",
      "localStatus": "created",
      "remoteStatus": "ADDED"
    },
    {
      "path": "Assets/Images/People/Vilnius.jpg",
      "localStatus": "created",
      "remoteStatus": "ADDED"
    },
    {
      "path": "Assets/Images/People/Yeska.jpg",
      "localStatus": "created",
      "remoteStatus": "ADDED"
    },
    {
      "path": "Assets/Images/People/Yevgeni Krushkin.jpg",
      "localStatus": "created",
      "remoteStatus": "ADDED"
    },
    {
      "path": "Assets/Images/People/abbot-true-form.jpeg",
      "localStatus": "created",
      "remoteStatus": "ADDED"
    },
    {
      "path": "Assets/Images/People/alenka.png",
      "localStatus": "created",
      "remoteStatus": "ADDED"
    },
    {
      "path": "Assets/Images/People/annakrezkov.jpeg",
      "localStatus": "created",
      "remoteStatus": "ADDED"
    },
    {
      "path": "Assets/Images/People/arabelle.png",
      "localStatus": "created",
      "remoteStatus": "ADDED"
    },
    {
      "path": "Assets/Images/People/arahja.jpg",
      "localStatus": "created",
      "remoteStatus": "ADDED"
    },
    {
      "path": "Assets/Images/People/argynvost.jpg",
      "localStatus": "created",
      "remoteStatus": "ADDED"
    },
    {
      "path": "Assets/Images/People/bluto.webp",
      "localStatus": "created",
      "remoteStatus": "ADDED"
    },
    {
      "path": "Assets/Images/People/cloaked rider.webp",
      "localStatus": "created",
      "remoteStatus": "ADDED"
    },
    {
      "path": "Assets/Images/People/clovin.jpeg",
      "localStatus": "created",
      "remoteStatus": "ADDED"
    },
    {
      "path": "Assets/Images/People/cypress_belview.jpeg",
      "localStatus": "created",
      "remoteStatus": "ADDED"
    },
    {
      "path": "Assets/Images/People/danika-dorakova.jpg",
      "localStatus": "created",
      "remoteStatus": "ADDED"
    },
    {
      "path": "Assets/Images/People/davian.jpg",
      "localStatus": "created",
      "remoteStatus": "ADDED"
    },
    {
      "path": "Assets/Images/People/death-house-kids.png",
      "localStatus": "created",
      "remoteStatus": "ADDED"
    },
    {
      "path": "Assets/Images/People/dmitri-krezkov.jpg",
      "localStatus": "created",
      "remoteStatus": "ADDED"
    },
    {
      "path": "Assets/Images/People/donavich.jpeg",
      "localStatus": "created",
      "remoteStatus": "ADDED"
    },
    {
      "path": "Assets/Images/People/ember-argynvost.jpg",
      "localStatus": "created",
      "remoteStatus": "ADDED"
    },
    {
      "path": "Assets/Images/People/emil_toranescu.jpeg",
      "localStatus": "created",
      "remoteStatus": "ADDED"
    },
    {
      "path": "Assets/Images/People/ernst.jpg",
      "localStatus": "created",
      "remoteStatus": "ADDED"
    },
    {
      "path": "Assets/Images/People/escher.jpeg",
      "localStatus": "created",
      "remoteStatus": "ADDED"
    },
    {
      "path": "Assets/Images/People/eva.jpeg",
      "localStatus": "created",
      "remoteStatus": "ADDED"
    },
    {
      "path": "Assets/Images/People/gertruda.jpeg",
      "localStatus": "created",
      "remoteStatus": "ADDED"
    },
    {
      "path": "Assets/Images/People/godfrey.jpg",
      "localStatus": "created",
      "remoteStatus": "ADDED"
    },
    {
      "path": "Assets/Images/People/granny.jpeg",
      "localStatus": "created",
      "remoteStatus": "ADDED"
    },
    {
      "path": "Assets/Images/People/gunther-arasek.jpg",
      "localStatus": "created",
      "remoteStatus": "ADDED"
    },
    {
      "path": "Assets/Images/People/izek.webp",
      "localStatus": "created",
      "remoteStatus": "ADDED"
    },
    {
      "path": "Assets/Images/People/kasimir.jpg",
      "localStatus": "created",
      "remoteStatus": "ADDED"
    },
    {
      "path": "Assets/Images/People/lydia.jpg",
      "localStatus": "created",
      "remoteStatus": "ADDED"
    },
    {
      "path": "Assets/Images/People/mad mage.png",
      "localStatus": "created",
      "remoteStatus": "ADDED"
    },
    {
      "path": "Assets/Images/People/mad mary.jpeg",
      "localStatus": "created",
      "remoteStatus": "ADDED"
    },
    {
      "path": "Assets/Images/People/mad-mage-drunk.png",
      "localStatus": "created",
      "remoteStatus": "ADDED"
    },
    {
      "path": "Assets/Images/People/mad-mage-with-roc.png",
      "localStatus": "created",
      "remoteStatus": "ADDED"
    },
    {
      "path": "Assets/Images/People/marzena.webp",
      "localStatus": "created",
      "remoteStatus": "ADDED"
    },
    {
      "path": "Assets/Images/People/menigal.jpg",
      "localStatus": "created",
      "remoteStatus": "ADDED"
    },
    {
      "path": "Assets/Images/People/mishka.webp",
      "localStatus": "created",
      "remoteStatus": "ADDED"
    },
    {
      "path": "Assets/Images/People/morgantha.webp",
      "localStatus": "created",
      "remoteStatus": "ADDED"
    },
    {
      "path": "Assets/Images/People/muriel.jpg",
      "localStatus": "created",
      "remoteStatus": "ADDED"
    },
    {
      "path": "Assets/Images/People/neferon.webp",
      "localStatus": "created",
      "remoteStatus": "ADDED"
    },
    {
      "path": "Assets/Images/People/nikolai and karl.jpg",
      "localStatus": "created",
      "remoteStatus": "ADDED"
    },
    {
      "path": "Assets/Images/People/otto.jpeg",
      "localStatus": "created",
      "remoteStatus": "ADDED"
    },
    {
      "path": "Assets/Images/People/piccolo.webp",
      "localStatus": "created",
      "remoteStatus": "ADDED"
    },
    {
      "path": "Assets/Images/People/rahadin.jpeg",
      "localStatus": "created",
      "remoteStatus": "ADDED"
    },
    {
      "path": "Assets/Images/People/stefania.jpg",
      "localStatus": "created",
      "remoteStatus": "ADDED"
    },
    {
      "path": "Assets/Images/People/stella.jpg",
      "localStatus": "created",
      "remoteStatus": "ADDED"
    },
    {
      "path": "Assets/Images/People/strahd.jpeg",
      "localStatus": "created",
      "remoteStatus": "ADDED"
    },
    {
      "path": "Assets/Images/People/udo.jpg",
      "localStatus": "created",
      "remoteStatus": "ADDED"
    },
    {
      "path": "Assets/Images/People/urwin.png",
      "localStatus": "created",
      "remoteStatus": "ADDED"
    },
    {
      "path": "Assets/Images/People/vampire spawn.png",
      "localStatus": "created",
      "remoteStatus": "ADDED"
    },
    {
      "path": "Assets/Images/People/vampyr.jpg",
      "localStatus": "created",
      "remoteStatus": "ADDED"
    },
    {
      "path": "Assets/Images/People/vasilka.jpg",
      "localStatus": "created",
      "remoteStatus": "ADDED"
    },
    {
      "path": "Assets/Images/People/victor_vallakovich.jpg",
      "localStatus": "created",
      "remoteStatus": "ADDED"
    },
    {
      "path": "Assets/Images/People/vladimir.webp",
      "localStatus": "created",
      "remoteStatus": "ADDED"
    },
    {
      "path": "Assets/Images/People/willemina.webp",
      "localStatus": "created",
      "remoteStatus": "ADDED"
    },
    {
      "path": "Assets/Images/People/yelena-arasek.jpg",
      "localStatus": "created",
      "remoteStatus": "ADDED"
    },
    {
      "path": "Assets/Images/People/zygfrek.jpeg",
      "localStatus": "created",
      "remoteStatus": "ADDED"
    },
    {
      "path": "Assets/Images/Places/Amber Temple Front.png",
      "localStatus": "created",
      "remoteStatus": "ADDED"
    },
    {
      "path": "Assets/Images/Places/Barvia Church.jpg",
      "localStatus": "created",
      "remoteStatus": "ADDED"
    },
    {
      "path": "Assets/Images/Places/Blue_water_inn.webp",
      "localStatus": "created",
      "remoteStatus": "ADDED"
    },
    {
      "path": "Assets/Images/Places/Dragon Statue.jpg",
      "localStatus": "created",
      "remoteStatus": "ADDED"
    },
    {
      "path": "Assets/Images/Places/Gates of Barovia.webp",
      "localStatus": "created",
      "remoteStatus": "ADDED"
    },
    {
      "path": "Assets/Images/Places/Old Bonegrinder.webp",
      "localStatus": "created",
      "remoteStatus": "ADDED"
    },
    {
      "path": "Assets/Images/Places/Rictavio's Carnival Wagon.jpg",
      "localStatus": "created",
      "remoteStatus": "ADDED"
    },
    {
      "path": "Assets/Images/Places/St Andral's Church.webp",
      "localStatus": "created",
      "remoteStatus": "ADDED"
    },
    {
      "path": "Assets/Images/Places/The Dining Hall Organ.jpg",
      "localStatus": "created",
      "remoteStatus": "ADDED"
    },
    {
      "path": "Assets/Images/Places/The Tower.jpg",
      "localStatus": "created",
      "remoteStatus": "ADDED"
    },
    {
      "path": "Assets/Images/Places/Tower Door.jpg",
      "localStatus": "created",
      "remoteStatus": "ADDED"
    },
    {
      "path": "Assets/Images/Places/Yesterhill_small.png",
      "localStatus": "created",
      "remoteStatus": "ADDED"
    },
    {
      "path": "Assets/Images/Places/Yesterhilltop.png",
      "localStatus": "created",
      "remoteStatus": "ADDED"
    },
    {
      "path": "Assets/Images/Places/argyvostholt.jpg",
      "localStatus": "created",
      "remoteStatus": "ADDED"
    },
    {
      "path": "Assets/Images/Places/berez.jpg",
      "localStatus": "created",
      "remoteStatus": "ADDED"
    },
    {
      "path": "Assets/Images/Places/burning-bonegrinder.webp",
      "localStatus": "created",
      "remoteStatus": "ADDED"
    },
    {
      "path": "Assets/Images/Places/death-house-front.jpg",
      "localStatus": "created",
      "remoteStatus": "ADDED"
    },
    {
      "path": "Assets/Images/Places/gulthias-tree.jpg",
      "localStatus": "created",
      "remoteStatus": "ADDED"
    },
    {
      "path": "Assets/Images/Places/heart-of-sorrow.png",
      "localStatus": "created",
      "remoteStatus": "ADDED"
    },
    {
      "path": "Assets/Images/Places/krezk.jpeg",
      "localStatus": "created",
      "remoteStatus": "ADDED"
    },
    {
      "path": "Assets/Images/Places/lake-baratok.jpg",
      "localStatus": "created",
      "remoteStatus": "ADDED"
    },
    {
      "path": "Assets/Images/Places/ravenloft_castle.jpeg",
      "localStatus": "created",
      "remoteStatus": "ADDED"
    },
    {
      "path": "Assets/Images/Places/strahd statue yester hill.png",
      "localStatus": "created",
      "remoteStatus": "ADDED"
    },
    {
      "path": "Assets/Images/Places/tsolenka pass.jpg",
      "localStatus": "created",
      "remoteStatus": "ADDED"
    },
    {
      "path": "Assets/Images/barovia_untagged.tif",
      "localStatus": "created",
      "remoteStatus": "ADDED"
    },
    {
      "path": "Assets/Music/CoS Vistani Camp [8TtFIT3x2PI].m4a",
      "localStatus": "created",
      "remoteStatus": "ADDED"
    },
    {
      "path": "Assets/Music/Death House Music - 1) Enter the House ~ The Peace Guild OST [3zQ7Nw8viok].m4a",
      "localStatus": "created",
      "remoteStatus": "ADDED"
    },
    {
      "path": "Assets/Music/Death House Music - 2) Rose and Thorn ~ The Peace Guild OST [yDCC7EcDr3k].m4a",
      "localStatus": "created",
      "remoteStatus": "ADDED"
    },
    {
      "path": "Assets/Music/Death House Music - 3) The Murdered Maid ~ The Peace Guild OST [RhBrss1_bh0].m4a",
      "localStatus": "created",
      "remoteStatus": "ADDED"
    },
    {
      "path": "Assets/Music/Death House Music - 4) One Must Die ~ The Peace Guild OST [QUyDUe2Ecp0].m4a",
      "localStatus": "created",
      "remoteStatus": "ADDED"
    },
    {
      "path": "Assets/Music/Death House Music - 5) The Decayer Awakens ~ The Peace Guild OST [PnEnOGgCYcQ].m4a",
      "localStatus": "created",
      "remoteStatus": "ADDED"
    },
    {
      "path": "Assets/Music/Into The Mists - An Epic Curse Of Strahd Soundtrack By Travis Savoie - 001 Introduction [uLpRctqGTWw].m4a",
      "localStatus": "created",
      "remoteStatus": "ADDED"
    },
    {
      "path": "Assets/Music/Into The Mists - An Epic Curse Of Strahd Soundtrack By Travis Savoie - 002 Into The Mists [uLpRctqGTWw].m4a",
      "localStatus": "created",
      "remoteStatus": "ADDED"
    },
    {
      "path": "Assets/Music/Into The Mists - An Epic Curse Of Strahd Soundtrack By Travis Savoie - 003 Barovian Legends [uLpRctqGTWw].m4a",
      "localStatus": "created",
      "remoteStatus": "ADDED"
    },
    {
      "path": "Assets/Music/Into The Mists - An Epic Curse Of Strahd Soundtrack By Travis Savoie - 004 Dancing With The Wolves [uLpRctqGTWw].m4a",
      "localStatus": "created",
      "remoteStatus": "ADDED"
    },
    {
      "path": "Assets/Music/Into The Mists - An Epic Curse Of Strahd Soundtrack By Travis Savoie - 005 Castle Ravenloft [uLpRctqGTWw].m4a",
      "localStatus": "created",
      "remoteStatus": "ADDED"
    },
    {
      "path": "Assets/Music/Into The Mists - An Epic Curse Of Strahd Soundtrack By Travis Savoie - 006 Dream Pastries [uLpRctqGTWw].m4a",
      "localStatus": "created",
      "remoteStatus": "ADDED"
    },
    {
      "path": "Assets/Music/Into The Mists - An Epic Curse Of Strahd Soundtrack By Travis Savoie - 007 A Coveted Soul [uLpRctqGTWw].m4a",
      "localStatus": "created",
      "remoteStatus": "ADDED"
    },
    {
      "path": "Assets/Music/Into The Mists - An Epic Curse Of Strahd Soundtrack By Travis Savoie - 008 All Against Darkness [uLpRctqGTWw].m4a",
      "localStatus": "created",
      "remoteStatus": "ADDED"
    },
    {
      "path": "Assets/Music/Into The Mists - An Epic Curse Of Strahd Soundtrack By Travis Savoie - 009 Restless Knights [uLpRctqGTWw].m4a",
      "localStatus": "created",
      "remoteStatus": "ADDED"
    },
    {
      "path": "Assets/Music/Into The Mists - An Epic Curse Of Strahd Soundtrack By Travis Savoie - 010 The Creeping Hut [uLpRctqGTWw].m4a",
      "localStatus": "created",
      "remoteStatus": "ADDED"
    },
    {
      "path": "Assets/Music/Into The Mists - An Epic Curse Of Strahd Soundtrack By Travis Savoie - 011 Dark Vestiges [uLpRctqGTWw].m4a",
      "localStatus": "created",
      "remoteStatus": "ADDED"
    },
    {
      "path": "Assets/Music/Into The Mists - An Epic Curse Of Strahd Soundtrack By Travis Savoie - 012 Glimmer Of Hope [uLpRctqGTWw].m4a",
      "localStatus": "created",
      "remoteStatus": "ADDED"
    },
    {
      "path": "Assets/Music/Into The Mists - An Epic Curse Of Strahd Soundtrack By Travis Savoie - 013 He Is The Ancient, He Is The Land [uLpRctqGTWw].m4a",
      "localStatus": "created",
      "remoteStatus": "ADDED"
    },
    {
      "path": "Assets/Music/Into The Mists - An Epic Curse Of Strahd Soundtrack By Travis Savoie [uLpRctqGTWw].m4a",
      "localStatus": "created",
      "remoteStatus": "ADDED"
    },
    {
      "path": "Assets/Music/Medieval Fantasy Tavern ｜ D&D Fantasy Music and Ambience [vyg5jJrZ42s].m4a",
      "localStatus": "created",
      "remoteStatus": "ADDED"
    },
    {
      "path": "Assets/Music/Mission Impossible Theme (Full Theme) [XAYhNHhxN0A].m4a",
      "localStatus": "created",
      "remoteStatus": "ADDED"
    },
    {
      "path": "Assets/Music/Ravenloft- Barovia： Village of Barovia [dXTNvDeFdVU].m4a",
      "localStatus": "created",
      "remoteStatus": "ADDED"
    },
    {
      "path": "Assets/Music/Ravenloft- Traveling the roads of Barovia [9G6CskLxgMI].m4a",
      "localStatus": "created",
      "remoteStatus": "ADDED"
    },
    {
      "path": "Assets/Music/The Pink Panther Theme [VyZiIuMufTA].m4a",
      "localStatus": "created",
      "remoteStatus": "ADDED"
    },
    {
      "path": "Assets/Templates/Character.md",
      "localStatus": "created",
      "remoteStatus": "ADDED"
    },
    {
      "path": "Assets/Templates/Handout.md",
      "localStatus": "created",
      "remoteStatus": "ADDED"
    },
    {
      "path": "Assets/Templates/Portrait from Character.md",
      "localStatus": "created",
      "remoteStatus": "ADDED"
    },
    {
      "path": "Assets/Templates/Portrait.md",
      "localStatus": "created",
      "remoteStatus": "ADDED"
    },
    {
      "path": "Characters/Adrian Martikov.md",
      "localStatus": "created",
      "remoteStatus": "ADDED"
    },
    {
      "path": "Characters/Alexei.md",
      "localStatus": "created",
      "remoteStatus": "ADDED"
    },
    {
      "path": "Characters/Amalthia.md",
      "localStatus": "created",
      "remoteStatus": "ADDED"
    },
    {
      "path": "Characters/Anna Krezkova.md",
      "localStatus": "created",
      "remoteStatus": "ADDED"
    },
    {
      "path": "Characters/Arabelle.md",
      "localStatus": "created",
      "remoteStatus": "ADDED"
    },
    {
      "path": "Characters/Arahja.md",
      "localStatus": "created",
      "remoteStatus": "ADDED"
    },
    {
      "path": "Characters/Argynvost.md",
      "localStatus": "created",
      "remoteStatus": "ADDED"
    },
    {
      "path": "Characters/Arik Lorensk.md",
      "localStatus": "created",
      "remoteStatus": "ADDED"
    },
    {
      "path": "Characters/Arrigal.md",
      "localStatus": "created",
      "remoteStatus": "ADDED"
    },
    {
      "path": "Characters/Artimus.md",
      "localStatus": "created",
      "remoteStatus": "ADDED"
    },
    {
      "path": "Characters/Baba Lysaga.md",
      "localStatus": "created",
      "remoteStatus": "ADDED"
    },
    {
      "path": "Characters/Bella Sunbane.md",
      "localStatus": "created",
      "remoteStatus": "ADDED"
    },
    {
      "path": "Characters/Beucephalus.md",
      "localStatus": "created",
      "remoteStatus": "ADDED"
    },
    {
      "path": "Characters/Bildrath Cantemir.md",
      "localStatus": "created",
      "remoteStatus": "ADDED"
    },
    {
      "path": "Characters/Bluto Krogarov.md",
      "localStatus": "created",
      "remoteStatus": "ADDED"
    },
    {
      "path": "Characters/Bluto.md",
      "localStatus": "created",
      "remoteStatus": "ADDED"
    },
    {
      "path": "Characters/Bray Martikov.md",
      "localStatus": "created",
      "remoteStatus": "ADDED"
    },
    {
      "path": "Characters/Brom Martikova.md",
      "localStatus": "created",
      "remoteStatus": "ADDED"
    },
    {
      "path": "Characters/Burgomaster Lazlo Ulrich.md",
      "localStatus": "created",
      "remoteStatus": "ADDED"
    },
    {
      "path": "Characters/Claudiu Martikov.md",
      "localStatus": "created",
      "remoteStatus": "ADDED"
    },
    {
      "path": "Characters/Clovin Belview.md",
      "localStatus": "created",
      "remoteStatus": "ADDED"
    },
    {
      "path": "Characters/Cyrus Belview.md",
      "localStatus": "created",
      "remoteStatus": "ADDED"
    },
    {
      "path": "Characters/Dag Tomescu.md",
      "localStatus": "created",
      "remoteStatus": "ADDED"
    },
    {
      "path": "Characters/Danika Dorakova.md",
      "localStatus": "created",
      "remoteStatus": "ADDED"
    },
    {
      "path": "Characters/Davian Martikov.md",
      "localStatus": "created",
      "remoteStatus": "ADDED"
    },
    {
      "path": "Characters/Dhavit.md",
      "localStatus": "created",
      "remoteStatus": "ADDED"
    },
    {
      "path": "Characters/Dmitri Krezkov.md",
      "localStatus": "created",
      "remoteStatus": "ADDED"
    },
    {
      "path": "Characters/Donavich.md",
      "localStatus": "created",
      "remoteStatus": "ADDED"
    },
    {
      "path": "Characters/Doru.md",
      "localStatus": "created",
      "remoteStatus": "ADDED"
    },
    {
      "path": "Characters/Elizabeth Durst.md",
      "localStatus": "created",
      "remoteStatus": "ADDED"
    },
    {
      "path": "Characters/Elvir Martikov.md",
      "localStatus": "created",
      "remoteStatus": "ADDED"
    },
    {
      "path": "Characters/Emil Toranescu.md",
      "localStatus": "created",
      "remoteStatus": "ADDED"
    },
    {
      "path": "Characters/Ernst Larnak.md",
      "localStatus": "created",
      "remoteStatus": "ADDED"
    },
    {
      "path": "Characters/Escher.md",
      "localStatus": "created",
      "remoteStatus": "ADDED"
    },
    {
      "path": "Characters/Exethanter.md",
      "localStatus": "created",
      "remoteStatus": "ADDED"
    },
    {
      "path": "Characters/Ezmerelda d'Avenir.md",
      "localStatus": "created",
      "remoteStatus": "ADDED"
    },
    {
      "path": "Characters/Faina Janek.md",
      "localStatus": "created",
      "remoteStatus": "ADDED"
    },
    {
      "path": "Characters/Father Lucian Petrovich.md",
      "localStatus": "created",
      "remoteStatus": "ADDED"
    },
    {
      "path": "Characters/Felix.md",
      "localStatus": "created",
      "remoteStatus": "ADDED"
    },
    {
      "path": "Characters/Fiona Wachter.md",
      "localStatus": "created",
      "remoteStatus": "ADDED"
    },
    {
      "path": "Characters/Freek.md",
      "localStatus": "created",
      "remoteStatus": "ADDED"
    },
    {
      "path": "Characters/Gadof Blinsky.md",
      "localStatus": "created",
      "remoteStatus": "ADDED"
    },
    {
      "path": "Characters/Gertruda.md",
      "localStatus": "created",
      "remoteStatus": "ADDED"
    },
    {
      "path": "Characters/Gunther Arasek.md",
      "localStatus": "created",
      "remoteStatus": "ADDED"
    },
    {
      "path": "Characters/Gustav Durst.md",
      "localStatus": "created",
      "remoteStatus": "ADDED"
    },
    {
      "path": "Characters/Haliq.md",
      "localStatus": "created",
      "remoteStatus": "ADDED"
    },
    {
      "path": "Characters/Helga.md",
      "localStatus": "created",
      "remoteStatus": "ADDED"
    },
    {
      "path": "Characters/Henrik van der Voort.md",
      "localStatus": "created",
      "remoteStatus": "ADDED"
    },
    {
      "path": "Characters/Ilya Krezkov.md",
      "localStatus": "created",
      "remoteStatus": "ADDED"
    },
    {
      "path": "Characters/Ireena Kolyana.md",
      "localStatus": "created",
      "remoteStatus": "ADDED"
    },
    {
      "path": "Characters/Ismark Kolyanovich.md",
      "localStatus": "created",
      "remoteStatus": "ADDED"
    },
    {
      "path": "Characters/Izek Strazni.md",
      "localStatus": "created",
      "remoteStatus": "ADDED"
    },
    {
      "path": "Characters/Jakarion.md",
      "localStatus": "created",
      "remoteStatus": "ADDED"
    },
    {
      "path": "Characters/Jeny Greenteeth.md",
      "localStatus": "created",
      "remoteStatus": "ADDED"
    },
    {
      "path": "Characters/Karl Wachter.md",
      "localStatus": "created",
      "remoteStatus": "ADDED"
    },
    {
      "path": "Characters/Kasimir Velikov.md",
      "localStatus": "created",
      "remoteStatus": "ADDED"
    },
    {
      "path": "Characters/King Barov.md",
      "localStatus": "created",
      "remoteStatus": "ADDED"
    },
    {
      "path": "Characters/Kolyan Indirovich.md",
      "localStatus": "created",
      "remoteStatus": "ADDED"
    },
    {
      "path": "Characters/Lancelot.md",
      "localStatus": "created",
      "remoteStatus": "ADDED"
    },
    {
      "path": "Characters/Lief Lipsiege.md",
      "localStatus": "created",
      "remoteStatus": "ADDED"
    },
    {
      "path": "Characters/Lord Nikolai Wachter.md",
      "localStatus": "created",
      "remoteStatus": "ADDED"
    },
    {
      "path": "Characters/Lucien.md",
      "localStatus": "created",
      "remoteStatus": "ADDED"
    },
    {
      "path": "Characters/Luvash.md",
      "localStatus": "created",
      "remoteStatus": "ADDED"
    },
    {
      "path": "Characters/Lydia Petrovna.md",
      "localStatus": "created",
      "remoteStatus": "ADDED"
    },
    {
      "path": "Characters/Mad Mage of Mount Baratok.md",
      "localStatus": "created",
      "remoteStatus": "ADDED"
    },
    {
      "path": "Characters/Mad Mary.md",
      "localStatus": "created",
      "remoteStatus": "ADDED"
    },
    {
      "path": "Characters/Madalena.md",
      "localStatus": "created",
      "remoteStatus": "ADDED"
    },
    {
      "path": "Characters/Madam Eva.md",
      "localStatus": "created",
      "remoteStatus": "ADDED"
    },
    {
      "path": "Characters/Majesto.md",
      "localStatus": "created",
      "remoteStatus": "ADDED"
    },
    {
      "path": "Characters/Martin Martikov.md",
      "localStatus": "created",
      "remoteStatus": "ADDED"
    },
    {
      "path": "Characters/Marzena Belview.md",
      "localStatus": "created",
      "remoteStatus": "ADDED"
    },
    {
      "path": "Characters/Menigal, the Departed.md",
      "localStatus": "created",
      "remoteStatus": "ADDED"
    },
    {
      "path": "Characters/Metarlos.md",
      "localStatus": "created",
      "remoteStatus": "ADDED"
    },
    {
      "path": "Characters/Milivoj.md",
      "localStatus": "created",
      "remoteStatus": "ADDED"
    },
    {
      "path": "Characters/Mirabel.md",
      "localStatus": "created",
      "remoteStatus": "ADDED"
    },
    {
      "path": "Characters/Mishka Belview.md",
      "localStatus": "created",
      "remoteStatus": "ADDED"
    },
    {
      "path": "Characters/Morgantha.md",
      "localStatus": "created",
      "remoteStatus": "ADDED"
    },
    {
      "path": "Characters/Ms Belasco.md",
      "localStatus": "created",
      "remoteStatus": "ADDED"
    },
    {
      "path": "Characters/Muriel Vinshaw.md",
      "localStatus": "created",
      "remoteStatus": "ADDED"
    },
    {
      "path": "Characters/Myrtle.md",
      "localStatus": "created",
      "remoteStatus": "ADDED"
    },
    {
      "path": "Characters/Neferon.md",
      "localStatus": "created",
      "remoteStatus": "ADDED"
    },
    {
      "path": "Characters/Nikolai Wachter.md",
      "localStatus": "created",
      "remoteStatus": "ADDED"
    },
    {
      "path": "Characters/Offalia Wormwiggle.md",
      "localStatus": "created",
      "remoteStatus": "ADDED"
    },
    {
      "path": "Characters/Otto Belview.md",
      "localStatus": "created",
      "remoteStatus": "ADDED"
    },
    {
      "path": "Characters/Parriwimple.md",
      "localStatus": "created",
      "remoteStatus": "ADDED"
    },
    {
      "path": "Characters/Patrina Velikovna.md",
      "localStatus": "created",
      "remoteStatus": "ADDED"
    },
    {
      "path": "Characters/Piccolo.md",
      "localStatus": "created",
      "remoteStatus": "ADDED"
    },
    {
      "path": "Characters/Pidlwick II.md",
      "localStatus": "created",
      "remoteStatus": "ADDED"
    },
    {
      "path": "Characters/Players/Anakir.md",
      "localStatus": "created",
      "remoteStatus": "ADDED"
    },
    {
      "path": "Characters/Players/Bardolf.md",
      "localStatus": "created",
      "remoteStatus": "ADDED"
    },
    {
      "path": "Characters/Players/Elora.md",
      "localStatus": "created",
      "remoteStatus": "ADDED"
    },
    {
      "path": "Characters/Players/Pelanil.md",
      "localStatus": "created",
      "remoteStatus": "ADDED"
    },
    {
      "path": "Characters/Players/Shalooti.md",
      "localStatus": "created",
      "remoteStatus": "ADDED"
    },
    {
      "path": "Characters/Queen Ravenovia.md",
      "localStatus": "created",
      "remoteStatus": "ADDED"
    },
    {
      "path": "Characters/Rahadin.md",
      "localStatus": "created",
      "remoteStatus": "ADDED"
    },
    {
      "path": "Characters/Rictavio.md",
      "localStatus": "created",
      "remoteStatus": "ADDED"
    },
    {
      "path": "Characters/Rina.md",
      "localStatus": "created",
      "remoteStatus": "ADDED"
    },
    {
      "path": "Characters/Rosevalda.md",
      "localStatus": "created",
      "remoteStatus": "ADDED"
    },
    {
      "path": "Characters/Sergei.md",
      "localStatus": "created",
      "remoteStatus": "ADDED"
    },
    {
      "path": "Characters/Sir Godfrey Gwilym.md",
      "localStatus": "created",
      "remoteStatus": "ADDED"
    },
    {
      "path": "Characters/Stefania Martikov.md",
      "localStatus": "created",
      "remoteStatus": "ADDED"
    },
    {
      "path": "Characters/Stella Wachter.md",
      "localStatus": "created",
      "remoteStatus": "ADDED"
    },
    {
      "path": "Characters/Strahd Von Zarovich.md",
      "localStatus": "created",
      "remoteStatus": "ADDED"
    },
    {
      "path": "Characters/Szoldar Szoldarovich.md",
      "localStatus": "created",
      "remoteStatus": "ADDED"
    },
    {
      "path": "Characters/Tasha Petrovna.md",
      "localStatus": "created",
      "remoteStatus": "ADDED"
    },
    {
      "path": "Characters/Tatyana.md",
      "localStatus": "created",
      "remoteStatus": "ADDED"
    },
    {
      "path": "Characters/Tenebrous.md",
      "localStatus": "created",
      "remoteStatus": "ADDED"
    },
    {
      "path": "Characters/The Abbot.md",
      "localStatus": "created",
      "remoteStatus": "ADDED"
    },
    {
      "path": "Characters/Thornboldt.md",
      "localStatus": "created",
      "remoteStatus": "ADDED"
    },
    {
      "path": "Characters/Udo Lukovich.md",
      "localStatus": "created",
      "remoteStatus": "ADDED"
    },
    {
      "path": "Characters/Urwin Martikov.md",
      "localStatus": "created",
      "remoteStatus": "ADDED"
    },
    {
      "path": "Characters/Vadu.md",
      "localStatus": "created",
      "remoteStatus": "ADDED"
    },
    {
      "path": "Characters/Vampyr.md",
      "localStatus": "created",
      "remoteStatus": "ADDED"
    },
    {
      "path": "Characters/Vargas Vallakovich.md",
      "localStatus": "created",
      "remoteStatus": "ADDED"
    },
    {
      "path": "Characters/Vasilka.md",
      "localStatus": "created",
      "remoteStatus": "ADDED"
    },
    {
      "path": "Characters/Victor Vallakovich.md",
      "localStatus": "created",
      "remoteStatus": "ADDED"
    },
    {
      "path": "Characters/Viggo Martikov.md",
      "localStatus": "created",
      "remoteStatus": "ADDED"
    },
    {
      "path": "Characters/Vilnius.md",
      "localStatus": "created",
      "remoteStatus": "ADDED"
    },
    {
      "path": "Characters/Vladimir Horngaard.md",
      "localStatus": "created",
      "remoteStatus": "ADDED"
    },
    {
      "path": "Characters/Walter.md",
      "localStatus": "created",
      "remoteStatus": "ADDED"
    },
    {
      "path": "Characters/Willemina Rikalova.md",
      "localStatus": "created",
      "remoteStatus": "ADDED"
    },
    {
      "path": "Characters/Yelena Arasek.md",
      "localStatus": "created",
      "remoteStatus": "ADDED"
    },
    {
      "path": "Characters/Yeska.md",
      "localStatus": "created",
      "remoteStatus": "ADDED"
    },
    {
      "path": "Characters/Yevgeni Krushkin.md",
      "localStatus": "created",
      "remoteStatus": "ADDED"
    },
    {
      "path": "Characters/Yolanda Martikov.md",
      "localStatus": "created",
      "remoteStatus": "ADDED"
    },
    {
      "path": "Characters/Zygfrek Belview.md",
      "localStatus": "created",
      "remoteStatus": "ADDED"
    },
    {
      "path": "Custom Monsters/Amber Ghast.md",
      "localStatus": "created",
      "remoteStatus": "ADDED"
    },
    {
      "path": "Custom Monsters/Amber Golem.md",
      "localStatus": "created",
      "remoteStatus": "ADDED"
    },
    {
      "path": "Custom Monsters/Arcanaloth.md",
      "localStatus": "created",
      "remoteStatus": "ADDED"
    },
    {
      "path": "Custom Monsters/Baba Lysaga Statblock.md",
      "localStatus": "created",
      "remoteStatus": "ADDED"
    },
    {
      "path": "Custom Monsters/Baba Lysaga's Creeping Hut Statblock.md",
      "localStatus": "created",
      "remoteStatus": "ADDED"
    },
    {
      "path": "Custom Monsters/Child Wereraven Statblock.md",
      "localStatus": "created",
      "remoteStatus": "ADDED"
    },
    {
      "path": "Custom Monsters/Clovin Belview Statblock.md",
      "localStatus": "created",
      "remoteStatus": "ADDED"
    },
    {
      "path": "Custom Monsters/Crawling Claw Statblock.md",
      "localStatus": "created",
      "remoteStatus": "ADDED"
    },
    {
      "path": "Custom Monsters/Death Slaad.md",
      "localStatus": "created",
      "remoteStatus": "ADDED"
    },
    {
      "path": "Custom Monsters/Dog.md",
      "localStatus": "created",
      "remoteStatus": "ADDED"
    },
    {
      "path": "Custom Monsters/Druid Assailant Statblock.md",
      "localStatus": "created",
      "remoteStatus": "ADDED"
    },
    {
      "path": "Custom Monsters/Druid Naturalist Statblock.md",
      "localStatus": "created",
      "remoteStatus": "ADDED"
    },
    {
      "path": "Custom Monsters/Elite Guard Statblock.md",
      "localStatus": "created",
      "remoteStatus": "ADDED"
    },
    {
      "path": "Custom Monsters/Escher Statblock.md",
      "localStatus": "created",
      "remoteStatus": "ADDED"
    },
    {
      "path": "Custom Monsters/Exethanter Stat Block.md",
      "localStatus": "created",
      "remoteStatus": "ADDED"
    },
    {
      "path": "Custom Monsters/Ezmerelda Statblock.md",
      "localStatus": "created",
      "remoteStatus": "ADDED"
    },
    {
      "path": "Custom Monsters/Flameskull.md",
      "localStatus": "created",
      "remoteStatus": "ADDED"
    },
    {
      "path": "Custom Monsters/Gulthias Tree Statblock.md",
      "localStatus": "created",
      "remoteStatus": "ADDED"
    },
    {
      "path": "Custom Monsters/Heart of Sorrow Statblock.md",
      "localStatus": "created",
      "remoteStatus": "ADDED"
    },
    {
      "path": "Custom Monsters/Izek Stat Block.md",
      "localStatus": "created",
      "remoteStatus": "ADDED"
    },
    {
      "path": "Custom Monsters/Mad Mage Statblock.md",
      "localStatus": "created",
      "remoteStatus": "ADDED"
    },
    {
      "path": "Custom Monsters/Madam Eva Statblock.md",
      "localStatus": "created",
      "remoteStatus": "ADDED"
    },
    {
      "path": "Custom Monsters/Marzena Belview Statblock.md",
      "localStatus": "created",
      "remoteStatus": "ADDED"
    },
    {
      "path": "Custom Monsters/Mishka Belview Statblock.md",
      "localStatus": "created",
      "remoteStatus": "ADDED"
    },
    {
      "path": "Custom Monsters/Mongrelfolk Statblock.md",
      "localStatus": "created",
      "remoteStatus": "ADDED"
    },
    {
      "path": "Custom Monsters/Morgantha Stat Block.md",
      "localStatus": "created",
      "remoteStatus": "ADDED"
    },
    {
      "path": "Custom Monsters/Needle Blight Statblock.md",
      "localStatus": "created",
      "remoteStatus": "ADDED"
    },
    {
      "path": "Custom Monsters/Night Hag (Spells Inlined).md",
      "localStatus": "created",
      "remoteStatus": "ADDED"
    },
    {
      "path": "Custom Monsters/Nothic Statblock.md",
      "localStatus": "created",
      "remoteStatus": "ADDED"
    },
    {
      "path": "Custom Monsters/Otto Belview Statblock.md",
      "localStatus": "created",
      "remoteStatus": "ADDED"
    },
    {
      "path": "Custom Monsters/Phantom Warrior Stat Block.md",
      "localStatus": "created",
      "remoteStatus": "ADDED"
    },
    {
      "path": "Custom Monsters/Piccolo Statblock.md",
      "localStatus": "created",
      "remoteStatus": "ADDED"
    },
    {
      "path": "Custom Monsters/Pidlwick Statblock.md",
      "localStatus": "created",
      "remoteStatus": "ADDED"
    },
    {
      "path": "Custom Monsters/Poltergeist Statblock.md",
      "localStatus": "created",
      "remoteStatus": "ADDED"
    },
    {
      "path": "Custom Monsters/Rahadin Statblock.md",
      "localStatus": "created",
      "remoteStatus": "ADDED"
    },
    {
      "path": "Custom Monsters/Revenant Statblock.md",
      "localStatus": "created",
      "remoteStatus": "ADDED"
    },
    {
      "path": "Custom Monsters/Rictavio Statblock.md",
      "localStatus": "created",
      "remoteStatus": "ADDED"
    },
    {
      "path": "Custom Monsters/Scarecrow Statblock.md",
      "localStatus": "created",
      "remoteStatus": "ADDED"
    },
    {
      "path": "Custom Monsters/Shadow Demon Statblock.md",
      "localStatus": "created",
      "remoteStatus": "ADDED"
    },
    {
      "path": "Custom Monsters/Sir Godfrey Gwilym Statblock.md",
      "localStatus": "created",
      "remoteStatus": "ADDED"
    },
    {
      "path": "Custom Monsters/Strahd Statblock.md",
      "localStatus": "created",
      "remoteStatus": "ADDED"
    },
    {
      "path": "Custom Monsters/Strahd Zombie Statblock.md",
      "localStatus": "created",
      "remoteStatus": "ADDED"
    },
    {
      "path": "Custom Monsters/Tree Blight Statblock.md",
      "localStatus": "created",
      "remoteStatus": "ADDED"
    },
    {
      "path": "Custom Monsters/Twig Blight Statblock.md",
      "localStatus": "created",
      "remoteStatus": "ADDED"
    },
    {
      "path": "Custom Monsters/Twig Blight Swarm Statblock.md",
      "localStatus": "created",
      "remoteStatus": "ADDED"
    },
    {
      "path": "Custom Monsters/Vampyr Statblock.md",
      "localStatus": "created",
      "remoteStatus": "ADDED"
    },
    {
      "path": "Custom Monsters/Vine Blight Statblock.md",
      "localStatus": "created",
      "remoteStatus": "ADDED"
    },
    {
      "path": "Custom Monsters/Vladimir Horngaard Statblock.md",
      "localStatus": "created",
      "remoteStatus": "ADDED"
    },
    {
      "path": "Custom Monsters/Wereraven Statblock.md",
      "localStatus": "created",
      "remoteStatus": "ADDED"
    },
    {
      "path": "Custom Monsters/Wintersplinter Statblock.md",
      "localStatus": "created",
      "remoteStatus": "ADDED"
    },
    {
      "path": "Custom Monsters/Zygfrek Belview Statblock.md",
      "localStatus": "created",
      "remoteStatus": "ADDED"
    },
    {
      "path": "Handouts/Images/Places/Abbey of Saint Markovia Handout.md",
      "localStatus": "created",
      "remoteStatus": "ADDED"
    },
    {
      "path": "Handouts/Images/Places/Amber Temple Front.md",
      "localStatus": "created",
      "remoteStatus": "ADDED"
    },
    {
      "path": "Handouts/Images/Places/Argynvostholt Image.md",
      "localStatus": "created",
      "remoteStatus": "ADDED"
    },
    {
      "path": "Handouts/Images/Places/Barovia Church.md",
      "localStatus": "created",
      "remoteStatus": "ADDED"
    },
    {
      "path": "Handouts/Images/Places/Berez.md",
      "localStatus": "created",
      "remoteStatus": "ADDED"
    },
    {
      "path": "Handouts/Images/Places/Blue Water Inn.md",
      "localStatus": "created",
      "remoteStatus": "ADDED"
    },
    {
      "path": "Handouts/Images/Places/Carnival Wagon.md",
      "localStatus": "created",
      "remoteStatus": "ADDED"
    },
    {
      "path": "Handouts/Images/Places/Death House Front.md",
      "localStatus": "created",
      "remoteStatus": "ADDED"
    },
    {
      "path": "Handouts/Images/Places/Dining Hall Organ.md",
      "localStatus": "created",
      "remoteStatus": "ADDED"
    },
    {
      "path": "Handouts/Images/Places/Gates of Barovia Image.md",
      "localStatus": "created",
      "remoteStatus": "ADDED"
    },
    {
      "path": "Handouts/Images/Places/Lake Baratok Handout.md",
      "localStatus": "created",
      "remoteStatus": "ADDED"
    },
    {
      "path": "Handouts/Images/Places/Ravenloft.md",
      "localStatus": "created",
      "remoteStatus": "ADDED"
    },
    {
      "path": "Handouts/Images/Places/St Andral's Church.md",
      "localStatus": "created",
      "remoteStatus": "ADDED"
    },
    {
      "path": "Handouts/Images/Places/The Tower.md",
      "localStatus": "created",
      "remoteStatus": "ADDED"
    },
    {
      "path": "Handouts/Images/Places/The Village of Krezk Image.md",
      "localStatus": "created",
      "remoteStatus": "ADDED"
    },
    {
      "path": "Handouts/Images/Places/The Windmill.md",
      "localStatus": "created",
      "remoteStatus": "ADDED"
    },
    {
      "path": "Handouts/Images/Places/Tower Door Handout.md",
      "localStatus": "created",
      "remoteStatus": "ADDED"
    },
    {
      "path": "Handouts/Images/Places/Tsolenka Pass Handout.md",
      "localStatus": "created",
      "remoteStatus": "ADDED"
    },
    {
      "path": "Handouts/Images/Places/Yester Hill.md",
      "localStatus": "created",
      "remoteStatus": "ADDED"
    },
    {
      "path": "Handouts/Images/Portraits/Portrait of Adrian.md",
      "localStatus": "created",
      "remoteStatus": "ADDED"
    },
    {
      "path": "Handouts/Images/Portraits/Portrait of Anna.md",
      "localStatus": "created",
      "remoteStatus": "ADDED"
    },
    {
      "path": "Handouts/Images/Portraits/Portrait of Arabelle.md",
      "localStatus": "created",
      "remoteStatus": "ADDED"
    },
    {
      "path": "Handouts/Images/Portraits/Portrait of Arahja.md",
      "localStatus": "created",
      "remoteStatus": "ADDED"
    },
    {
      "path": "Handouts/Images/Portraits/Portrait of Argynvost.md",
      "localStatus": "created",
      "remoteStatus": "ADDED"
    },
    {
      "path": "Handouts/Images/Portraits/Portrait of Arik.md",
      "localStatus": "created",
      "remoteStatus": "ADDED"
    },
    {
      "path": "Handouts/Images/Portraits/Portrait of Arrigal.md",
      "localStatus": "created",
      "remoteStatus": "ADDED"
    },
    {
      "path": "Handouts/Images/Portraits/Portrait of Baba Lysaga.md",
      "localStatus": "created",
      "remoteStatus": "ADDED"
    },
    {
      "path": "Handouts/Images/Portraits/Portrait of Bildrath.md",
      "localStatus": "created",
      "remoteStatus": "ADDED"
    },
    {
      "path": "Handouts/Images/Portraits/Portrait of Blinsky.md",
      "localStatus": "created",
      "remoteStatus": "ADDED"
    },
    {
      "path": "Handouts/Images/Portraits/Portrait of Bluto.md",
      "localStatus": "created",
      "remoteStatus": "ADDED"
    },
    {
      "path": "Handouts/Images/Portraits/Portrait of Clovin.md",
      "localStatus": "created",
      "remoteStatus": "ADDED"
    },
    {
      "path": "Handouts/Images/Portraits/Portrait of Cyrus Belview.md",
      "localStatus": "created",
      "remoteStatus": "ADDED"
    },
    {
      "path": "Handouts/Images/Portraits/Portrait of Danika Martikov.md",
      "localStatus": "created",
      "remoteStatus": "ADDED"
    },
    {
      "path": "Handouts/Images/Portraits/Portrait of Davian.md",
      "localStatus": "created",
      "remoteStatus": "ADDED"
    },
    {
      "path": "Handouts/Images/Portraits/Portrait of Dmitri.md",
      "localStatus": "created",
      "remoteStatus": "ADDED"
    },
    {
      "path": "Handouts/Images/Portraits/Portrait of Donavich.md",
      "localStatus": "created",
      "remoteStatus": "ADDED"
    },
    {
      "path": "Handouts/Images/Portraits/Portrait of Doru.md",
      "localStatus": "created",
      "remoteStatus": "ADDED"
    },
    {
      "path": "Handouts/Images/Portraits/Portrait of Elvir.md",
      "localStatus": "created",
      "remoteStatus": "ADDED"
    },
    {
      "path": "Handouts/Images/Portraits/Portrait of Ernst Larnak.md",
      "localStatus": "created",
      "remoteStatus": "ADDED"
    },
    {
      "path": "Handouts/Images/Portraits/Portrait of Escher.md",
      "localStatus": "created",
      "remoteStatus": "ADDED"
    },
    {
      "path": "Handouts/Images/Portraits/Portrait of Ezmerelda.md",
      "localStatus": "created",
      "remoteStatus": "ADDED"
    },
    {
      "path": "Handouts/Images/Portraits/Portrait of Father Lucian.md",
      "localStatus": "created",
      "remoteStatus": "ADDED"
    },
    {
      "path": "Handouts/Images/Portraits/Portrait of Freek.md",
      "localStatus": "created",
      "remoteStatus": "ADDED"
    },
    {
      "path": "Handouts/Images/Portraits/Portrait of Gertruda.md",
      "localStatus": "created",
      "remoteStatus": "ADDED"
    },
    {
      "path": "Handouts/Images/Portraits/Portrait of Gunther Arasek.md",
      "localStatus": "created",
      "remoteStatus": "ADDED"
    },
    {
      "path": "Handouts/Images/Portraits/Portrait of Henrik.md",
      "localStatus": "created",
      "remoteStatus": "ADDED"
    },
    {
      "path": "Handouts/Images/Portraits/Portrait of Ireena.md",
      "localStatus": "created",
      "remoteStatus": "ADDED"
    },
    {
      "path": "Handouts/Images/Portraits/Portrait of Ismark.md",
      "localStatus": "created",
      "remoteStatus": "ADDED"
    },
    {
      "path": "Handouts/Images/Portraits/Portrait of Izek Strazni.md",
      "localStatus": "created",
      "remoteStatus": "ADDED"
    },
    {
      "path": "Handouts/Images/Portraits/Portrait of Kasimir.md",
      "localStatus": "created",
      "remoteStatus": "ADDED"
    },
    {
      "path": "Handouts/Images/Portraits/Portrait of Lady Wachter.md",
      "localStatus": "created",
      "remoteStatus": "ADDED"
    },
    {
      "path": "Handouts/Images/Portraits/Portrait of Lief Lipsiege.md",
      "localStatus": "created",
      "remoteStatus": "ADDED"
    },
    {
      "path": "Handouts/Images/Portraits/Portrait of Lucien.md",
      "localStatus": "created",
      "remoteStatus": "ADDED"
    },
    {
      "path": "Handouts/Images/Portraits/Portrait of Luvash.md",
      "localStatus": "created",
      "remoteStatus": "ADDED"
    },
    {
      "path": "Handouts/Images/Portraits/Portrait of Lydia.md",
      "localStatus": "created",
      "remoteStatus": "ADDED"
    },
    {
      "path": "Handouts/Images/Portraits/Portrait of Mad Mary.md",
      "localStatus": "created",
      "remoteStatus": "ADDED"
    },
    {
      "path": "Handouts/Images/Portraits/Portrait of Madam Eva.md",
      "localStatus": "created",
      "remoteStatus": "ADDED"
    },
    {
      "path": "Handouts/Images/Portraits/Portrait of Marzena.md",
      "localStatus": "created",
      "remoteStatus": "ADDED"
    },
    {
      "path": "Handouts/Images/Portraits/Portrait of Menigal.md",
      "localStatus": "created",
      "remoteStatus": "ADDED"
    },
    {
      "path": "Handouts/Images/Portraits/Portrait of Milivoj.md",
      "localStatus": "created",
      "remoteStatus": "ADDED"
    },
    {
      "path": "Handouts/Images/Portraits/Portrait of Mishka.md",
      "localStatus": "created",
      "remoteStatus": "ADDED"
    },
    {
      "path": "Handouts/Images/Portraits/Portrait of Muriel.md",
      "localStatus": "created",
      "remoteStatus": "ADDED"
    },
    {
      "path": "Handouts/Images/Portraits/Portrait of Myrtle.md",
      "localStatus": "created",
      "remoteStatus": "ADDED"
    },
    {
      "path": "Handouts/Images/Portraits/Portrait of Neferon.md",
      "localStatus": "created",
      "remoteStatus": "ADDED"
    },
    {
      "path": "Handouts/Images/Portraits/Portrait of Nikolai and Karl Wachter.md",
      "localStatus": "created",
      "remoteStatus": "ADDED"
    },
    {
      "path": "Handouts/Images/Portraits/Portrait of Otto.md",
      "localStatus": "created",
      "remoteStatus": "ADDED"
    },
    {
      "path": "Handouts/Images/Portraits/Portrait of Parriwimple.md",
      "localStatus": "created",
      "remoteStatus": "ADDED"
    },
    {
      "path": "Handouts/Images/Portraits/Portrait of Pidlwick II.md",
      "localStatus": "created",
      "remoteStatus": "ADDED"
    },
    {
      "path": "Handouts/Images/Portraits/Portrait of Rahadin.md",
      "localStatus": "created",
      "remoteStatus": "ADDED"
    },
    {
      "path": "Handouts/Images/Portraits/Portrait of Rictavio.md",
      "localStatus": "created",
      "remoteStatus": "ADDED"
    },
    {
      "path": "Handouts/Images/Portraits/Portrait of Rina.md",
      "localStatus": "created",
      "remoteStatus": "ADDED"
    },
    {
      "path": "Handouts/Images/Portraits/Portrait of Rose and Thorne.md",
      "localStatus": "created",
      "remoteStatus": "ADDED"
    },
    {
      "path": "Handouts/Images/Portraits/Portrait of Sir Godfrey Gwilym.md",
      "localStatus": "created",
      "remoteStatus": "ADDED"
    },
    {
      "path": "Handouts/Images/Portraits/Portrait of Stefania.md",
      "localStatus": "created",
      "remoteStatus": "ADDED"
    },
    {
      "path": "Handouts/Images/Portraits/Portrait of Stella Wachter.md",
      "localStatus": "created",
      "remoteStatus": "ADDED"
    },
    {
      "path": "Handouts/Images/Portraits/Portrait of Strahd and Beucephalus.md",
      "localStatus": "created",
      "remoteStatus": "ADDED"
    },
    {
      "path": "Handouts/Images/Portraits/Portrait of The Abbot.md",
      "localStatus": "created",
      "remoteStatus": "ADDED"
    },
    {
      "path": "Handouts/Images/Portraits/Portrait of Urwin Martikov.md",
      "localStatus": "created",
      "remoteStatus": "ADDED"
    },
    {
      "path": "Handouts/Images/Portraits/Portrait of Vampyr.md",
      "localStatus": "created",
      "remoteStatus": "ADDED"
    },
    {
      "path": "Handouts/Images/Portraits/Portrait of Vasilka.md",
      "localStatus": "created",
      "remoteStatus": "ADDED"
    },
    {
      "path": "Handouts/Images/Portraits/Portrait of Victor Vallakovich.md",
      "localStatus": "created",
      "remoteStatus": "ADDED"
    },
    {
      "path": "Handouts/Images/Portraits/Portrait of Vilnius.md",
      "localStatus": "created",
      "remoteStatus": "ADDED"
    },
    {
      "path": "Handouts/Images/Portraits/Portrait of Vladimir Horngaard.md",
      "localStatus": "created",
      "remoteStatus": "ADDED"
    },
    {
      "path": "Handouts/Images/Portraits/Portrait of Willemina.md",
      "localStatus": "created",
      "remoteStatus": "ADDED"
    },
    {
      "path": "Handouts/Images/Portraits/Portrait of Yelena Arasek.md",
      "localStatus": "created",
      "remoteStatus": "ADDED"
    },
    {
      "path": "Handouts/Images/Portraits/Portrait of Yeska.md",
      "localStatus": "created",
      "remoteStatus": "ADDED"
    },
    {
      "path": "Handouts/Images/Portraits/Portrait of Zygfrek.md",
      "localStatus": "created",
      "remoteStatus": "ADDED"
    },
    {
      "path": "Handouts/Images/Portraits/Portrait of the Forgetful Lich.md",
      "localStatus": "created",
      "remoteStatus": "ADDED"
    },
    {
      "path": "Handouts/Images/Portraits/Portrait of the Mad Mage.md",
      "localStatus": "created",
      "remoteStatus": "ADDED"
    },
    {
      "path": "Handouts/Images/Portraits/Portraits of Granny.md",
      "localStatus": "created",
      "remoteStatus": "ADDED"
    },
    {
      "path": "Handouts/Images/Things/Black Carriage Image.md",
      "localStatus": "created",
      "remoteStatus": "ADDED"
    },
    {
      "path": "Handouts/Images/Things/Death Slaad Handout.md",
      "localStatus": "created",
      "remoteStatus": "ADDED"
    },
    {
      "path": "Handouts/Images/Things/Flameskull Handout.md",
      "localStatus": "created",
      "remoteStatus": "ADDED"
    },
    {
      "path": "Handouts/Images/Things/Heart of Sorrow Image.md",
      "localStatus": "created",
      "remoteStatus": "ADDED"
    },
    {
      "path": "Handouts/Images/Things/Hut.md",
      "localStatus": "created",
      "remoteStatus": "ADDED"
    },
    {
      "path": "Handouts/Images/Things/Icon of Ravenloft Handout.md",
      "localStatus": "created",
      "remoteStatus": "ADDED"
    },
    {
      "path": "Handouts/Images/Things/Icon of Ravenloft Image.md",
      "localStatus": "created",
      "remoteStatus": "ADDED"
    },
    {
      "path": "Handouts/Images/Things/Image of The Holy Symbol of Ravenkind.md",
      "localStatus": "created",
      "remoteStatus": "ADDED"
    },
    {
      "path": "Handouts/Images/Things/Image of Wintersplinter.md",
      "localStatus": "created",
      "remoteStatus": "ADDED"
    },
    {
      "path": "Handouts/Images/Things/Images of Sticks.md",
      "localStatus": "created",
      "remoteStatus": "ADDED"
    },
    {
      "path": "Handouts/Images/Things/Nothic Handout.md",
      "localStatus": "created",
      "remoteStatus": "ADDED"
    },
    {
      "path": "Handouts/Images/Things/Roc of Mount Ghakis Handout.md",
      "localStatus": "created",
      "remoteStatus": "ADDED"
    },
    {
      "path": "Handouts/Items/Adventurer's Battleaxe.md",
      "localStatus": "created",
      "remoteStatus": "ADDED"
    },
    {
      "path": "Handouts/Items/Blood Spear of Kavan.md",
      "localStatus": "created",
      "remoteStatus": "ADDED"
    },
    {
      "path": "Handouts/Items/Cloak of Protection.md",
      "localStatus": "created",
      "remoteStatus": "ADDED"
    },
    {
      "path": "Handouts/Items/Cultist Logbook.md",
      "localStatus": "created",
      "remoteStatus": "ADDED"
    },
    {
      "path": "Handouts/Items/Deck of Some Things.md",
      "localStatus": "created",
      "remoteStatus": "ADDED"
    },
    {
      "path": "Handouts/Items/Green Copper Ewer Handout.md",
      "localStatus": "created",
      "remoteStatus": "ADDED"
    },
    {
      "path": "Handouts/Items/Gulthias Staff Handout.md",
      "localStatus": "created",
      "remoteStatus": "ADDED"
    },
    {
      "path": "Handouts/Items/Holy Symbol of Ravenkind Handout.md",
      "localStatus": "created",
      "remoteStatus": "ADDED"
    },
    {
      "path": "Handouts/Items/Icon of Ravenloft Handout.md",
      "localStatus": "created",
      "remoteStatus": "ADDED"
    },
    {
      "path": "Handouts/Items/Orb of the Warmage.md",
      "localStatus": "created",
      "remoteStatus": "ADDED"
    },
    {
      "path": "Handouts/Items/Potion of Healing.md",
      "localStatus": "created",
      "remoteStatus": "ADDED"
    },
    {
      "path": "Handouts/Items/St Andral's Votive Candle.md",
      "localStatus": "created",
      "remoteStatus": "ADDED"
    },
    {
      "path": "Handouts/Items/Statue of St Markovia Handout.md",
      "localStatus": "created",
      "remoteStatus": "ADDED"
    },
    {
      "path": "Handouts/Items/Sunsword.md",
      "localStatus": "created",
      "remoteStatus": "ADDED"
    },
    {
      "path": "Handouts/Items/Tome of Strahd Handout.md",
      "localStatus": "created",
      "remoteStatus": "ADDED"
    },
    {
      "path": "Handouts/Items/Wand of Secrets Handout.md",
      "localStatus": "created",
      "remoteStatus": "ADDED"
    },
    {
      "path": "Handouts/Letters/Argynvost's Journal.md",
      "localStatus": "created",
      "remoteStatus": "ADDED"
    },
    {
      "path": "Handouts/Letters/Bella's Letter.md",
      "localStatus": "created",
      "remoteStatus": "ADDED"
    },
    {
      "path": "Handouts/Letters/Elisabeth Durst's Unsent Letter.md",
      "localStatus": "created",
      "remoteStatus": "ADDED"
    },
    {
      "path": "Handouts/Letters/Gustav Durst's Suicide Note.md",
      "localStatus": "created",
      "remoteStatus": "ADDED"
    },
    {
      "path": "Handouts/Letters/Ismark's Letter.md",
      "localStatus": "created",
      "remoteStatus": "ADDED"
    },
    {
      "path": "Handouts/Letters/Kolyan Indirovich's v1 Letter.md",
      "localStatus": "created",
      "remoteStatus": "ADDED"
    },
    {
      "path": "Handouts/Letters/Kolyan Indirovich's v2 Letter.md",
      "localStatus": "created",
      "remoteStatus": "ADDED"
    },
    {
      "path": "Handouts/Letters/Letter from Strahd von Zarovich to Gustav Durst.md",
      "localStatus": "created",
      "remoteStatus": "ADDED"
    },
    {
      "path": "Handouts/Letters/New Vallaki Proclamation.md",
      "localStatus": "created",
      "remoteStatus": "ADDED"
    },
    {
      "path": "Handouts/Letters/Old Vallaki Proclamation.md",
      "localStatus": "created",
      "remoteStatus": "ADDED"
    },
    {
      "path": "Handouts/Letters/Strahd's Invitation.md",
      "localStatus": "created",
      "remoteStatus": "ADDED"
    },
    {
      "path": "Handouts/Letters/Strahd's Second Invitation.md",
      "localStatus": "created",
      "remoteStatus": "ADDED"
    },
    {
      "path": "Handouts/Letters/Tome of Strahd.md",
      "localStatus": "created",
      "remoteStatus": "ADDED"
    },
    {
      "path": "Handouts/Letters/Van Richten's Journal Entry.md",
      "localStatus": "created",
      "remoteStatus": "ADDED"
    },
    {
      "path": "Handouts/Maps/Amber Temple/Amber Temple Maps.md",
      "localStatus": "created",
      "remoteStatus": "ADDED"
    },
    {
      "path": "Handouts/Maps/Barovia Church Map.md",
      "localStatus": "created",
      "remoteStatus": "ADDED"
    },
    {
      "path": "Handouts/Maps/Barovia Map.md",
      "localStatus": "created",
      "remoteStatus": "ADDED"
    },
    {
      "path": "Handouts/Maps/Berez/Berez Map.md",
      "localStatus": "created",
      "remoteStatus": "ADDED"
    },
    {
      "path": "Handouts/Maps/Berez/Creeping Hut Map.md",
      "localStatus": "created",
      "remoteStatus": "ADDED"
    },
    {
      "path": "Handouts/Maps/Krezk/Krezk Map.md",
      "localStatus": "created",
      "remoteStatus": "ADDED"
    },
    {
      "path": "Handouts/Maps/Old Svalich Road Map.md",
      "localStatus": "created",
      "remoteStatus": "ADDED"
    },
    {
      "path": "Handouts/Maps/River Ivlis Crossroads Map.md",
      "localStatus": "created",
      "remoteStatus": "ADDED"
    },
    {
      "path": "Handouts/Maps/The Windmill Map.md",
      "localStatus": "created",
      "remoteStatus": "ADDED"
    },
    {
      "path": "Handouts/Maps/Tser Falls Map.md",
      "localStatus": "created",
      "remoteStatus": "ADDED"
    },
    {
      "path": "Handouts/Maps/Tser Pool Map.md",
      "localStatus": "created",
      "remoteStatus": "ADDED"
    },
    {
      "path": "Handouts/Maps/Vallaki/Burgomaster's Mansion Map.md",
      "localStatus": "created",
      "remoteStatus": "ADDED"
    },
    {
      "path": "Handouts/Maps/Vallaki/Coffin Maker's Shop Map.md",
      "localStatus": "created",
      "remoteStatus": "ADDED"
    },
    {
      "path": "Handouts/Maps/Vallaki/Orphanage Map.md",
      "localStatus": "created",
      "remoteStatus": "ADDED"
    },
    {
      "path": "Handouts/Maps/Vallaki/Reformation Center Map.md",
      "localStatus": "created",
      "remoteStatus": "ADDED"
    },
    {
      "path": "Handouts/Maps/Vallaki/The Blue Water Inn Map.md",
      "localStatus": "created",
      "remoteStatus": "ADDED"
    },
    {
      "path": "Handouts/Maps/Vallaki/Vallaki Map.md",
      "localStatus": "created",
      "remoteStatus": "ADDED"
    },
    {
      "path": "Handouts/Maps/Vallaki/Vistani Camp Map.md",
      "localStatus": "created",
      "remoteStatus": "ADDED"
    },
    {
      "path": "Handouts/Maps/Vallaki/Wachterhaus Map.md",
      "localStatus": "created",
      "remoteStatus": "ADDED"
    },
    {
      "path": "Handouts/Maps/Village of Barovia Map.md",
      "localStatus": "created",
      "remoteStatus": "ADDED"
    },
    {
      "path": "Handouts/Maps/Wizard of Wines Map.md",
      "localStatus": "created",
      "remoteStatus": "ADDED"
    },
    {
      "path": "Handouts/Maps/Yester Hill Map.md",
      "localStatus": "created",
      "remoteStatus": "ADDED"
    },
    {
      "path": "Handouts/Misc/Among the Dead Feature.md",
      "localStatus": "created",
      "remoteStatus": "ADDED"
    },
    {
      "path": "Handouts/Misc/Argynvostholt's History.md",
      "localStatus": "created",
      "remoteStatus": "ADDED"
    },
    {
      "path": "Handouts/Misc/Champagne du le Stomp.md",
      "localStatus": "created",
      "remoteStatus": "ADDED"
    },
    {
      "path": "Handouts/Misc/Guest as Escher.md",
      "localStatus": "created",
      "remoteStatus": "ADDED"
    },
    {
      "path": "Handouts/Misc/Guest as Granny.md",
      "localStatus": "created",
      "remoteStatus": "ADDED"
    },
    {
      "path": "Handouts/Misc/Guest as the Mad Mage.md",
      "localStatus": "created",
      "remoteStatus": "ADDED"
    },
    {
      "path": "Handouts/Misc/Madam Eva's Card Reading.md",
      "localStatus": "created",
      "remoteStatus": "ADDED"
    },
    {
      "path": "Handouts/Misc/Pelanil's Conversation with Menigal.md",
      "localStatus": "created",
      "remoteStatus": "ADDED"
    },
    {
      "path": "Handouts/Misc/Pelanil's NDE.md",
      "localStatus": "created",
      "remoteStatus": "ADDED"
    },
    {
      "path": "Handouts/Misc/Purple Grapemash No. 3.md",
      "localStatus": "created",
      "remoteStatus": "ADDED"
    },
    {
      "path": "Handouts/Misc/Quests.md",
      "localStatus": "created",
      "remoteStatus": "ADDED"
    },
    {
      "path": "Handouts/Misc/Red Dragon Crush.md",
      "localStatus": "created",
      "remoteStatus": "ADDED"
    },
    {
      "path": "Handouts/Misc/Rictavio's Tale at the Blue Water Inn.md",
      "localStatus": "created",
      "remoteStatus": "ADDED"
    },
    {
      "path": "Handouts/Misc/Strahd's Dinner Conversation.md",
      "localStatus": "created",
      "remoteStatus": "ADDED"
    },
    {
      "path": "Handouts/Misc/The Beacon is Lit.md",
      "localStatus": "created",
      "remoteStatus": "ADDED"
    },
    {
      "path": "Handouts/Misc/The Martikovs and the Forest Folk.md",
      "localStatus": "created",
      "remoteStatus": "ADDED"
    },
    {
      "path": "Handouts/Stat Blocks/Lancelot Stat Block.md",
      "localStatus": "created",
      "remoteStatus": "ADDED"
    },
    {
      "path": "Handouts/Stat Blocks/Piccolo Statblock Handout.md",
      "localStatus": "created",
      "remoteStatus": "ADDED"
    },
    {
      "path": "Locations/Argynvostholt (Q).md",
      "localStatus": "created",
      "remoteStatus": "ADDED"
    },
    {
      "path": "Locations/Black Carriage (I).md",
      "localStatus": "created",
      "remoteStatus": "ADDED"
    },
    {
      "path": "Locations/Castle Ravenloft (K).md",
      "localStatus": "created",
      "remoteStatus": "ADDED"
    },
    {
      "path": "Locations/Death House.md",
      "localStatus": "created",
      "remoteStatus": "ADDED"
    },
    {
      "path": "Locations/Gates of Barovia (B).md",
      "localStatus": "created",
      "remoteStatus": "ADDED"
    },
    {
      "path": "Locations/Gates of Ravenloft (J).md",
      "localStatus": "created",
      "remoteStatus": "ADDED"
    },
    {
      "path": "Locations/Lake Zarovich (L).md",
      "localStatus": "created",
      "remoteStatus": "ADDED"
    },
    {
      "path": "Locations/Luna River Crossroads (P).md",
      "localStatus": "created",
      "remoteStatus": "ADDED"
    },
    {
      "path": "Locations/Mount Baratok (M).md",
      "localStatus": "created",
      "remoteStatus": "ADDED"
    },
    {
      "path": "Locations/Old Bonegrinder (O).md",
      "localStatus": "created",
      "remoteStatus": "ADDED"
    },
    {
      "path": "Locations/Old Svalich Road (A).md",
      "localStatus": "created",
      "remoteStatus": "ADDED"
    },
    {
      "path": "Locations/Raven River Crossroads (R).md",
      "localStatus": "created",
      "remoteStatus": "ADDED"
    },
    {
      "path": "Locations/River Ivlis (D).md",
      "localStatus": "created",
      "remoteStatus": "ADDED"
    },
    {
      "path": "Locations/River Ivlis Crossroads (F).md",
      "localStatus": "created",
      "remoteStatus": "ADDED"
    },
    {
      "path": "Locations/Ruins of Berez (U).md",
      "localStatus": "created",
      "remoteStatus": "ADDED"
    },
    {
      "path": "Locations/Svalich Woods (C).md",
      "localStatus": "created",
      "remoteStatus": "ADDED"
    },
    {
      "path": "Locations/The Amber Temple (X).md",
      "localStatus": "created",
      "remoteStatus": "ADDED"
    },
    {
      "path": "Locations/The Town of Vallaki (N).md",
      "localStatus": "created",
      "remoteStatus": "ADDED"
    },
    {
      "path": "Locations/The Wizard of Wines (W).md",
      "localStatus": "created",
      "remoteStatus": "ADDED"
    },
    {
      "path": "Locations/Tser Falls (H).md",
      "localStatus": "created",
      "remoteStatus": "ADDED"
    },
    {
      "path": "Locations/Tser Pool Encampment (G).md",
      "localStatus": "created",
      "remoteStatus": "ADDED"
    },
    {
      "path": "Locations/Tsolenka Pass (T).md",
      "localStatus": "created",
      "remoteStatus": "ADDED"
    },
    {
      "path": "Locations/Van Richten's Tower (V).md",
      "localStatus": "created",
      "remoteStatus": "ADDED"
    },
    {
      "path": "Locations/Village of Barovia (E).md",
      "localStatus": "created",
      "remoteStatus": "ADDED"
    },
    {
      "path": "Locations/Village of Krezk (S).md",
      "localStatus": "created",
      "remoteStatus": "ADDED"
    },
    {
      "path": "Locations/Werewolf Den (Z).md",
      "localStatus": "created",
      "remoteStatus": "ADDED"
    },
    {
      "path": "Locations/Yester Hill (Y).md",
      "localStatus": "created",
      "remoteStatus": "ADDED"
    },
    {
      "path": "Misc/Areas By Level.md",
      "localStatus": "created",
      "remoteStatus": "ADDED"
    },
    {
      "path": "Misc/Campaign Items/Green Copper Ewer.md",
      "localStatus": "created",
      "remoteStatus": "ADDED"
    },
    {
      "path": "Misc/Campaign Items/Gulthias Staff.md",
      "localStatus": "created",
      "remoteStatus": "ADDED"
    },
    {
      "path": "Misc/Campaign Items/Icon of Ravenloft.md",
      "localStatus": "created",
      "remoteStatus": "ADDED"
    },
    {
      "path": "Misc/Campaign Items/Magic Gem.md",
      "localStatus": "created",
      "remoteStatus": "ADDED"
    },
    {
      "path": "Misc/Campaign Items/Statue of Saint Markovia.md",
      "localStatus": "created",
      "remoteStatus": "ADDED"
    },
    {
      "path": "Misc/Campaign Items/Sunsword.md",
      "localStatus": "created",
      "remoteStatus": "ADDED"
    },
    {
      "path": "Misc/Campaign Items/The Holy Symbol of Ravenkind.md",
      "localStatus": "created",
      "remoteStatus": "ADDED"
    },
    {
      "path": "Misc/Campaign Items/The Tome of Strahd.md",
      "localStatus": "created",
      "remoteStatus": "ADDED"
    },
    {
      "path": "Misc/Card Reading.md",
      "localStatus": "created",
      "remoteStatus": "ADDED"
    },
    {
      "path": "Misc/Character Sheets/5E_CharacterSheet_Fillable_2_2.pdf",
      "localStatus": "created",
      "remoteStatus": "ADDED"
    },
    {
      "path": "Misc/Character Sheets/DK_Pelinal.pdf",
      "localStatus": "created",
      "remoteStatus": "ADDED"
    },
    {
      "path": "Misc/Character Sheets/PelinalCharSheet.pdf",
      "localStatus": "created",
      "remoteStatus": "ADDED"
    },
    {
      "path": "Misc/Congratulations, You're Dead.md",
      "localStatus": "created",
      "remoteStatus": "ADDED"
    },
    {
      "path": "Misc/Demiplane of Dread.md",
      "localStatus": "created",
      "remoteStatus": "ADDED"
    },
    {
      "path": "Misc/Dinner with Strahd.md",
      "localStatus": "created",
      "remoteStatus": "ADDED"
    },
    {
      "path": "Misc/Eventual Callbacks.md",
      "localStatus": "created",
      "remoteStatus": "ADDED"
    },
    {
      "path": "Misc/If Players Die.md",
      "localStatus": "created",
      "remoteStatus": "ADDED"
    },
    {
      "path": "Misc/Lycanthropy.md",
      "localStatus": "created",
      "remoteStatus": "ADDED"
    },
    {
      "path": "Misc/Map of Barovia.md",
      "localStatus": "created",
      "remoteStatus": "ADDED"
    },
    {
      "path": "Misc/Mechanics of Dream Pastries.md",
      "localStatus": "created",
      "remoteStatus": "ADDED"
    },
    {
      "path": "Misc/Mists of Ravenloft.md",
      "localStatus": "created",
      "remoteStatus": "ADDED"
    },
    {
      "path": "Misc/Music Compiled (Web).md",
      "localStatus": "created",
      "remoteStatus": "ADDED"
    },
    {
      "path": "Misc/Music Compiled.md",
      "localStatus": "created",
      "remoteStatus": "ADDED"
    },
    {
      "path": "Misc/PC Boons and Banes.md",
      "localStatus": "created",
      "remoteStatus": "ADDED"
    },
    {
      "path": "Misc/Peoples and Lore/Barovian Lore.md",
      "localStatus": "created",
      "remoteStatus": "ADDED"
    },
    {
      "path": "Misc/Peoples and Lore/Barovian Names.md",
      "localStatus": "created",
      "remoteStatus": "ADDED"
    },
    {
      "path": "Misc/Peoples and Lore/Dark Powers.md",
      "localStatus": "created",
      "remoteStatus": "ADDED"
    },
    {
      "path": "Misc/Peoples and Lore/Forest Folk.md",
      "localStatus": "created",
      "remoteStatus": "ADDED"
    },
    {
      "path": "Misc/Peoples and Lore/Jesus.md",
      "localStatus": "created",
      "remoteStatus": "ADDED"
    },
    {
      "path": "Misc/Peoples and Lore/Krezk Lore.md",
      "localStatus": "created",
      "remoteStatus": "ADDED"
    },
    {
      "path": "Misc/Peoples and Lore/Mother Night.md",
      "localStatus": "created",
      "remoteStatus": "ADDED"
    },
    {
      "path": "Misc/Peoples and Lore/Rictavio's Tale.md",
      "localStatus": "created",
      "remoteStatus": "ADDED"
    },
    {
      "path": "Misc/Peoples and Lore/St Andral.md",
      "localStatus": "created",
      "remoteStatus": "ADDED"
    },
    {
      "path": "Misc/Peoples and Lore/The Keepers of the Feather.md",
      "localStatus": "created",
      "remoteStatus": "ADDED"
    },
    {
      "path": "Misc/Peoples and Lore/The Morninglord.md",
      "localStatus": "created",
      "remoteStatus": "ADDED"
    },
    {
      "path": "Misc/Peoples and Lore/The Order of the Silver Dragon.md",
      "localStatus": "created",
      "remoteStatus": "ADDED"
    },
    {
      "path": "Misc/Peoples and Lore/Vallaki Lore.md",
      "localStatus": "created",
      "remoteStatus": "ADDED"
    },
    {
      "path": "Misc/Peoples and Lore/Vistani.md",
      "localStatus": "created",
      "remoteStatus": "ADDED"
    },
    {
      "path": "Misc/RAW/Adventuring Gear.md",
      "localStatus": "created",
      "remoteStatus": "ADDED"
    },
    {
      "path": "Misc/RAW/Cackle Fever.md",
      "localStatus": "created",
      "remoteStatus": "ADDED"
    },
    {
      "path": "Misc/RAW/Extreme Cold.md",
      "localStatus": "created",
      "remoteStatus": "ADDED"
    },
    {
      "path": "Misc/RAW/Hag Eye.md",
      "localStatus": "created",
      "remoteStatus": "ADDED"
    },
    {
      "path": "Misc/RAW/Pale Tincture (Ingested).md",
      "localStatus": "created",
      "remoteStatus": "ADDED"
    },
    {
      "path": "Misc/Random Book Table.md",
      "localStatus": "created",
      "remoteStatus": "ADDED"
    },
    {
      "path": "Misc/Random Encounters.md",
      "localStatus": "created",
      "remoteStatus": "ADDED"
    },
    {
      "path": "Misc/Shopping in Barovia.md",
      "localStatus": "created",
      "remoteStatus": "ADDED"
    },
    {
      "path": "Misc/Strahd's Answers to Questions.md",
      "localStatus": "created",
      "remoteStatus": "ADDED"
    },
    {
      "path": "Notes/Battles/1715738690623 - Encounter.md",
      "localStatus": "created",
      "remoteStatus": "ADDED"
    },
    {
      "path": "Notes/Battles/1731896756003 - Combat.md",
      "localStatus": "created",
      "remoteStatus": "ADDED"
    },
    {
      "path": "Notes/Battles/1735342580606 - Combat.md",
      "localStatus": "created",
      "remoteStatus": "ADDED"
    },
    {
      "path": "Notes/Battles/1747764131912 - Roc of Mount Ghakis.md",
      "localStatus": "created",
      "remoteStatus": "ADDED"
    },
    {
      "path": "Notes/Battles/1747765871936 - Roc of Mount Ghakis.md",
      "localStatus": "created",
      "remoteStatus": "ADDED"
    },
    {
      "path": "Notes/Battles/1748304040002 - Roc of Mount Ghakis.md",
      "localStatus": "created",
      "remoteStatus": "ADDED"
    },
    {
      "path": "Notes/Battles/1754259611944 - Combat.md",
      "localStatus": "created",
      "remoteStatus": "ADDED"
    },
    {
      "path": "Notes/Battles/1754760977041 - Combat.md",
      "localStatus": "created",
      "remoteStatus": "ADDED"
    },
    {
      "path": "Notes/Battles/1754761072506 - Combat.md",
      "localStatus": "created",
      "remoteStatus": "ADDED"
    },
    {
      "path": "Notes/Battles/1754859996621 - Strahd.md",
      "localStatus": "created",
      "remoteStatus": "ADDED"
    },
    {
      "path": "Notes/Campaign Notes.md",
      "localStatus": "created",
      "remoteStatus": "ADDED"
    },
    {
      "path": "Notes/Combined Campaign Notes.md",
      "localStatus": "created",
      "remoteStatus": "ADDED"
    },
    {
      "path": "Notes/Full Notes.md",
      "localStatus": "created",
      "remoteStatus": "ADDED"
    },
    {
      "path": "Notes/Healer Feat.md",
      "localStatus": "created",
      "remoteStatus": "ADDED"
    },
    {
      "path": "Notes/Index.md",
      "localStatus": "created",
      "remoteStatus": "ADDED"
    },
    {
      "path": "Notes/New Handouts.md",
      "localStatus": "created",
      "remoteStatus": "ADDED"
    },
    {
      "path": "Notes/README.md",
      "localStatus": "created",
      "remoteStatus": "ADDED"
    },
    {
      "path": "Notes/Roc of Mount Ghakis.md",
      "localStatus": "created",
      "remoteStatus": "ADDED"
    },
    {
      "path": "Notes/Session Notes/Session 1.md",
      "localStatus": "created",
      "remoteStatus": "ADDED"
    },
    {
      "path": "Notes/Session Notes/Session 10.md",
      "localStatus": "created",
      "remoteStatus": "ADDED"
    },
    {
      "path": "Notes/Session Notes/Session 11.md",
      "localStatus": "created",
      "remoteStatus": "ADDED"
    },
    {
      "path": "Notes/Session Notes/Session 12.md",
      "localStatus": "created",
      "remoteStatus": "ADDED"
    },
    {
      "path": "Notes/Session Notes/Session 13.md",
      "localStatus": "created",
      "remoteStatus": "ADDED"
    },
    {
      "path": "Notes/Session Notes/Session 14.md",
      "localStatus": "created",
      "remoteStatus": "ADDED"
    },
    {
      "path": "Notes/Session Notes/Session 15.md",
      "localStatus": "created",
      "remoteStatus": "ADDED"
    },
    {
      "path": "Notes/Session Notes/Session 16.md",
      "localStatus": "created",
      "remoteStatus": "ADDED"
    },
    {
      "path": "Notes/Session Notes/Session 17.md",
      "localStatus": "created",
      "remoteStatus": "ADDED"
    },
    {
      "path": "Notes/Session Notes/Session 18.md",
      "localStatus": "created",
      "remoteStatus": "ADDED"
    },
    {
      "path": "Notes/Session Notes/Session 19.md",
      "localStatus": "created",
      "remoteStatus": "ADDED"
    },
    {
      "path": "Notes/Session Notes/Session 2.md",
      "localStatus": "created",
      "remoteStatus": "ADDED"
    },
    {
      "path": "Notes/Session Notes/Session 20.md",
      "localStatus": "created",
      "remoteStatus": "ADDED"
    },
    {
      "path": "Notes/Session Notes/Session 21.md",
      "localStatus": "created",
      "remoteStatus": "ADDED"
    },
    {
      "path": "Notes/Session Notes/Session 22.md",
      "localStatus": "created",
      "remoteStatus": "ADDED"
    },
    {
      "path": "Notes/Session Notes/Session 23.md",
      "localStatus": "created",
      "remoteStatus": "ADDED"
    },
    {
      "path": "Notes/Session Notes/Session 24.md",
      "localStatus": "created",
      "remoteStatus": "ADDED"
    },
    {
      "path": "Notes/Session Notes/Session 25.md",
      "localStatus": "created",
      "remoteStatus": "ADDED"
    },
    {
      "path": "Notes/Session Notes/Session 26.md",
      "localStatus": "created",
      "remoteStatus": "ADDED"
    },
    {
      "path": "Notes/Session Notes/Session 27.md",
      "localStatus": "created",
      "remoteStatus": "ADDED"
    },
    {
      "path": "Notes/Session Notes/Session 28.md",
      "localStatus": "created",
      "remoteStatus": "ADDED"
    },
    {
      "path": "Notes/Session Notes/Session 29.md",
      "localStatus": "created",
      "remoteStatus": "ADDED"
    },
    {
      "path": "Notes/Session Notes/Session 3.md",
      "localStatus": "created",
      "remoteStatus": "ADDED"
    },
    {
      "path": "Notes/Session Notes/Session 30.md",
      "localStatus": "created",
      "remoteStatus": "ADDED"
    },
    {
      "path": "Notes/Session Notes/Session 31.md",
      "localStatus": "created",
      "remoteStatus": "ADDED"
    },
    {
      "path": "Notes/Session Notes/Session 32.md",
      "localStatus": "created",
      "remoteStatus": "ADDED"
    },
    {
      "path": "Notes/Session Notes/Session 33.md",
      "localStatus": "created",
      "remoteStatus": "ADDED"
    },
    {
      "path": "Notes/Session Notes/Session 34.md",
      "localStatus": "created",
      "remoteStatus": "ADDED"
    },
    {
      "path": "Notes/Session Notes/Session 35.md",
      "localStatus": "created",
      "remoteStatus": "ADDED"
    },
    {
      "path": "Notes/Session Notes/Session 36.md",
      "localStatus": "created",
      "remoteStatus": "ADDED"
    },
    {
      "path": "Notes/Session Notes/Session 37.md",
      "localStatus": "created",
      "remoteStatus": "ADDED"
    },
    {
      "path": "Notes/Session Notes/Session 38.md",
      "localStatus": "created",
      "remoteStatus": "ADDED"
    },
    {
      "path": "Notes/Session Notes/Session 39.md",
      "localStatus": "created",
      "remoteStatus": "ADDED"
    },
    {
      "path": "Notes/Session Notes/Session 4.md",
      "localStatus": "created",
      "remoteStatus": "ADDED"
    },
    {
      "path": "Notes/Session Notes/Session 40.md",
      "localStatus": "created",
      "remoteStatus": "ADDED"
    },
    {
      "path": "Notes/Session Notes/Session 5.md",
      "localStatus": "created",
      "remoteStatus": "ADDED"
    },
    {
      "path": "Notes/Session Notes/Session 6.md",
      "localStatus": "created",
      "remoteStatus": "ADDED"
    },
    {
      "path": "Notes/Session Notes/Session 7.md",
      "localStatus": "created",
      "remoteStatus": "ADDED"
    },
    {
      "path": "Notes/Session Notes/Session 8-9.md",
      "localStatus": "created",
      "remoteStatus": "ADDED"
    },
    {
      "path": "Notes/Session Prep/Session 0.md",
      "localStatus": "created",
      "remoteStatus": "ADDED"
    },
    {
      "path": "Notes/Session Prep/Session 1.md",
      "localStatus": "created",
      "remoteStatus": "ADDED"
    },
    {
      "path": "Notes/Session Prep/Session 10.md",
      "localStatus": "created",
      "remoteStatus": "ADDED"
    },
    {
      "path": "Notes/Session Prep/Session 11.md",
      "localStatus": "created",
      "remoteStatus": "ADDED"
    },
    {
      "path": "Notes/Session Prep/Session 12.md",
      "localStatus": "created",
      "remoteStatus": "ADDED"
    },
    {
      "path": "Notes/Session Prep/Session 13.md",
      "localStatus": "created",
      "remoteStatus": "ADDED"
    },
    {
      "path": "Notes/Session Prep/Session 14.md",
      "localStatus": "created",
      "remoteStatus": "ADDED"
    },
    {
      "path": "Notes/Session Prep/Session 15.md",
      "localStatus": "created",
      "remoteStatus": "ADDED"
    },
    {
      "path": "Notes/Session Prep/Session 16.md",
      "localStatus": "created",
      "remoteStatus": "ADDED"
    },
    {
      "path": "Notes/Session Prep/Session 17.md",
      "localStatus": "created",
      "remoteStatus": "ADDED"
    },
    {
      "path": "Notes/Session Prep/Session 18.md",
      "localStatus": "created",
      "remoteStatus": "ADDED"
    },
    {
      "path": "Notes/Session Prep/Session 2.md",
      "localStatus": "created",
      "remoteStatus": "ADDED"
    },
    {
      "path": "Notes/Session Prep/Session 20.md",
      "localStatus": "created",
      "remoteStatus": "ADDED"
    },
    {
      "path": "Notes/Session Prep/Session 21.md",
      "localStatus": "created",
      "remoteStatus": "ADDED"
    },
    {
      "path": "Notes/Session Prep/Session 22.md",
      "localStatus": "created",
      "remoteStatus": "ADDED"
    },
    {
      "path": "Notes/Session Prep/Session 23.md",
      "localStatus": "created",
      "remoteStatus": "ADDED"
    },
    {
      "path": "Notes/Session Prep/Session 25.md",
      "localStatus": "created",
      "remoteStatus": "ADDED"
    },
    {
      "path": "Notes/Session Prep/Session 26.md",
      "localStatus": "created",
      "remoteStatus": "ADDED"
    },
    {
      "path": "Notes/Session Prep/Session 27.md",
      "localStatus": "created",
      "remoteStatus": "ADDED"
    },
    {
      "path": "Notes/Session Prep/Session 28.md",
      "localStatus": "created",
      "remoteStatus": "ADDED"
    },
    {
      "path": "Notes/Session Prep/Session 29.md",
      "localStatus": "created",
      "remoteStatus": "ADDED"
    },
    {
      "path": "Notes/Session Prep/Session 3.md",
      "localStatus": "created",
      "remoteStatus": "ADDED"
    },
    {
      "path": "Notes/Session Prep/Session 30.md",
      "localStatus": "created",
      "remoteStatus": "ADDED"
    },
    {
      "path": "Notes/Session Prep/Session 31.md",
      "localStatus": "created",
      "remoteStatus": "ADDED"
    },
    {
      "path": "Notes/Session Prep/Session 32.md",
      "localStatus": "created",
      "remoteStatus": "ADDED"
    },
    {
      "path": "Notes/Session Prep/Session 33.md",
      "localStatus": "created",
      "remoteStatus": "ADDED"
    },
    {
      "path": "Notes/Session Prep/Session 34.md",
      "localStatus": "created",
      "remoteStatus": "ADDED"
    },
    {
      "path": "Notes/Session Prep/Session 35.md",
      "localStatus": "created",
      "remoteStatus": "ADDED"
    },
    {
      "path": "Notes/Session Prep/Session 36.md",
      "localStatus": "created",
      "remoteStatus": "ADDED"
    },
    {
      "path": "Notes/Session Prep/Session 37.md",
      "localStatus": "created",
      "remoteStatus": "ADDED"
    },
    {
      "path": "Notes/Session Prep/Session 38.md",
      "localStatus": "created",
      "remoteStatus": "ADDED"
    },
    {
      "path": "Notes/Session Prep/Session 39.md",
      "localStatus": "created",
      "remoteStatus": "ADDED"
    },
    {
      "path": "Notes/Session Prep/Session 4.md",
      "localStatus": "created",
      "remoteStatus": "ADDED"
    },
    {
      "path": "Notes/Session Prep/Session 40.md",
      "localStatus": "created",
      "remoteStatus": "ADDED"
    },
    {
      "path": "Notes/Session Prep/Session 41.md",
      "localStatus": "created",
      "remoteStatus": "ADDED"
    },
    {
      "path": "Notes/Session Prep/Session 7.md",
      "localStatus": "created",
      "remoteStatus": "ADDED"
    },
    {
      "path": "Notes/TODO.md",
      "localStatus": "created",
      "remoteStatus": "ADDED"
    },
    {
      "path": "Notes/Unlisted Handouts.md",
      "localStatus": "created",
      "remoteStatus": "ADDED"
    },
    {
      "path": "Notes/Website/AWSCLIV2.pkg",
      "localStatus": "created",
      "remoteStatus": "ADDED"
    },
    {
      "path": "Notes/Website/favicon.ico",
      "localStatus": "created",
      "remoteStatus": "ADDED"
    },
    {
      "path": "Notes/Website/scripts/clean-notes.py",
      "localStatus": "created",
      "remoteStatus": "ADDED"
    },
    {
      "path": "Notes/Website/scripts/clean-notes.sh",
      "localStatus": "created",
      "remoteStatus": "ADDED"
    },
    {
      "path": "Notes/Website/scripts/fix-broken-urls.py",
      "localStatus": "created",
      "remoteStatus": "ADDED"
    },
    {
      "path": "Notes/Website/scripts/publish.sh",
      "localStatus": "created",
      "remoteStatus": "ADDED"
    },
    {
      "path": "Notes/Website/scripts/re-root-urls.py",
      "localStatus": "created",
      "remoteStatus": "ADDED"
    },
    {
      "path": "Notes/Website/styles.css",
      "localStatus": "created",
      "remoteStatus": "ADDED"
    },
    {
      "path": "Notes/Website/webpage-html-export-stuff/custom-head-content.html",
      "localStatus": "created",
      "remoteStatus": "ADDED"
    },
    {
      "path": "Roadmap.canvas",
      "localStatus": "created",
      "remoteStatus": "ADDED"
    },
    {
      "path": "reference/Abilities.md",
      "localStatus": "created",
      "remoteStatus": "ADDED"
    },
    {
      "path": "reference/Ability Checks.md",
      "localStatus": "created",
      "remoteStatus": "ADDED"
    },
    {
      "path": "reference/Actions in Combat.md",
      "localStatus": "created",
      "remoteStatus": "ADDED"
    },
    {
      "path": "reference/Advantage and Disadvantage.md",
      "localStatus": "created",
      "remoteStatus": "ADDED"
    },
    {
      "path": "reference/Adventuring Gear.md",
      "localStatus": "created",
      "remoteStatus": "ADDED"
    },
    {
      "path": "reference/Alignment.md",
      "localStatus": "created",
      "remoteStatus": "ADDED"
    },
    {
      "path": "reference/Among the Dead.md",
      "localStatus": "created",
      "remoteStatus": "ADDED"
    },
    {
      "path": "reference/Armor.md",
      "localStatus": "created",
      "remoteStatus": "ADDED"
    },
    {
      "path": "reference/Artifacts.md",
      "localStatus": "created",
      "remoteStatus": "ADDED"
    },
    {
      "path": "reference/Backgrounds.md",
      "localStatus": "created",
      "remoteStatus": "ADDED"
    },
    {
      "path": "reference/Barbarian.md",
      "localStatus": "created",
      "remoteStatus": "ADDED"
    },
    {
      "path": "reference/Bard.md",
      "localStatus": "created",
      "remoteStatus": "ADDED"
    },
    {
      "path": "reference/Between Adventures.md",
      "localStatus": "created",
      "remoteStatus": "ADDED"
    },
    {
      "path": "reference/Cantrips.md",
      "localStatus": "created",
      "remoteStatus": "ADDED"
    },
    {
      "path": "reference/Casting a Spell.md",
      "localStatus": "created",
      "remoteStatus": "ADDED"
    },
    {
      "path": "reference/Class Features.md",
      "localStatus": "created",
      "remoteStatus": "ADDED"
    },
    {
      "path": "reference/Cleric.md",
      "localStatus": "created",
      "remoteStatus": "ADDED"
    },
    {
      "path": "reference/Combat.md",
      "localStatus": "created",
      "remoteStatus": "ADDED"
    },
    {
      "path": "reference/Combining Magical Effects.md",
      "localStatus": "created",
      "remoteStatus": "ADDED"
    },
    {
      "path": "reference/Conditions.md",
      "localStatus": "created",
      "remoteStatus": "ADDED"
    },
    {
      "path": "reference/Creatures.md",
      "localStatus": "created",
      "remoteStatus": "ADDED"
    },
    {
      "path": "reference/Customizing NPCs.md",
      "localStatus": "created",
      "remoteStatus": "ADDED"
    },
    {
      "path": "reference/Dragonborn.md",
      "localStatus": "created",
      "remoteStatus": "ADDED"
    },
    {
      "path": "reference/Druid.md",
      "localStatus": "created",
      "remoteStatus": "ADDED"
    },
    {
      "path": "reference/Dwarf.md",
      "localStatus": "created",
      "remoteStatus": "ADDED"
    },
    {
      "path": "reference/Elf.md",
      "localStatus": "created",
      "remoteStatus": "ADDED"
    },
    {
      "path": "reference/Equipment.md",
      "localStatus": "created",
      "remoteStatus": "ADDED"
    },
    {
      "path": "reference/Exhaustion.md",
      "localStatus": "created",
      "remoteStatus": "ADDED"
    },
    {
      "path": "reference/Expenses.md",
      "localStatus": "created",
      "remoteStatus": "ADDED"
    },
    {
      "path": "reference/Feats.md",
      "localStatus": "created",
      "remoteStatus": "ADDED"
    },
    {
      "path": "reference/Fighter.md",
      "localStatus": "created",
      "remoteStatus": "ADDED"
    },
    {
      "path": "reference/Gnome.md",
      "localStatus": "created",
      "remoteStatus": "ADDED"
    },
    {
      "path": "reference/Half-Elf.md",
      "localStatus": "created",
      "remoteStatus": "ADDED"
    },
    {
      "path": "reference/Half-Orc.md",
      "localStatus": "created",
      "remoteStatus": "ADDED"
    },
    {
      "path": "reference/Halfling.md",
      "localStatus": "created",
      "remoteStatus": "ADDED"
    },
    {
      "path": "reference/Human.md",
      "localStatus": "created",
      "remoteStatus": "ADDED"
    },
    {
      "path": "reference/Inspiration.md",
      "localStatus": "created",
      "remoteStatus": "ADDED"
    },
    {
      "path": "reference/Languages.md",
      "localStatus": "created",
      "remoteStatus": "ADDED"
    },
    {
      "path": "reference/Legendary Creatures.md",
      "localStatus": "created",
      "remoteStatus": "ADDED"
    },
    {
      "path": "reference/Magic Items.md",
      "localStatus": "created",
      "remoteStatus": "ADDED"
    },
    {
      "path": "reference/Making an Attack.md",
      "localStatus": "created",
      "remoteStatus": "ADDED"
    },
    {
      "path": "reference/Monk.md",
      "localStatus": "created",
      "remoteStatus": "ADDED"
    },
    {
      "path": "reference/Monster Statistics.md",
      "localStatus": "created",
      "remoteStatus": "ADDED"
    },
    {
      "path": "reference/Monsters.md",
      "localStatus": "created",
      "remoteStatus": "ADDED"
    },
    {
      "path": "reference/Mounted Combat.md",
      "localStatus": "created",
      "remoteStatus": "ADDED"
    },
    {
      "path": "reference/Mounts and Vehicles.md",
      "localStatus": "created",
      "remoteStatus": "ADDED"
    },
    {
      "path": "reference/Movement and Position.md",
      "localStatus": "created",
      "remoteStatus": "ADDED"
    },
    {
      "path": "reference/Movement.md",
      "localStatus": "created",
      "remoteStatus": "ADDED"
    },
    {
      "path": "reference/Multiclassing.md",
      "localStatus": "created",
      "remoteStatus": "ADDED"
    },
    {
      "path": "reference/NPCs.md",
      "localStatus": "created",
      "remoteStatus": "ADDED"
    },
    {
      "path": "reference/Paladin.md",
      "localStatus": "created",
      "remoteStatus": "ADDED"
    },
    {
      "path": "reference/Pantheons.md",
      "localStatus": "created",
      "remoteStatus": "ADDED"
    },
    {
      "path": "reference/Planes.md",
      "localStatus": "created",
      "remoteStatus": "ADDED"
    },
    {
      "path": "reference/Poison needle trap.md",
      "localStatus": "created",
      "remoteStatus": "ADDED"
    },
    {
      "path": "reference/Proficiency Bonus.md",
      "localStatus": "created",
      "remoteStatus": "ADDED"
    },
    {
      "path": "reference/Races.md",
      "localStatus": "created",
      "remoteStatus": "ADDED"
    },
    {
      "path": "reference/Ranger.md",
      "localStatus": "created",
      "remoteStatus": "ADDED"
    },
    {
      "path": "reference/Reactions.md",
      "localStatus": "created",
      "remoteStatus": "ADDED"
    },
    {
      "path": "reference/Resting.md",
      "localStatus": "created",
      "remoteStatus": "ADDED"
    },
    {
      "path": "reference/Rituals.md",
      "localStatus": "created",
      "remoteStatus": "ADDED"
    },
    {
      "path": "reference/Rogue.md",
      "localStatus": "created",
      "remoteStatus": "ADDED"
    },
    {
      "path": "reference/Saving Throws.md",
      "localStatus": "created",
      "remoteStatus": "ADDED"
    },
    {
      "path": "reference/Sentient Magic.md",
      "localStatus": "created",
      "remoteStatus": "ADDED"
    },
    {
      "path": "reference/Situational Rules.md",
      "localStatus": "created",
      "remoteStatus": "ADDED"
    },
    {
      "path": "reference/Sorcerer.md",
      "localStatus": "created",
      "remoteStatus": "ADDED"
    },
    {
      "path": "reference/Spell Attack Rolls.md",
      "localStatus": "created",
      "remoteStatus": "ADDED"
    },
    {
      "path": "reference/Spell Saving Throws.md",
      "localStatus": "created",
      "remoteStatus": "ADDED"
    },
    {
      "path": "reference/Spellcasting.md",
      "localStatus": "created",
      "remoteStatus": "ADDED"
    },
    {
      "path": "reference/Spells.md",
      "localStatus": "created",
      "remoteStatus": "ADDED"
    },
    {
      "path": "reference/The Environment.md",
      "localStatus": "created",
      "remoteStatus": "ADDED"
    },
    {
      "path": "reference/Tiefling.md",
      "localStatus": "created",
      "remoteStatus": "ADDED"
    },
    {
      "path": "reference/Time.md",
      "localStatus": "created",
      "remoteStatus": "ADDED"
    },
    {
      "path": "reference/Tools.md",
      "localStatus": "created",
      "remoteStatus": "ADDED"
    },
    {
      "path": "reference/Trade Goods.md",
      "localStatus": "created",
      "remoteStatus": "ADDED"
    },
    {
      "path": "reference/Treasure.md",
      "localStatus": "created",
      "remoteStatus": "ADDED"
    },
    {
      "path": "reference/Underwater Combat.md",
      "localStatus": "created",
      "remoteStatus": "ADDED"
    },
    {
      "path": "reference/Vision and Light.md",
      "localStatus": "created",
      "remoteStatus": "ADDED"
    },
    {
      "path": "reference/Warlock.md",
      "localStatus": "created",
      "remoteStatus": "ADDED"
    },
    {
      "path": "reference/Weapons.md",
      "localStatus": "created",
      "remoteStatus": "ADDED"
    },
    {
      "path": "reference/Wizard.md",
      "localStatus": "created",
      "remoteStatus": "ADDED"
    },
    {
      "path": "reference/creatures/Ape.md",
      "localStatus": "created",
      "remoteStatus": "ADDED"
    },
    {
      "path": "reference/creatures/Awakened Shrub.md",
      "localStatus": "created",
      "remoteStatus": "ADDED"
    },
    {
      "path": "reference/creatures/Awakened Tree.md",
      "localStatus": "created",
      "remoteStatus": "ADDED"
    },
    {
      "path": "reference/creatures/Axe Beak.md",
      "localStatus": "created",
      "remoteStatus": "ADDED"
    },
    {
      "path": "reference/creatures/Baboon.md",
      "localStatus": "created",
      "remoteStatus": "ADDED"
    },
    {
      "path": "reference/creatures/Badger.md",
      "localStatus": "created",
      "remoteStatus": "ADDED"
    },
    {
      "path": "reference/creatures/Bat.md",
      "localStatus": "created",
      "remoteStatus": "ADDED"
    },
    {
      "path": "reference/creatures/Black Bear.md",
      "localStatus": "created",
      "remoteStatus": "ADDED"
    },
    {
      "path": "reference/creatures/Blink Dog.md",
      "localStatus": "created",
      "remoteStatus": "ADDED"
    },
    {
      "path": "reference/creatures/Blood Hawk.md",
      "localStatus": "created",
      "remoteStatus": "ADDED"
    },
    {
      "path": "reference/creatures/Boar.md",
      "localStatus": "created",
      "remoteStatus": "ADDED"
    },
    {
      "path": "reference/creatures/Brown Bear.md",
      "localStatus": "created",
      "remoteStatus": "ADDED"
    },
    {
      "path": "reference/creatures/Camel.md",
      "localStatus": "created",
      "remoteStatus": "ADDED"
    },
    {
      "path": "reference/creatures/Cat.md",
      "localStatus": "created",
      "remoteStatus": "ADDED"
    },
    {
      "path": "reference/creatures/Constrictor Snake.md",
      "localStatus": "created",
      "remoteStatus": "ADDED"
    },
    {
      "path": "reference/creatures/Crab.md",
      "localStatus": "created",
      "remoteStatus": "ADDED"
    },
    {
      "path": "reference/creatures/Crocodile.md",
      "localStatus": "created",
      "remoteStatus": "ADDED"
    },
    {
      "path": "reference/creatures/Death Dog.md",
      "localStatus": "created",
      "remoteStatus": "ADDED"
    },
    {
      "path": "reference/creatures/Deer.md",
      "localStatus": "created",
      "remoteStatus": "ADDED"
    },
    {
      "path": "reference/creatures/Dire Wolf.md",
      "localStatus": "created",
      "remoteStatus": "ADDED"
    },
    {
      "path": "reference/creatures/Draft Horse.md",
      "localStatus": "created",
      "remoteStatus": "ADDED"
    },
    {
      "path": "reference/creatures/Eagle.md",
      "localStatus": "created",
      "remoteStatus": "ADDED"
    },
    {
      "path": "reference/creatures/Elephant.md",
      "localStatus": "created",
      "remoteStatus": "ADDED"
    },
    {
      "path": "reference/creatures/Elk.md",
      "localStatus": "created",
      "remoteStatus": "ADDED"
    },
    {
      "path": "reference/creatures/Flying Snake.md",
      "localStatus": "created",
      "remoteStatus": "ADDED"
    },
    {
      "path": "reference/creatures/Frog.md",
      "localStatus": "created",
      "remoteStatus": "ADDED"
    },
    {
      "path": "reference/creatures/Giant Ape.md",
      "localStatus": "created",
      "remoteStatus": "ADDED"
    },
    {
      "path": "reference/creatures/Giant Badger.md",
      "localStatus": "created",
      "remoteStatus": "ADDED"
    },
    {
      "path": "reference/creatures/Giant Bat.md",
      "localStatus": "created",
      "remoteStatus": "ADDED"
    },
    {
      "path": "reference/creatures/Giant Boar.md",
      "localStatus": "created",
      "remoteStatus": "ADDED"
    },
    {
      "path": "reference/creatures/Giant Centipede.md",
      "localStatus": "created",
      "remoteStatus": "ADDED"
    },
    {
      "path": "reference/creatures/Giant Constrictor Snake.md",
      "localStatus": "created",
      "remoteStatus": "ADDED"
    },
    {
      "path": "reference/creatures/Giant Crab.md",
      "localStatus": "created",
      "remoteStatus": "ADDED"
    },
    {
      "path": "reference/creatures/Giant Crocodile.md",
      "localStatus": "created",
      "remoteStatus": "ADDED"
    },
    {
      "path": "reference/creatures/Giant Eagle.md",
      "localStatus": "created",
      "remoteStatus": "ADDED"
    },
    {
      "path": "reference/creatures/Giant Elk.md",
      "localStatus": "created",
      "remoteStatus": "ADDED"
    },
    {
      "path": "reference/creatures/Giant Fire Beetle.md",
      "localStatus": "created",
      "remoteStatus": "ADDED"
    },
    {
      "path": "reference/creatures/Giant Frog.md",
      "localStatus": "created",
      "remoteStatus": "ADDED"
    },
    {
      "path": "reference/creatures/Giant Goat.md",
      "localStatus": "created",
      "remoteStatus": "ADDED"
    },
    {
      "path": "reference/creatures/Giant Hyena.md",
      "localStatus": "created",
      "remoteStatus": "ADDED"
    },
    {
      "path": "reference/creatures/Giant Lizard.md",
      "localStatus": "created",
      "remoteStatus": "ADDED"
    },
    {
      "path": "reference/creatures/Giant Octopus.md",
      "localStatus": "created",
      "remoteStatus": "ADDED"
    },
    {
      "path": "reference/creatures/Giant Owl.md",
      "localStatus": "created",
      "remoteStatus": "ADDED"
    },
    {
      "path": "reference/creatures/Giant Poisonous Snake.md",
      "localStatus": "created",
      "remoteStatus": "ADDED"
    },
    {
      "path": "reference/creatures/Giant Rat.md",
      "localStatus": "created",
      "remoteStatus": "ADDED"
    },
    {
      "path": "reference/creatures/Giant Scorpion.md",
      "localStatus": "created",
      "remoteStatus": "ADDED"
    },
    {
      "path": "reference/creatures/Giant Sea Horse.md",
      "localStatus": "created",
      "remoteStatus": "ADDED"
    },
    {
      "path": "reference/creatures/Giant Shark.md",
      "localStatus": "created",
      "remoteStatus": "ADDED"
    },
    {
      "path": "reference/creatures/Giant Spider.md",
      "localStatus": "created",
      "remoteStatus": "ADDED"
    },
    {
      "path": "reference/creatures/Giant Toad.md",
      "localStatus": "created",
      "remoteStatus": "ADDED"
    },
    {
      "path": "reference/creatures/Giant Vulture.md",
      "localStatus": "created",
      "remoteStatus": "ADDED"
    },
    {
      "path": "reference/creatures/Giant Wasp.md",
      "localStatus": "created",
      "remoteStatus": "ADDED"
    },
    {
      "path": "reference/creatures/Giant Weasel.md",
      "localStatus": "created",
      "remoteStatus": "ADDED"
    },
    {
      "path": "reference/creatures/Giant Wolf Spider.md",
      "localStatus": "created",
      "remoteStatus": "ADDED"
    },
    {
      "path": "reference/creatures/Goat.md",
      "localStatus": "created",
      "remoteStatus": "ADDED"
    },
    {
      "path": "reference/creatures/Hawk.md",
      "localStatus": "created",
      "remoteStatus": "ADDED"
    },
    {
      "path": "reference/creatures/Hunter Shark.md",
      "localStatus": "created",
      "remoteStatus": "ADDED"
    },
    {
      "path": "reference/creatures/Hyena.md",
      "localStatus": "created",
      "remoteStatus": "ADDED"
    },
    {
      "path": "reference/creatures/Jackal.md",
      "localStatus": "created",
      "remoteStatus": "ADDED"
    },
    {
      "path": "reference/creatures/Killer Whale.md",
      "localStatus": "created",
      "remoteStatus": "ADDED"
    },
    {
      "path": "reference/creatures/Lion.md",
      "localStatus": "created",
      "remoteStatus": "ADDED"
    },
    {
      "path": "reference/creatures/Lizard.md",
      "localStatus": "created",
      "remoteStatus": "ADDED"
    },
    {
      "path": "reference/creatures/Mammoth.md",
      "localStatus": "created",
      "remoteStatus": "ADDED"
    },
    {
      "path": "reference/creatures/Mastiff.md",
      "localStatus": "created",
      "remoteStatus": "ADDED"
    },
    {
      "path": "reference/creatures/Mule.md",
      "localStatus": "created",
      "remoteStatus": "ADDED"
    },
    {
      "path": "reference/creatures/Octopus.md",
      "localStatus": "created",
      "remoteStatus": "ADDED"
    },
    {
      "path": "reference/creatures/Owl.md",
      "localStatus": "created",
      "remoteStatus": "ADDED"
    },
    {
      "path": "reference/creatures/Panther.md",
      "localStatus": "created",
      "remoteStatus": "ADDED"
    },
    {
      "path": "reference/creatures/Phase Spider.md",
      "localStatus": "created",
      "remoteStatus": "ADDED"
    },
    {
      "path": "reference/creatures/Poisonous Snake.md",
      "localStatus": "created",
      "remoteStatus": "ADDED"
    },
    {
      "path": "reference/creatures/Polar Bear.md",
      "localStatus": "created",
      "remoteStatus": "ADDED"
    },
    {
      "path": "reference/creatures/Pony.md",
      "localStatus": "created",
      "remoteStatus": "ADDED"
    },
    {
      "path": "reference/creatures/Quipper.md",
      "localStatus": "created",
      "remoteStatus": "ADDED"
    },
    {
      "path": "reference/creatures/Rat.md",
      "localStatus": "created",
      "remoteStatus": "ADDED"
    },
    {
      "path": "reference/creatures/Raven.md",
      "localStatus": "created",
      "remoteStatus": "ADDED"
    },
    {
      "path": "reference/creatures/Reef Shark.md",
      "localStatus": "created",
      "remoteStatus": "ADDED"
    },
    {
      "path": "reference/creatures/Rhinoceros.md",
      "localStatus": "created",
      "remoteStatus": "ADDED"
    },
    {
      "path": "reference/creatures/Riding Horse.md",
      "localStatus": "created",
      "remoteStatus": "ADDED"
    },
    {
      "path": "reference/creatures/Saber-Toothed Tiger.md",
      "localStatus": "created",
      "remoteStatus": "ADDED"
    },
    {
      "path": "reference/creatures/Scorpion.md",
      "localStatus": "created",
      "remoteStatus": "ADDED"
    },
    {
      "path": "reference/creatures/Sea Horse.md",
      "localStatus": "created",
      "remoteStatus": "ADDED"
    },
    {
      "path": "reference/creatures/Spider.md",
      "localStatus": "created",
      "remoteStatus": "ADDED"
    },
    {
      "path": "reference/creatures/Swarm of Bats.md",
      "localStatus": "created",
      "remoteStatus": "ADDED"
    },
    {
      "path": "reference/creatures/Swarm of Insects.md",
      "localStatus": "created",
      "remoteStatus": "ADDED"
    },
    {
      "path": "reference/creatures/Swarm of Poisonous Snakes.md",
      "localStatus": "created",
      "remoteStatus": "ADDED"
    },
    {
      "path": "reference/creatures/Swarm of Quippers.md",
      "localStatus": "created",
      "remoteStatus": "ADDED"
    },
    {
      "path": "reference/creatures/Swarm of Rats.md",
      "localStatus": "created",
      "remoteStatus": "ADDED"
    },
    {
      "path": "reference/creatures/Swarm of Ravens.md",
      "localStatus": "created",
      "remoteStatus": "ADDED"
    },
    {
      "path": "reference/creatures/Tiger.md",
      "localStatus": "created",
      "remoteStatus": "ADDED"
    },
    {
      "path": "reference/creatures/Vulture.md",
      "localStatus": "created",
      "remoteStatus": "ADDED"
    },
    {
      "path": "reference/creatures/Warhorse.md",
      "localStatus": "created",
      "remoteStatus": "ADDED"
    },
    {
      "path": "reference/creatures/Weasel.md",
      "localStatus": "created",
      "remoteStatus": "ADDED"
    },
    {
      "path": "reference/creatures/Winter Wolf.md",
      "localStatus": "created",
      "remoteStatus": "ADDED"
    },
    {
      "path": "reference/creatures/Wolf.md",
      "localStatus": "created",
      "remoteStatus": "ADDED"
    },
    {
      "path": "reference/creatures/Worg.md",
      "localStatus": "created",
      "remoteStatus": "ADDED"
    },
    {
      "path": "reference/items/Adamantine Armor.md",
      "localStatus": "created",
      "remoteStatus": "ADDED"
    },
    {
      "path": "reference/items/Ammunition, +1, +2, or +3.md",
      "localStatus": "created",
      "remoteStatus": "ADDED"
    },
    {
      "path": "reference/items/Amulet of Health.md",
      "localStatus": "created",
      "remoteStatus": "ADDED"
    },
    {
      "path": "reference/items/Amulet of Proof against Detection and Location.md",
      "localStatus": "created",
      "remoteStatus": "ADDED"
    },
    {
      "path": "reference/items/Amulet of the Planes.md",
      "localStatus": "created",
      "remoteStatus": "ADDED"
    },
    {
      "path": "reference/items/Animated Shield.md",
      "localStatus": "created",
      "remoteStatus": "ADDED"
    },
    {
      "path": "reference/items/Apparatus of the Crab.md",
      "localStatus": "created",
      "remoteStatus": "ADDED"
    },
    {
      "path": "reference/items/Armor of Invulnerability.md",
      "localStatus": "created",
      "remoteStatus": "ADDED"
    },
    {
      "path": "reference/items/Armor of Resistance.md",
      "localStatus": "created",
      "remoteStatus": "ADDED"
    },
    {
      "path": "reference/items/Armor of Vulnerability.md",
      "localStatus": "created",
      "remoteStatus": "ADDED"
    },
    {
      "path": "reference/items/Armor, +1, +2, or +3.md",
      "localStatus": "created",
      "remoteStatus": "ADDED"
    },
    {
      "path": "reference/items/Arrow of Slaying.md",
      "localStatus": "created",
      "remoteStatus": "ADDED"
    },
    {
      "path": "reference/items/Arrow-Catching Shield.md",
      "localStatus": "created",
      "remoteStatus": "ADDED"
    },
    {
      "path": "reference/items/Bag of Beans.md",
      "localStatus": "created",
      "remoteStatus": "ADDED"
    },
    {
      "path": "reference/items/Bag of Devouring.md",
      "localStatus": "created",
      "remoteStatus": "ADDED"
    },
    {
      "path": "reference/items/Bag of Holding.md",
      "localStatus": "created",
      "remoteStatus": "ADDED"
    },
    {
      "path": "reference/items/Bag of Tricks.md",
      "localStatus": "created",
      "remoteStatus": "ADDED"
    },
    {
      "path": "reference/items/Bead of Force.md",
      "localStatus": "created",
      "remoteStatus": "ADDED"
    },
    {
      "path": "reference/items/Belt of Dwarvenkind.md",
      "localStatus": "created",
      "remoteStatus": "ADDED"
    },
    {
      "path": "reference/items/Belt of Giant Strength.md",
      "localStatus": "created",
      "remoteStatus": "ADDED"
    },
    {
      "path": "reference/items/Berserker Axe.md",
      "localStatus": "created",
      "remoteStatus": "ADDED"
    },
    {
      "path": "reference/items/Boots of Elvenkind.md",
      "localStatus": "created",
      "remoteStatus": "ADDED"
    },
    {
      "path": "reference/items/Boots of Levitation.md",
      "localStatus": "created",
      "remoteStatus": "ADDED"
    },
    {
      "path": "reference/items/Boots of Speed.md",
      "localStatus": "created",
      "remoteStatus": "ADDED"
    },
    {
      "path": "reference/items/Boots of Striding and Springing.md",
      "localStatus": "created",
      "remoteStatus": "ADDED"
    },
    {
      "path": "reference/items/Boots of the Winterlands.md",
      "localStatus": "created",
      "remoteStatus": "ADDED"
    },
    {
      "path": "reference/items/Bowl of Commanding Water Elementals.md",
      "localStatus": "created",
      "remoteStatus": "ADDED"
    },
    {
      "path": "reference/items/Bracers of Archery.md",
      "localStatus": "created",
      "remoteStatus": "ADDED"
    },
    {
      "path": "reference/items/Bracers of Defense.md",
      "localStatus": "created",
      "remoteStatus": "ADDED"
    },
    {
      "path": "reference/items/Brazier of Commanding Fire Elementals.md",
      "localStatus": "created",
      "remoteStatus": "ADDED"
    },
    {
      "path": "reference/items/Brooch of Shielding.md",
      "localStatus": "created",
      "remoteStatus": "ADDED"
    },
    {
      "path": "reference/items/Broom of Flying.md",
      "localStatus": "created",
      "remoteStatus": "ADDED"
    },
    {
      "path": "reference/items/Candle of Invocation.md",
      "localStatus": "created",
      "remoteStatus": "ADDED"
    },
    {
      "path": "reference/items/Cape of the Mountebank.md",
      "localStatus": "created",
      "remoteStatus": "ADDED"
    },
    {
      "path": "reference/items/Carpet of Flying.md",
      "localStatus": "created",
      "remoteStatus": "ADDED"
    },
    {
      "path": "reference/items/Censer of Controlling Air Elementals.md",
      "localStatus": "created",
      "remoteStatus": "ADDED"
    },
    {
      "path": "reference/items/Chime of Opening.md",
      "localStatus": "created",
      "remoteStatus": "ADDED"
    },
    {
      "path": "reference/items/Circlet of Blasting.md",
      "localStatus": "created",
      "remoteStatus": "ADDED"
    },
    {
      "path": "reference/items/Cloak of Arachnida.md",
      "localStatus": "created",
      "remoteStatus": "ADDED"
    },
    {
      "path": "reference/items/Cloak of Displacement.md",
      "localStatus": "created",
      "remoteStatus": "ADDED"
    },
    {
      "path": "reference/items/Cloak of Elvenkind.md",
      "localStatus": "created",
      "remoteStatus": "ADDED"
    },
    {
      "path": "reference/items/Cloak of Protection.md",
      "localStatus": "created",
      "remoteStatus": "ADDED"
    },
    {
      "path": "reference/items/Cloak of the Bat.md",
      "localStatus": "created",
      "remoteStatus": "ADDED"
    },
    {
      "path": "reference/items/Cloak of the Manta Ray.md",
      "localStatus": "created",
      "remoteStatus": "ADDED"
    },
    {
      "path": "reference/items/Crystal Ball.md",
      "localStatus": "created",
      "remoteStatus": "ADDED"
    },
    {
      "path": "reference/items/Cube of Force.md",
      "localStatus": "created",
      "remoteStatus": "ADDED"
    },
    {
      "path": "reference/items/Cubic Gate.md",
      "localStatus": "created",
      "remoteStatus": "ADDED"
    },
    {
      "path": "reference/items/Dagger of Venom.md",
      "localStatus": "created",
      "remoteStatus": "ADDED"
    },
    {
      "path": "reference/items/Dancing Sword.md",
      "localStatus": "created",
      "remoteStatus": "ADDED"
    },
    {
      "path": "reference/items/Decanter of Endless Water.md",
      "localStatus": "created",
      "remoteStatus": "ADDED"
    },
    {
      "path": "reference/items/Deck of Illusions.md",
      "localStatus": "created",
      "remoteStatus": "ADDED"
    },
    {
      "path": "reference/items/Deck of Many Things.md",
      "localStatus": "created",
      "remoteStatus": "ADDED"
    },
    {
      "path": "reference/items/Defender.md",
      "localStatus": "created",
      "remoteStatus": "ADDED"
    },
    {
      "path": "reference/items/Demon Armor.md",
      "localStatus": "created",
      "remoteStatus": "ADDED"
    },
    {
      "path": "reference/items/Dimensional Shackles.md",
      "localStatus": "created",
      "remoteStatus": "ADDED"
    },
    {
      "path": "reference/items/Dragon Scale Mail.md",
      "localStatus": "created",
      "remoteStatus": "ADDED"
    },
    {
      "path": "reference/items/Dragon Slayer.md",
      "localStatus": "created",
      "remoteStatus": "ADDED"
    },
    {
      "path": "reference/items/Dust of Disappearance.md",
      "localStatus": "created",
      "remoteStatus": "ADDED"
    },
    {
      "path": "reference/items/Dust of Dryness.md",
      "localStatus": "created",
      "remoteStatus": "ADDED"
    },
    {
      "path": "reference/items/Dust of Sneezing and Choking.md",
      "localStatus": "created",
      "remoteStatus": "ADDED"
    },
    {
      "path": "reference/items/Dwarven Plate.md",
      "localStatus": "created",
      "remoteStatus": "ADDED"
    },
    {
      "path": "reference/items/Dwarven Thrower.md",
      "localStatus": "created",
      "remoteStatus": "ADDED"
    },
    {
      "path": "reference/items/Efficient Quiver.md",
      "localStatus": "created",
      "remoteStatus": "ADDED"
    },
    {
      "path": "reference/items/Efreeti Bottle.md",
      "localStatus": "created",
      "remoteStatus": "ADDED"
    },
    {
      "path": "reference/items/Elemental Gem.md",
      "localStatus": "created",
      "remoteStatus": "ADDED"
    },
    {
      "path": "reference/items/Elixir of Health.md",
      "localStatus": "created",
      "remoteStatus": "ADDED"
    },
    {
      "path": "reference/items/Elven Chain.md",
      "localStatus": "created",
      "remoteStatus": "ADDED"
    },
    {
      "path": "reference/items/Eversmoking Bottle.md",
      "localStatus": "created",
      "remoteStatus": "ADDED"
    },
    {
      "path": "reference/items/Eyes of Charming.md",
      "localStatus": "created",
      "remoteStatus": "ADDED"
    },
    {
      "path": "reference/items/Eyes of Minute Seeing.md",
      "localStatus": "created",
      "remoteStatus": "ADDED"
    },
    {
      "path": "reference/items/Eyes of the Eagle.md",
      "localStatus": "created",
      "remoteStatus": "ADDED"
    },
    {
      "path": "reference/items/Feather Token.md",
      "localStatus": "created",
      "remoteStatus": "ADDED"
    },
    {
      "path": "reference/items/Figurine of Wondrous Power.md",
      "localStatus": "created",
      "remoteStatus": "ADDED"
    },
    {
      "path": "reference/items/Flame Tongue.md",
      "localStatus": "created",
      "remoteStatus": "ADDED"
    },
    {
      "path": "reference/items/Folding Boat.md",
      "localStatus": "created",
      "remoteStatus": "ADDED"
    },
    {
      "path": "reference/items/Frost Brand.md",
      "localStatus": "created",
      "remoteStatus": "ADDED"
    },
    {
      "path": "reference/items/Gauntlets of Ogre Power.md",
      "localStatus": "created",
      "remoteStatus": "ADDED"
    },
    {
      "path": "reference/items/Gem of Brightness.md",
      "localStatus": "created",
      "remoteStatus": "ADDED"
    },
    {
      "path": "reference/items/Gem of Seeing.md",
      "localStatus": "created",
      "remoteStatus": "ADDED"
    },
    {
      "path": "reference/items/Giant Slayer.md",
      "localStatus": "created",
      "remoteStatus": "ADDED"
    },
    {
      "path": "reference/items/Glamoured Studded Leather.md",
      "localStatus": "created",
      "remoteStatus": "ADDED"
    },
    {
      "path": "reference/items/Gloves of Missile Snaring.md",
      "localStatus": "created",
      "remoteStatus": "ADDED"
    },
    {
      "path": "reference/items/Gloves of Swimming and Climbing.md",
      "localStatus": "created",
      "remoteStatus": "ADDED"
    },
    {
      "path": "reference/items/Goggles of Night.md",
      "localStatus": "created",
      "remoteStatus": "ADDED"
    },
    {
      "path": "reference/items/Hammer of Thunderbolts.md",
      "localStatus": "created",
      "remoteStatus": "ADDED"
    },
    {
      "path": "reference/items/Handy Haversack.md",
      "localStatus": "created",
      "remoteStatus": "ADDED"
    },
    {
      "path": "reference/items/Hat of Disguise.md",
      "localStatus": "created",
      "remoteStatus": "ADDED"
    },
    {
      "path": "reference/items/Headband of Intellect.md",
      "localStatus": "created",
      "remoteStatus": "ADDED"
    },
    {
      "path": "reference/items/Helm of Brilliance.md",
      "localStatus": "created",
      "remoteStatus": "ADDED"
    },
    {
      "path": "reference/items/Helm of Comprehending Languages.md",
      "localStatus": "created",
      "remoteStatus": "ADDED"
    },
    {
      "path": "reference/items/Helm of Telepathy.md",
      "localStatus": "created",
      "remoteStatus": "ADDED"
    },
    {
      "path": "reference/items/Helm of Teleportation.md",
      "localStatus": "created",
      "remoteStatus": "ADDED"
    },
    {
      "path": "reference/items/Holy Avenger.md",
      "localStatus": "created",
      "remoteStatus": "ADDED"
    },
    {
      "path": "reference/items/Horn of Blasting.md",
      "localStatus": "created",
      "remoteStatus": "ADDED"
    },
    {
      "path": "reference/items/Horn of Valhalla.md",
      "localStatus": "created",
      "remoteStatus": "ADDED"
    },
    {
      "path": "reference/items/Horseshoes of Speed.md",
      "localStatus": "created",
      "remoteStatus": "ADDED"
    },
    {
      "path": "reference/items/Horseshoes of a Zephyr.md",
      "localStatus": "created",
      "remoteStatus": "ADDED"
    },
    {
      "path": "reference/items/Immovable Rod.md",
      "localStatus": "created",
      "remoteStatus": "ADDED"
    },
    {
      "path": "reference/items/Instant Fortress.md",
      "localStatus": "created",
      "remoteStatus": "ADDED"
    },
    {
      "path": "reference/items/Ioun Stone.md",
      "localStatus": "created",
      "remoteStatus": "ADDED"
    },
    {
      "path": "reference/items/Iron Bands of Binding.md",
      "localStatus": "created",
      "remoteStatus": "ADDED"
    },
    {
      "path": "reference/items/Iron Flask.md",
      "localStatus": "created",
      "remoteStatus": "ADDED"
    },
    {
      "path": "reference/items/Javelin of Lightning.md",
      "localStatus": "created",
      "remoteStatus": "ADDED"
    },
    {
      "path": "reference/items/Lantern of Revealing.md",
      "localStatus": "created",
      "remoteStatus": "ADDED"
    },
    {
      "path": "reference/items/Luck Blade.md",
      "localStatus": "created",
      "remoteStatus": "ADDED"
    },
    {
      "path": "reference/items/Mace of Disruption.md",
      "localStatus": "created",
      "remoteStatus": "ADDED"
    },
    {
      "path": "reference/items/Mace of Smiting.md",
      "localStatus": "created",
      "remoteStatus": "ADDED"
    },
    {
      "path": "reference/items/Mace of Terror.md",
      "localStatus": "created",
      "remoteStatus": "ADDED"
    },
    {
      "path": "reference/items/Mantle of Spell Resistance.md",
      "localStatus": "created",
      "remoteStatus": "ADDED"
    },
    {
      "path": "reference/items/Manual of Bodily Health.md",
      "localStatus": "created",
      "remoteStatus": "ADDED"
    },
    {
      "path": "reference/items/Manual of Gainful Exercise.md",
      "localStatus": "created",
      "remoteStatus": "ADDED"
    },
    {
      "path": "reference/items/Manual of Golems.md",
      "localStatus": "created",
      "remoteStatus": "ADDED"
    },
    {
      "path": "reference/items/Manual of Quickness of Action.md",
      "localStatus": "created",
      "remoteStatus": "ADDED"
    },
    {
      "path": "reference/items/Marvelous Pigments.md",
      "localStatus": "created",
      "remoteStatus": "ADDED"
    },
    {
      "path": "reference/items/Medallion of Thoughts.md",
      "localStatus": "created",
      "remoteStatus": "ADDED"
    },
    {
      "path": "reference/items/Mirror of Life Trapping.md",
      "localStatus": "created",
      "remoteStatus": "ADDED"
    },
    {
      "path": "reference/items/Mithral Armor.md",
      "localStatus": "created",
      "remoteStatus": "ADDED"
    },
    {
      "path": "reference/items/Necklace of Adaptation.md",
      "localStatus": "created",
      "remoteStatus": "ADDED"
    },
    {
      "path": "reference/items/Necklace of Fireballs.md",
      "localStatus": "created",
      "remoteStatus": "ADDED"
    },
    {
      "path": "reference/items/Necklace of Prayer Beads.md",
      "localStatus": "created",
      "remoteStatus": "ADDED"
    },
    {
      "path": "reference/items/Nine Lives Stealer.md",
      "localStatus": "created",
      "remoteStatus": "ADDED"
    },
    {
      "path": "reference/items/Oathbow.md",
      "localStatus": "created",
      "remoteStatus": "ADDED"
    },
    {
      "path": "reference/items/Oil of Etherealness.md",
      "localStatus": "created",
      "remoteStatus": "ADDED"
    },
    {
      "path": "reference/items/Oil of Sharpness.md",
      "localStatus": "created",
      "remoteStatus": "ADDED"
    },
    {
      "path": "reference/items/Oil of Slipperiness.md",
      "localStatus": "created",
      "remoteStatus": "ADDED"
    },
    {
      "path": "reference/items/Pearl of Power.md",
      "localStatus": "created",
      "remoteStatus": "ADDED"
    },
    {
      "path": "reference/items/Periapt of Health.md",
      "localStatus": "created",
      "remoteStatus": "ADDED"
    },
    {
      "path": "reference/items/Periapt of Proof against Poison.md",
      "localStatus": "created",
      "remoteStatus": "ADDED"
    },
    {
      "path": "reference/items/Periapt of Wound Closure.md",
      "localStatus": "created",
      "remoteStatus": "ADDED"
    },
    {
      "path": "reference/items/Philter of Love.md",
      "localStatus": "created",
      "remoteStatus": "ADDED"
    },
    {
      "path": "reference/items/Pipes of Haunting.md",
      "localStatus": "created",
      "remoteStatus": "ADDED"
    },
    {
      "path": "reference/items/Pipes of the Sewers.md",
      "localStatus": "created",
      "remoteStatus": "ADDED"
    },
    {
      "path": "reference/items/Plate Armor of Etherealness.md",
      "localStatus": "created",
      "remoteStatus": "ADDED"
    },
    {
      "path": "reference/items/Portable Hole.md",
      "localStatus": "created",
      "remoteStatus": "ADDED"
    },
    {
      "path": "reference/items/Potion of Animal Friendship.md",
      "localStatus": "created",
      "remoteStatus": "ADDED"
    },
    {
      "path": "reference/items/Potion of Clairvoyance.md",
      "localStatus": "created",
      "remoteStatus": "ADDED"
    },
    {
      "path": "reference/items/Potion of Climbing.md",
      "localStatus": "created",
      "remoteStatus": "ADDED"
    },
    {
      "path": "reference/items/Potion of Diminution.md",
      "localStatus": "created",
      "remoteStatus": "ADDED"
    },
    {
      "path": "reference/items/Potion of Flying.md",
      "localStatus": "created",
      "remoteStatus": "ADDED"
    },
    {
      "path": "reference/items/Potion of Gaseous Form.md",
      "localStatus": "created",
      "remoteStatus": "ADDED"
    },
    {
      "path": "reference/items/Potion of Giant Strength.md",
      "localStatus": "created",
      "remoteStatus": "ADDED"
    },
    {
      "path": "reference/items/Potion of Growth.md",
      "localStatus": "created",
      "remoteStatus": "ADDED"
    },
    {
      "path": "reference/items/Potion of Healing.md",
      "localStatus": "created",
      "remoteStatus": "ADDED"
    },
    {
      "path": "reference/items/Potion of Heroism.md",
      "localStatus": "created",
      "remoteStatus": "ADDED"
    },
    {
      "path": "reference/items/Potion of Invisibility.md",
      "localStatus": "created",
      "remoteStatus": "ADDED"
    },
    {
      "path": "reference/items/Potion of Mind Reading.md",
      "localStatus": "created",
      "remoteStatus": "ADDED"
    },
    {
      "path": "reference/items/Potion of Poison.md",
      "localStatus": "created",
      "remoteStatus": "ADDED"
    },
    {
      "path": "reference/items/Potion of Resistance.md",
      "localStatus": "created",
      "remoteStatus": "ADDED"
    },
    {
      "path": "reference/items/Potion of Speed.md",
      "localStatus": "created",
      "remoteStatus": "ADDED"
    },
    {
      "path": "reference/items/Potion of Water Breathing.md",
      "localStatus": "created",
      "remoteStatus": "ADDED"
    },
    {
      "path": "reference/items/Restorative Ointment.md",
      "localStatus": "created",
      "remoteStatus": "ADDED"
    },
    {
      "path": "reference/items/Ring of Animal Influence.md",
      "localStatus": "created",
      "remoteStatus": "ADDED"
    },
    {
      "path": "reference/items/Ring of Djinni Summoning.md",
      "localStatus": "created",
      "remoteStatus": "ADDED"
    },
    {
      "path": "reference/items/Ring of Elemental Command.md",
      "localStatus": "created",
      "remoteStatus": "ADDED"
    },
    {
      "path": "reference/items/Ring of Evasion.md",
      "localStatus": "created",
      "remoteStatus": "ADDED"
    },
    {
      "path": "reference/items/Ring of Feather Falling.md",
      "localStatus": "created",
      "remoteStatus": "ADDED"
    },
    {
      "path": "reference/items/Ring of Free Action.md",
      "localStatus": "created",
      "remoteStatus": "ADDED"
    },
    {
      "path": "reference/items/Ring of Invisibility.md",
      "localStatus": "created",
      "remoteStatus": "ADDED"
    },
    {
      "path": "reference/items/Ring of Jumping.md",
      "localStatus": "created",
      "remoteStatus": "ADDED"
    },
    {
      "path": "reference/items/Ring of Mind Shielding.md",
      "localStatus": "created",
      "remoteStatus": "ADDED"
    },
    {
      "path": "reference/items/Ring of Protection.md",
      "localStatus": "created",
      "remoteStatus": "ADDED"
    },
    {
      "path": "reference/items/Ring of Regeneration.md",
      "localStatus": "created",
      "remoteStatus": "ADDED"
    },
    {
      "path": "reference/items/Ring of Resistance.md",
      "localStatus": "created",
      "remoteStatus": "ADDED"
    },
    {
      "path": "reference/items/Ring of Shooting Stars.md",
      "localStatus": "created",
      "remoteStatus": "ADDED"
    },
    {
      "path": "reference/items/Ring of Spell Storing.md",
      "localStatus": "created",
      "remoteStatus": "ADDED"
    },
    {
      "path": "reference/items/Ring of Spell Turning.md",
      "localStatus": "created",
      "remoteStatus": "ADDED"
    },
    {
      "path": "reference/items/Ring of Swimming.md",
      "localStatus": "created",
      "remoteStatus": "ADDED"
    },
    {
      "path": "reference/items/Ring of Telekinesis.md",
      "localStatus": "created",
      "remoteStatus": "ADDED"
    },
    {
      "path": "reference/items/Ring of Three Wishes.md",
      "localStatus": "created",
      "remoteStatus": "ADDED"
    },
    {
      "path": "reference/items/Ring of Warmth.md",
      "localStatus": "created",
      "remoteStatus": "ADDED"
    },
    {
      "path": "reference/items/Ring of Water Walking.md",
      "localStatus": "created",
      "remoteStatus": "ADDED"
    },
    {
      "path": "reference/items/Ring of X-ray Vision.md",
      "localStatus": "created",
      "remoteStatus": "ADDED"
    },
    {
      "path": "reference/items/Ring of the Ram.md",
      "localStatus": "created",
      "remoteStatus": "ADDED"
    },
    {
      "path": "reference/items/Robe of Eyes.md",
      "localStatus": "created",
      "remoteStatus": "ADDED"
    },
    {
      "path": "reference/items/Robe of Scintillating Colors.md",
      "localStatus": "created",
      "remoteStatus": "ADDED"
    },
    {
      "path": "reference/items/Robe of Stars.md",
      "localStatus": "created",
      "remoteStatus": "ADDED"
    },
    {
      "path": "reference/items/Robe of Useful Items.md",
      "localStatus": "created",
      "remoteStatus": "ADDED"
    },
    {
      "path": "reference/items/Robe of the Archmagi.md",
      "localStatus": "created",
      "remoteStatus": "ADDED"
    },
    {
      "path": "reference/items/Rod of Absorption.md",
      "localStatus": "created",
      "remoteStatus": "ADDED"
    },
    {
      "path": "reference/items/Rod of Alertness.md",
      "localStatus": "created",
      "remoteStatus": "ADDED"
    },
    {
      "path": "reference/items/Rod of Lordly Might.md",
      "localStatus": "created",
      "remoteStatus": "ADDED"
    },
    {
      "path": "reference/items/Rod of Rulership.md",
      "localStatus": "created",
      "remoteStatus": "ADDED"
    },
    {
      "path": "reference/items/Rod of Security.md",
      "localStatus": "created",
      "remoteStatus": "ADDED"
    },
    {
      "path": "reference/items/Rope of Climbing.md",
      "localStatus": "created",
      "remoteStatus": "ADDED"
    },
    {
      "path": "reference/items/Rope of Entanglement.md",
      "localStatus": "created",
      "remoteStatus": "ADDED"
    },
    {
      "path": "reference/items/Scarab of Protection.md",
      "localStatus": "created",
      "remoteStatus": "ADDED"
    },
    {
      "path": "reference/items/Scimitar of Speed.md",
      "localStatus": "created",
      "remoteStatus": "ADDED"
    },
    {
      "path": "reference/items/Shield of Missile Attraction.md",
      "localStatus": "created",
      "remoteStatus": "ADDED"
    },
    {
      "path": "reference/items/Shield, +1, +2, or +3.md",
      "localStatus": "created",
      "remoteStatus": "ADDED"
    },
    {
      "path": "reference/items/Slippers of Spider Climbing.md",
      "localStatus": "created",
      "remoteStatus": "ADDED"
    },
    {
      "path": "reference/items/Sovereign Glue.md",
      "localStatus": "created",
      "remoteStatus": "ADDED"
    },
    {
      "path": "reference/items/Spell Scroll.md",
      "localStatus": "created",
      "remoteStatus": "ADDED"
    },
    {
      "path": "reference/items/Spellguard Shield.md",
      "localStatus": "created",
      "remoteStatus": "ADDED"
    },
    {
      "path": "reference/items/Sphere of Annihilation.md",
      "localStatus": "created",
      "remoteStatus": "ADDED"
    },
    {
      "path": "reference/items/Staff of Charming.md",
      "localStatus": "created",
      "remoteStatus": "ADDED"
    },
    {
      "path": "reference/items/Staff of Fire.md",
      "localStatus": "created",
      "remoteStatus": "ADDED"
    },
    {
      "path": "reference/items/Staff of Frost.md",
      "localStatus": "created",
      "remoteStatus": "ADDED"
    },
    {
      "path": "reference/items/Staff of Healing.md",
      "localStatus": "created",
      "remoteStatus": "ADDED"
    },
    {
      "path": "reference/items/Staff of Power.md",
      "localStatus": "created",
      "remoteStatus": "ADDED"
    },
    {
      "path": "reference/items/Staff of Striking.md",
      "localStatus": "created",
      "remoteStatus": "ADDED"
    },
    {
      "path": "reference/items/Staff of Swarming Insects.md",
      "localStatus": "created",
      "remoteStatus": "ADDED"
    },
    {
      "path": "reference/items/Staff of Thunder and Lightning.md",
      "localStatus": "created",
      "remoteStatus": "ADDED"
    },
    {
      "path": "reference/items/Staff of Withering.md",
      "localStatus": "created",
      "remoteStatus": "ADDED"
    },
    {
      "path": "reference/items/Staff of the Magi.md",
      "localStatus": "created",
      "remoteStatus": "ADDED"
    },
    {
      "path": "reference/items/Staff of the Python.md",
      "localStatus": "created",
      "remoteStatus": "ADDED"
    },
    {
      "path": "reference/items/Staff of the Woodlands.md",
      "localStatus": "created",
      "remoteStatus": "ADDED"
    },
    {
      "path": "reference/items/Stone of Controlling Earth Elementals.md",
      "localStatus": "created",
      "remoteStatus": "ADDED"
    },
    {
      "path": "reference/items/Stone of Good Luck (Luckstone).md",
      "localStatus": "created",
      "remoteStatus": "ADDED"
    },
    {
      "path": "reference/items/Sun Blade.md",
      "localStatus": "created",
      "remoteStatus": "ADDED"
    },
    {
      "path": "reference/items/Sword of Life Stealing.md",
      "localStatus": "created",
      "remoteStatus": "ADDED"
    },
    {
      "path": "reference/items/Sword of Sharpness.md",
      "localStatus": "created",
      "remoteStatus": "ADDED"
    },
    {
      "path": "reference/items/Sword of Wounding.md",
      "localStatus": "created",
      "remoteStatus": "ADDED"
    },
    {
      "path": "reference/items/Talisman of Pure Good.md",
      "localStatus": "created",
      "remoteStatus": "ADDED"
    },
    {
      "path": "reference/items/Talisman of Ultimate Evil.md",
      "localStatus": "created",
      "remoteStatus": "ADDED"
    },
    {
      "path": "reference/items/Talisman of the Sphere.md",
      "localStatus": "created",
      "remoteStatus": "ADDED"
    },
    {
      "path": "reference/items/Tome of Clear Thought.md",
      "localStatus": "created",
      "remoteStatus": "ADDED"
    },
    {
      "path": "reference/items/Tome of Leadership and Influence.md",
      "localStatus": "created",
      "remoteStatus": "ADDED"
    },
    {
      "path": "reference/items/Tome of Understanding.md",
      "localStatus": "created",
      "remoteStatus": "ADDED"
    },
    {
      "path": "reference/items/Trident of Fish Command.md",
      "localStatus": "created",
      "remoteStatus": "ADDED"
    },
    {
      "path": "reference/items/Universal Solvent.md",
      "localStatus": "created",
      "remoteStatus": "ADDED"
    },
    {
      "path": "reference/items/Vicious Weapon.md",
      "localStatus": "created",
      "remoteStatus": "ADDED"
    },
    {
      "path": "reference/items/Vorpal Sword.md",
      "localStatus": "created",
      "remoteStatus": "ADDED"
    },
    {
      "path": "reference/items/Wand of Binding.md",
      "localStatus": "created",
      "remoteStatus": "ADDED"
    },
    {
      "path": "reference/items/Wand of Enemy Detection.md",
      "localStatus": "created",
      "remoteStatus": "ADDED"
    },
    {
      "path": "reference/items/Wand of Fear.md",
      "localStatus": "created",
      "remoteStatus": "ADDED"
    },
    {
      "path": "reference/items/Wand of Fireballs.md",
      "localStatus": "created",
      "remoteStatus": "ADDED"
    },
    {
      "path": "reference/items/Wand of Lightning Bolts.md",
      "localStatus": "created",
      "remoteStatus": "ADDED"
    },
    {
      "path": "reference/items/Wand of Magic Detection.md",
      "localStatus": "created",
      "remoteStatus": "ADDED"
    },
    {
      "path": "reference/items/Wand of Magic Missiles.md",
      "localStatus": "created",
      "remoteStatus": "ADDED"
    },
    {
      "path": "reference/items/Wand of Paralysis.md",
      "localStatus": "created",
      "remoteStatus": "ADDED"
    },
    {
      "path": "reference/items/Wand of Polymorph.md",
      "localStatus": "created",
      "remoteStatus": "ADDED"
    },
    {
      "path": "reference/items/Wand of Secrets.md",
      "localStatus": "created",
      "remoteStatus": "ADDED"
    },
    {
      "path": "reference/items/Wand of Web.md",
      "localStatus": "created",
      "remoteStatus": "ADDED"
    },
    {
      "path": "reference/items/Wand of Wonder.md",
      "localStatus": "created",
      "remoteStatus": "ADDED"
    },
    {
      "path": "reference/items/Wand of the War Mage, +1, +2, or +3.md",
      "localStatus": "created",
      "remoteStatus": "ADDED"
    },
    {
      "path": "reference/items/Weapon, +1, +2, or +3.md",
      "localStatus": "created",
      "remoteStatus": "ADDED"
    },
    {
      "path": "reference/items/Well of Many Worlds.md",
      "localStatus": "created",
      "remoteStatus": "ADDED"
    },
    {
      "path": "reference/items/Wind Fan.md",
      "localStatus": "created",
      "remoteStatus": "ADDED"
    },
    {
      "path": "reference/items/Winged Boots.md",
      "localStatus": "created",
      "remoteStatus": "ADDED"
    },
    {
      "path": "reference/items/Wings of Flying.md",
      "localStatus": "created",
      "remoteStatus": "ADDED"
    },
    {
      "path": "reference/monsters/Aboleth.md",
      "localStatus": "created",
      "remoteStatus": "ADDED"
    },
    {
      "path": "reference/monsters/Angels.md",
      "localStatus": "created",
      "remoteStatus": "ADDED"
    },
    {
      "path": "reference/monsters/Animated Objects.md",
      "localStatus": "created",
      "remoteStatus": "ADDED"
    },
    {
      "path": "reference/monsters/Ankheg.md",
      "localStatus": "created",
      "remoteStatus": "ADDED"
    },
    {
      "path": "reference/monsters/Azer.md",
      "localStatus": "created",
      "remoteStatus": "ADDED"
    },
    {
      "path": "reference/monsters/Basilisk.md",
      "localStatus": "created",
      "remoteStatus": "ADDED"
    },
    {
      "path": "reference/monsters/Behir.md",
      "localStatus": "created",
      "remoteStatus": "ADDED"
    },
    {
      "path": "reference/monsters/Bugbear.md",
      "localStatus": "created",
      "remoteStatus": "ADDED"
    },
    {
      "path": "reference/monsters/Bulette.md",
      "localStatus": "created",
      "remoteStatus": "ADDED"
    },
    {
      "path": "reference/monsters/Centaur.md",
      "localStatus": "created",
      "remoteStatus": "ADDED"
    },
    {
      "path": "reference/monsters/Chimera.md",
      "localStatus": "created",
      "remoteStatus": "ADDED"
    },
    {
      "path": "reference/monsters/Chuul.md",
      "localStatus": "created",
      "remoteStatus": "ADDED"
    },
    {
      "path": "reference/monsters/Cloaker.md",
      "localStatus": "created",
      "remoteStatus": "ADDED"
    },
    {
      "path": "reference/monsters/Cockatrice.md",
      "localStatus": "created",
      "remoteStatus": "ADDED"
    },
    {
      "path": "reference/monsters/Couatl.md",
      "localStatus": "created",
      "remoteStatus": "ADDED"
    },
    {
      "path": "reference/monsters/Darkmantle.md",
      "localStatus": "created",
      "remoteStatus": "ADDED"
    },
    {
      "path": "reference/monsters/Demons.md",
      "localStatus": "created",
      "remoteStatus": "ADDED"
    },
    {
      "path": "reference/monsters/Devils.md",
      "localStatus": "created",
      "remoteStatus": "ADDED"
    },
    {
      "path": "reference/monsters/Dinosaurs.md",
      "localStatus": "created",
      "remoteStatus": "ADDED"
    },
    {
      "path": "reference/monsters/Doppelganger.md",
      "localStatus": "created",
      "remoteStatus": "ADDED"
    },
    {
      "path": "reference/monsters/Dragon Turtle.md",
      "localStatus": "created",
      "remoteStatus": "ADDED"
    },
    {
      "path": "reference/monsters/Dragons, Chromatic.md",
      "localStatus": "created",
      "remoteStatus": "ADDED"
    },
    {
      "path": "reference/monsters/Dragons, Metallic.md",
      "localStatus": "created",
      "remoteStatus": "ADDED"
    },
    {
      "path": "reference/monsters/Drider.md",
      "localStatus": "created",
      "remoteStatus": "ADDED"
    },
    {
      "path": "reference/monsters/Dryad.md",
      "localStatus": "created",
      "remoteStatus": "ADDED"
    },
    {
      "path": "reference/monsters/Duergar.md",
      "localStatus": "created",
      "remoteStatus": "ADDED"
    },
    {
      "path": "reference/monsters/Elementals.md",
      "localStatus": "created",
      "remoteStatus": "ADDED"
    },
    {
      "path": "reference/monsters/Elf, Drow.md",
      "localStatus": "created",
      "remoteStatus": "ADDED"
    },
    {
      "path": "reference/monsters/Ettercap.md",
      "localStatus": "created",
      "remoteStatus": "ADDED"
    },
    {
      "path": "reference/monsters/Ettin.md",
      "localStatus": "created",
      "remoteStatus": "ADDED"
    },
    {
      "path": "reference/monsters/Fungi.md",
      "localStatus": "created",
      "remoteStatus": "ADDED"
    },
    {
      "path": "reference/monsters/Gargoyle.md",
      "localStatus": "created",
      "remoteStatus": "ADDED"
    },
    {
      "path": "reference/monsters/Genies.md",
      "localStatus": "created",
      "remoteStatus": "ADDED"
    },
    {
      "path": "reference/monsters/Ghast.md",
      "localStatus": "created",
      "remoteStatus": "ADDED"
    },
    {
      "path": "reference/monsters/Ghost.md",
      "localStatus": "created",
      "remoteStatus": "ADDED"
    },
    {
      "path": "reference/monsters/Ghouls.md",
      "localStatus": "created",
      "remoteStatus": "ADDED"
    },
    {
      "path": "reference/monsters/Giants.md",
      "localStatus": "created",
      "remoteStatus": "ADDED"
    },
    {
      "path": "reference/monsters/Gibbering Mouther.md",
      "localStatus": "created",
      "remoteStatus": "ADDED"
    },
    {
      "path": "reference/monsters/Gnoll.md",
      "localStatus": "created",
      "remoteStatus": "ADDED"
    },
    {
      "path": "reference/monsters/Gnome, Deep (Svirfneblin).md",
      "localStatus": "created",
      "remoteStatus": "ADDED"
    },
    {
      "path": "reference/monsters/Goblin.md",
      "localStatus": "created",
      "remoteStatus": "ADDED"
    },
    {
      "path": "reference/monsters/Golems.md",
      "localStatus": "created",
      "remoteStatus": "ADDED"
    },
    {
      "path": "reference/monsters/Gorgon.md",
      "localStatus": "created",
      "remoteStatus": "ADDED"
    },
    {
      "path": "reference/monsters/Grick.md",
      "localStatus": "created",
      "remoteStatus": "ADDED"
    },
    {
      "path": "reference/monsters/Griffon.md",
      "localStatus": "created",
      "remoteStatus": "ADDED"
    },
    {
      "path": "reference/monsters/Grimlock.md",
      "localStatus": "created",
      "remoteStatus": "ADDED"
    },
    {
      "path": "reference/monsters/Hags.md",
      "localStatus": "created",
      "remoteStatus": "ADDED"
    },
    {
      "path": "reference/monsters/Half-Dragon Template.md",
      "localStatus": "created",
      "remoteStatus": "ADDED"
    },
    {
      "path": "reference/monsters/Harpy.md",
      "localStatus": "created",
      "remoteStatus": "ADDED"
    },
    {
      "path": "reference/monsters/Hell Hound.md",
      "localStatus": "created",
      "remoteStatus": "ADDED"
    },
    {
      "path": "reference/monsters/Hippogriff.md",
      "localStatus": "created",
      "remoteStatus": "ADDED"
    },
    {
      "path": "reference/monsters/Hobgoblin.md",
      "localStatus": "created",
      "remoteStatus": "ADDED"
    },
    {
      "path": "reference/monsters/Homunculus.md",
      "localStatus": "created",
      "remoteStatus": "ADDED"
    },
    {
      "path": "reference/monsters/Hydra.md",
      "localStatus": "created",
      "remoteStatus": "ADDED"
    },
    {
      "path": "reference/monsters/Invisible Stalker.md",
      "localStatus": "created",
      "remoteStatus": "ADDED"
    },
    {
      "path": "reference/monsters/Kobold.md",
      "localStatus": "created",
      "remoteStatus": "ADDED"
    },
    {
      "path": "reference/monsters/Kraken.md",
      "localStatus": "created",
      "remoteStatus": "ADDED"
    },
    {
      "path": "reference/monsters/Lamia.md",
      "localStatus": "created",
      "remoteStatus": "ADDED"
    },
    {
      "path": "reference/monsters/Lich.md",
      "localStatus": "created",
      "remoteStatus": "ADDED"
    },
    {
      "path": "reference/monsters/Lizardfolk.md",
      "localStatus": "created",
      "remoteStatus": "ADDED"
    },
    {
      "path": "reference/monsters/Lycanthropes.md",
      "localStatus": "created",
      "remoteStatus": "ADDED"
    },
    {
      "path": "reference/monsters/Magmin.md",
      "localStatus": "created",
      "remoteStatus": "ADDED"
    },
    {
      "path": "reference/monsters/Manticore.md",
      "localStatus": "created",
      "remoteStatus": "ADDED"
    },
    {
      "path": "reference/monsters/Medusa.md",
      "localStatus": "created",
      "remoteStatus": "ADDED"
    },
    {
      "path": "reference/monsters/Mephits.md",
      "localStatus": "created",
      "remoteStatus": "ADDED"
    },
    {
      "path": "reference/monsters/Merfolk.md",
      "localStatus": "created",
      "remoteStatus": "ADDED"
    },
    {
      "path": "reference/monsters/Merrow.md",
      "localStatus": "created",
      "remoteStatus": "ADDED"
    },
    {
      "path": "reference/monsters/Mimic.md",
      "localStatus": "created",
      "remoteStatus": "ADDED"
    },
    {
      "path": "reference/monsters/Minotaur.md",
      "localStatus": "created",
      "remoteStatus": "ADDED"
    },
    {
      "path": "reference/monsters/Mummies.md",
      "localStatus": "created",
      "remoteStatus": "ADDED"
    },
    {
      "path": "reference/monsters/Nagas.md",
      "localStatus": "created",
      "remoteStatus": "ADDED"
    },
    {
      "path": "reference/monsters/Nightmare.md",
      "localStatus": "created",
      "remoteStatus": "ADDED"
    },
    {
      "path": "reference/monsters/Ogre.md",
      "localStatus": "created",
      "remoteStatus": "ADDED"
    },
    {
      "path": "reference/monsters/Oni.md",
      "localStatus": "created",
      "remoteStatus": "ADDED"
    },
    {
      "path": "reference/monsters/Oozes.md",
      "localStatus": "created",
      "remoteStatus": "ADDED"
    },
    {
      "path": "reference/monsters/Orc.md",
      "localStatus": "created",
      "remoteStatus": "ADDED"
    },
    {
      "path": "reference/monsters/Otyugh.md",
      "localStatus": "created",
      "remoteStatus": "ADDED"
    },
    {
      "path": "reference/monsters/Owlbear.md",
      "localStatus": "created",
      "remoteStatus": "ADDED"
    },
    {
      "path": "reference/monsters/Pegasus.md",
      "localStatus": "created",
      "remoteStatus": "ADDED"
    },
    {
      "path": "reference/monsters/Pseudodragon.md",
      "localStatus": "created",
      "remoteStatus": "ADDED"
    },
    {
      "path": "reference/monsters/Purple Worm.md",
      "localStatus": "created",
      "remoteStatus": "ADDED"
    },
    {
      "path": "reference/monsters/Rakshasa.md",
      "localStatus": "created",
      "remoteStatus": "ADDED"
    },
    {
      "path": "reference/monsters/Remorhaz.md",
      "localStatus": "created",
      "remoteStatus": "ADDED"
    },
    {
      "path": "reference/monsters/Roc.md",
      "localStatus": "created",
      "remoteStatus": "ADDED"
    },
    {
      "path": "reference/monsters/Roper.md",
      "localStatus": "created",
      "remoteStatus": "ADDED"
    },
    {
      "path": "reference/monsters/Rust Monster.md",
      "localStatus": "created",
      "remoteStatus": "ADDED"
    },
    {
      "path": "reference/monsters/Sahuagin.md",
      "localStatus": "created",
      "remoteStatus": "ADDED"
    },
    {
      "path": "reference/monsters/Salamander.md",
      "localStatus": "created",
      "remoteStatus": "ADDED"
    },
    {
      "path": "reference/monsters/Satyr.md",
      "localStatus": "created",
      "remoteStatus": "ADDED"
    },
    {
      "path": "reference/monsters/Shadow.md",
      "localStatus": "created",
      "remoteStatus": "ADDED"
    },
    {
      "path": "reference/monsters/Shambling Mound.md",
      "localStatus": "created",
      "remoteStatus": "ADDED"
    },
    {
      "path": "reference/monsters/Shield Guardian.md",
      "localStatus": "created",
      "remoteStatus": "ADDED"
    },
    {
      "path": "reference/monsters/Skeletons.md",
      "localStatus": "created",
      "remoteStatus": "ADDED"
    },
    {
      "path": "reference/monsters/Specter.md",
      "localStatus": "created",
      "remoteStatus": "ADDED"
    },
    {
      "path": "reference/monsters/Sphinxes.md",
      "localStatus": "created",
      "remoteStatus": "ADDED"
    },
    {
      "path": "reference/monsters/Sprite.md",
      "localStatus": "created",
      "remoteStatus": "ADDED"
    },
    {
      "path": "reference/monsters/Stirge.md",
      "localStatus": "created",
      "remoteStatus": "ADDED"
    },
    {
      "path": "reference/monsters/Succubus slash Incubus.md",
      "localStatus": "created",
      "remoteStatus": "ADDED"
    },
    {
      "path": "reference/monsters/Tarrasque.md",
      "localStatus": "created",
      "remoteStatus": "ADDED"
    },
    {
      "path": "reference/monsters/Treant.md",
      "localStatus": "created",
      "remoteStatus": "ADDED"
    },
    {
      "path": "reference/monsters/Troll.md",
      "localStatus": "created",
      "remoteStatus": "ADDED"
    },
    {
      "path": "reference/monsters/Unicorn.md",
      "localStatus": "created",
      "remoteStatus": "ADDED"
    },
    {
      "path": "reference/monsters/Vampires.md",
      "localStatus": "created",
      "remoteStatus": "ADDED"
    },
    {
      "path": "reference/monsters/Wight.md",
      "localStatus": "created",
      "remoteStatus": "ADDED"
    },
    {
      "path": "reference/monsters/Will-o-Wisp.md",
      "localStatus": "created",
      "remoteStatus": "ADDED"
    },
    {
      "path": "reference/monsters/Wraith.md",
      "localStatus": "created",
      "remoteStatus": "ADDED"
    },
    {
      "path": "reference/monsters/Wyvern.md",
      "localStatus": "created",
      "remoteStatus": "ADDED"
    },
    {
      "path": "reference/monsters/Xorn.md",
      "localStatus": "created",
      "remoteStatus": "ADDED"
    },
    {
      "path": "reference/monsters/Zombies.md",
      "localStatus": "created",
      "remoteStatus": "ADDED"
    },
    {
      "path": "reference/npcs/Acolyte.md",
      "localStatus": "created",
      "remoteStatus": "ADDED"
    },
    {
      "path": "reference/npcs/Archmage.md",
      "localStatus": "created",
      "remoteStatus": "ADDED"
    },
    {
      "path": "reference/npcs/Assassin.md",
      "localStatus": "created",
      "remoteStatus": "ADDED"
    },
    {
      "path": "reference/npcs/Bandit Captain.md",
      "localStatus": "created",
      "remoteStatus": "ADDED"
    },
    {
      "path": "reference/npcs/Bandit.md",
      "localStatus": "created",
      "remoteStatus": "ADDED"
    },
    {
      "path": "reference/npcs/Berserker.md",
      "localStatus": "created",
      "remoteStatus": "ADDED"
    },
    {
      "path": "reference/npcs/Commoner.md",
      "localStatus": "created",
      "remoteStatus": "ADDED"
    },
    {
      "path": "reference/npcs/Cult Fanatic.md",
      "localStatus": "created",
      "remoteStatus": "ADDED"
    },
    {
      "path": "reference/npcs/Cultist.md",
      "localStatus": "created",
      "remoteStatus": "ADDED"
    },
    {
      "path": "reference/npcs/Druid (NPC).md",
      "localStatus": "created",
      "remoteStatus": "ADDED"
    },
    {
      "path": "reference/npcs/Gladiator.md",
      "localStatus": "created",
      "remoteStatus": "ADDED"
    },
    {
      "path": "reference/npcs/Guard.md",
      "localStatus": "created",
      "remoteStatus": "ADDED"
    },
    {
      "path": "reference/npcs/Knight.md",
      "localStatus": "created",
      "remoteStatus": "ADDED"
    },
    {
      "path": "reference/npcs/Mage.md",
      "localStatus": "created",
      "remoteStatus": "ADDED"
    },
    {
      "path": "reference/npcs/Noble.md",
      "localStatus": "created",
      "remoteStatus": "ADDED"
    },
    {
      "path": "reference/npcs/Priest.md",
      "localStatus": "created",
      "remoteStatus": "ADDED"
    },
    {
      "path": "reference/npcs/Scout.md",
      "localStatus": "created",
      "remoteStatus": "ADDED"
    },
    {
      "path": "reference/npcs/Spy.md",
      "localStatus": "created",
      "remoteStatus": "ADDED"
    },
    {
      "path": "reference/npcs/Thug.md",
      "localStatus": "created",
      "remoteStatus": "ADDED"
    },
    {
      "path": "reference/npcs/Tribal Warrior.md",
      "localStatus": "created",
      "remoteStatus": "ADDED"
    },
    {
      "path": "reference/npcs/Veteran.md",
      "localStatus": "created",
      "remoteStatus": "ADDED"
    },
    {
      "path": "reference/spells/Acid Arrow.md",
      "localStatus": "created",
      "remoteStatus": "ADDED"
    },
    {
      "path": "reference/spells/Acid Splash.md",
      "localStatus": "created",
      "remoteStatus": "ADDED"
    },
    {
      "path": "reference/spells/Aid.md",
      "localStatus": "created",
      "remoteStatus": "ADDED"
    },
    {
      "path": "reference/spells/Alarm.md",
      "localStatus": "created",
      "remoteStatus": "ADDED"
    },
    {
      "path": "reference/spells/Alter Self.md",
      "localStatus": "created",
      "remoteStatus": "ADDED"
    },
    {
      "path": "reference/spells/Animal Friendship.md",
      "localStatus": "created",
      "remoteStatus": "ADDED"
    },
    {
      "path": "reference/spells/Animal Messenger.md",
      "localStatus": "created",
      "remoteStatus": "ADDED"
    },
    {
      "path": "reference/spells/Animal Shapes.md",
      "localStatus": "created",
      "remoteStatus": "ADDED"
    },
    {
      "path": "reference/spells/Animate Dead.md",
      "localStatus": "created",
      "remoteStatus": "ADDED"
    },
    {
      "path": "reference/spells/Animate Objects.md",
      "localStatus": "created",
      "remoteStatus": "ADDED"
    },
    {
      "path": "reference/spells/Antilife Shell.md",
      "localStatus": "created",
      "remoteStatus": "ADDED"
    },
    {
      "path": "reference/spells/Antimagic Field.md",
      "localStatus": "created",
      "remoteStatus": "ADDED"
    },
    {
      "path": "reference/spells/Antipathy slash Sympathy.md",
      "localStatus": "created",
      "remoteStatus": "ADDED"
    },
    {
      "path": "reference/spells/Arcane Eye.md",
      "localStatus": "created",
      "remoteStatus": "ADDED"
    },
    {
      "path": "reference/spells/Arcane Hand.md",
      "localStatus": "created",
      "remoteStatus": "ADDED"
    },
    {
      "path": "reference/spells/Arcane Lock.md",
      "localStatus": "created",
      "remoteStatus": "ADDED"
    },
    {
      "path": "reference/spells/Arcane Sword.md",
      "localStatus": "created",
      "remoteStatus": "ADDED"
    },
    {
      "path": "reference/spells/Arcanists Magic Aura.md",
      "localStatus": "created",
      "remoteStatus": "ADDED"
    },
    {
      "path": "reference/spells/Astral Projection.md",
      "localStatus": "created",
      "remoteStatus": "ADDED"
    },
    {
      "path": "reference/spells/Augury.md",
      "localStatus": "created",
      "remoteStatus": "ADDED"
    },
    {
      "path": "reference/spells/Awaken.md",
      "localStatus": "created",
      "remoteStatus": "ADDED"
    },
    {
      "path": "reference/spells/Bane.md",
      "localStatus": "created",
      "remoteStatus": "ADDED"
    },
    {
      "path": "reference/spells/Banishment.md",
      "localStatus": "created",
      "remoteStatus": "ADDED"
    },
    {
      "path": "reference/spells/Barkskin.md",
      "localStatus": "created",
      "remoteStatus": "ADDED"
    },
    {
      "path": "reference/spells/Beacon of Hope.md",
      "localStatus": "created",
      "remoteStatus": "ADDED"
    },
    {
      "path": "reference/spells/Bestow Curse.md",
      "localStatus": "created",
      "remoteStatus": "ADDED"
    },
    {
      "path": "reference/spells/Bigby's Hand.md",
      "localStatus": "created",
      "remoteStatus": "ADDED"
    },
    {
      "path": "reference/spells/Black Tentacles.md",
      "localStatus": "created",
      "remoteStatus": "ADDED"
    },
    {
      "path": "reference/spells/Blade Barrier.md",
      "localStatus": "created",
      "remoteStatus": "ADDED"
    },
    {
      "path": "reference/spells/Bless.md",
      "localStatus": "created",
      "remoteStatus": "ADDED"
    },
    {
      "path": "reference/spells/Blight.md",
      "localStatus": "created",
      "remoteStatus": "ADDED"
    },
    {
      "path": "reference/spells/Blinding Smite.md",
      "localStatus": "created",
      "remoteStatus": "ADDED"
    },
    {
      "path": "reference/spells/Blindness slash Deafness.md",
      "localStatus": "created",
      "remoteStatus": "ADDED"
    },
    {
      "path": "reference/spells/Blink.md",
      "localStatus": "created",
      "remoteStatus": "ADDED"
    },
    {
      "path": "reference/spells/Blur.md",
      "localStatus": "created",
      "remoteStatus": "ADDED"
    },
    {
      "path": "reference/spells/Branding Smite.md",
      "localStatus": "created",
      "remoteStatus": "ADDED"
    },
    {
      "path": "reference/spells/Burning Hands.md",
      "localStatus": "created",
      "remoteStatus": "ADDED"
    },
    {
      "path": "reference/spells/Call Lightning.md",
      "localStatus": "created",
      "remoteStatus": "ADDED"
    },
    {
      "path": "reference/spells/Calm Emotions.md",
      "localStatus": "created",
      "remoteStatus": "ADDED"
    },
    {
      "path": "reference/spells/Chain Lightning.md",
      "localStatus": "created",
      "remoteStatus": "ADDED"
    },
    {
      "path": "reference/spells/Charm Person.md",
      "localStatus": "created",
      "remoteStatus": "ADDED"
    },
    {
      "path": "reference/spells/Chill Touch.md",
      "localStatus": "created",
      "remoteStatus": "ADDED"
    },
    {
      "path": "reference/spells/Circle of Death.md",
      "localStatus": "created",
      "remoteStatus": "ADDED"
    },
    {
      "path": "reference/spells/Clairvoyance.md",
      "localStatus": "created",
      "remoteStatus": "ADDED"
    },
    {
      "path": "reference/spells/Clone.md",
      "localStatus": "created",
      "remoteStatus": "ADDED"
    },
    {
      "path": "reference/spells/Cloudkill.md",
      "localStatus": "created",
      "remoteStatus": "ADDED"
    },
    {
      "path": "reference/spells/Color Spray.md",
      "localStatus": "created",
      "remoteStatus": "ADDED"
    },
    {
      "path": "reference/spells/Command.md",
      "localStatus": "created",
      "remoteStatus": "ADDED"
    },
    {
      "path": "reference/spells/Commune with Nature.md",
      "localStatus": "created",
      "remoteStatus": "ADDED"
    },
    {
      "path": "reference/spells/Commune.md",
      "localStatus": "created",
      "remoteStatus": "ADDED"
    },
    {
      "path": "reference/spells/Comprehend Languages.md",
      "localStatus": "created",
      "remoteStatus": "ADDED"
    },
    {
      "path": "reference/spells/Compulsion.md",
      "localStatus": "created",
      "remoteStatus": "ADDED"
    },
    {
      "path": "reference/spells/Cone of Cold.md",
      "localStatus": "created",
      "remoteStatus": "ADDED"
    },
    {
      "path": "reference/spells/Confusion.md",
      "localStatus": "created",
      "remoteStatus": "ADDED"
    },
    {
      "path": "reference/spells/Conjure Animals.md",
      "localStatus": "created",
      "remoteStatus": "ADDED"
    },
    {
      "path": "reference/spells/Conjure Celestial.md",
      "localStatus": "created",
      "remoteStatus": "ADDED"
    },
    {
      "path": "reference/spells/Conjure Elemental.md",
      "localStatus": "created",
      "remoteStatus": "ADDED"
    },
    {
      "path": "reference/spells/Conjure Fey.md",
      "localStatus": "created",
      "remoteStatus": "ADDED"
    },
    {
      "path": "reference/spells/Conjure Minor Elementals.md",
      "localStatus": "created",
      "remoteStatus": "ADDED"
    },
    {
      "path": "reference/spells/Conjure Woodland Beings.md",
      "localStatus": "created",
      "remoteStatus": "ADDED"
    },
    {
      "path": "reference/spells/Contact Other Plane.md",
      "localStatus": "created",
      "remoteStatus": "ADDED"
    },
    {
      "path": "reference/spells/Contagion.md",
      "localStatus": "created",
      "remoteStatus": "ADDED"
    },
    {
      "path": "reference/spells/Contingency.md",
      "localStatus": "created",
      "remoteStatus": "ADDED"
    },
    {
      "path": "reference/spells/Continual Flame.md",
      "localStatus": "created",
      "remoteStatus": "ADDED"
    },
    {
      "path": "reference/spells/Control Water.md",
      "localStatus": "created",
      "remoteStatus": "ADDED"
    },
    {
      "path": "reference/spells/Control Weather.md",
      "localStatus": "created",
      "remoteStatus": "ADDED"
    },
    {
      "path": "reference/spells/Counterspell.md",
      "localStatus": "created",
      "remoteStatus": "ADDED"
    },
    {
      "path": "reference/spells/Create Food and Water.md",
      "localStatus": "created",
      "remoteStatus": "ADDED"
    },
    {
      "path": "reference/spells/Create Undead.md",
      "localStatus": "created",
      "remoteStatus": "ADDED"
    },
    {
      "path": "reference/spells/Create or Destroy Water.md",
      "localStatus": "created",
      "remoteStatus": "ADDED"
    },
    {
      "path": "reference/spells/Creation.md",
      "localStatus": "created",
      "remoteStatus": "ADDED"
    },
    {
      "path": "reference/spells/Crown of Madness.md",
      "localStatus": "created",
      "remoteStatus": "ADDED"
    },
    {
      "path": "reference/spells/Cure Wounds.md",
      "localStatus": "created",
      "remoteStatus": "ADDED"
    },
    {
      "path": "reference/spells/Dancing Lights.md",
      "localStatus": "created",
      "remoteStatus": "ADDED"
    },
    {
      "path": "reference/spells/Darkness.md",
      "localStatus": "created",
      "remoteStatus": "ADDED"
    },
    {
      "path": "reference/spells/Darkvision.md",
      "localStatus": "created",
      "remoteStatus": "ADDED"
    },
    {
      "path": "reference/spells/Daylight.md",
      "localStatus": "created",
      "remoteStatus": "ADDED"
    },
    {
      "path": "reference/spells/Death Ward.md",
      "localStatus": "created",
      "remoteStatus": "ADDED"
    },
    {
      "path": "reference/spells/Delayed Blast Fireball.md",
      "localStatus": "created",
      "remoteStatus": "ADDED"
    },
    {
      "path": "reference/spells/Demiplane.md",
      "localStatus": "created",
      "remoteStatus": "ADDED"
    },
    {
      "path": "reference/spells/Detect Evil and Good.md",
      "localStatus": "created",
      "remoteStatus": "ADDED"
    },
    {
      "path": "reference/spells/Detect Magic.md",
      "localStatus": "created",
      "remoteStatus": "ADDED"
    },
    {
      "path": "reference/spells/Detect Poison and Disease.md",
      "localStatus": "created",
      "remoteStatus": "ADDED"
    },
    {
      "path": "reference/spells/Detect Thoughts.md",
      "localStatus": "created",
      "remoteStatus": "ADDED"
    },
    {
      "path": "reference/spells/Dimension Door.md",
      "localStatus": "created",
      "remoteStatus": "ADDED"
    },
    {
      "path": "reference/spells/Disguise Self.md",
      "localStatus": "created",
      "remoteStatus": "ADDED"
    },
    {
      "path": "reference/spells/Disintegrate.md",
      "localStatus": "created",
      "remoteStatus": "ADDED"
    },
    {
      "path": "reference/spells/Dispel Evil and Good.md",
      "localStatus": "created",
      "remoteStatus": "ADDED"
    },
    {
      "path": "reference/spells/Dispel Magic.md",
      "localStatus": "created",
      "remoteStatus": "ADDED"
    },
    {
      "path": "reference/spells/Divination.md",
      "localStatus": "created",
      "remoteStatus": "ADDED"
    },
    {
      "path": "reference/spells/Divine Favor.md",
      "localStatus": "created",
      "remoteStatus": "ADDED"
    },
    {
      "path": "reference/spells/Divine Word.md",
      "localStatus": "created",
      "remoteStatus": "ADDED"
    },
    {
      "path": "reference/spells/Dominate Beast.md",
      "localStatus": "created",
      "remoteStatus": "ADDED"
    },
    {
      "path": "reference/spells/Dominate Monster.md",
      "localStatus": "created",
      "remoteStatus": "ADDED"
    },
    {
      "path": "reference/spells/Dominate Person.md",
      "localStatus": "created",
      "remoteStatus": "ADDED"
    },
    {
      "path": "reference/spells/Dream.md",
      "localStatus": "created",
      "remoteStatus": "ADDED"
    },
    {
      "path": "reference/spells/Druidcraft.md",
      "localStatus": "created",
      "remoteStatus": "ADDED"
    },
    {
      "path": "reference/spells/Earth Tremor.md",
      "localStatus": "created",
      "remoteStatus": "ADDED"
    },
    {
      "path": "reference/spells/Earthquake.md",
      "localStatus": "created",
      "remoteStatus": "ADDED"
    },
    {
      "path": "reference/spells/Eldritch Blast.md",
      "localStatus": "created",
      "remoteStatus": "ADDED"
    },
    {
      "path": "reference/spells/Enhance Ability.md",
      "localStatus": "created",
      "remoteStatus": "ADDED"
    },
    {
      "path": "reference/spells/Enlarge slash Reduce.md",
      "localStatus": "created",
      "remoteStatus": "ADDED"
    },
    {
      "path": "reference/spells/Entangle.md",
      "localStatus": "created",
      "remoteStatus": "ADDED"
    },
    {
      "path": "reference/spells/Enthrall.md",
      "localStatus": "created",
      "remoteStatus": "ADDED"
    },
    {
      "path": "reference/spells/Etherealness.md",
      "localStatus": "created",
      "remoteStatus": "ADDED"
    },
    {
      "path": "reference/spells/Evard's Black Tentacles.md",
      "localStatus": "created",
      "remoteStatus": "ADDED"
    },
    {
      "path": "reference/spells/Expeditious Retreat.md",
      "localStatus": "created",
      "remoteStatus": "ADDED"
    },
    {
      "path": "reference/spells/Eyebite.md",
      "localStatus": "created",
      "remoteStatus": "ADDED"
    },
    {
      "path": "reference/spells/Fabricate.md",
      "localStatus": "created",
      "remoteStatus": "ADDED"
    },
    {
      "path": "reference/spells/Faerie Fire.md",
      "localStatus": "created",
      "remoteStatus": "ADDED"
    },
    {
      "path": "reference/spells/Faithful Hound.md",
      "localStatus": "created",
      "remoteStatus": "ADDED"
    },
    {
      "path": "reference/spells/False Life.md",
      "localStatus": "created",
      "remoteStatus": "ADDED"
    },
    {
      "path": "reference/spells/Fear.md",
      "localStatus": "created",
      "remoteStatus": "ADDED"
    },
    {
      "path": "reference/spells/Feather Fall.md",
      "localStatus": "created",
      "remoteStatus": "ADDED"
    },
    {
      "path": "reference/spells/Feeblemind.md",
      "localStatus": "created",
      "remoteStatus": "ADDED"
    },
    {
      "path": "reference/spells/Find Familiar.md",
      "localStatus": "created",
      "remoteStatus": "ADDED"
    },
    {
      "path": "reference/spells/Find Steed.md",
      "localStatus": "created",
      "remoteStatus": "ADDED"
    },
    {
      "path": "reference/spells/Find Traps.md",
      "localStatus": "created",
      "remoteStatus": "ADDED"
    },
    {
      "path": "reference/spells/Find the Path.md",
      "localStatus": "created",
      "remoteStatus": "ADDED"
    },
    {
      "path": "reference/spells/Finger of Death.md",
      "localStatus": "created",
      "remoteStatus": "ADDED"
    },
    {
      "path": "reference/spells/Fire Bolt.md",
      "localStatus": "created",
      "remoteStatus": "ADDED"
    },
    {
      "path": "reference/spells/Fire Shield.md",
      "localStatus": "created",
      "remoteStatus": "ADDED"
    },
    {
      "path": "reference/spells/Fire Storm.md",
      "localStatus": "created",
      "remoteStatus": "ADDED"
    },
    {
      "path": "reference/spells/Fireball.md",
      "localStatus": "created",
      "remoteStatus": "ADDED"
    },
    {
      "path": "reference/spells/Flame Blade.md",
      "localStatus": "created",
      "remoteStatus": "ADDED"
    },
    {
      "path": "reference/spells/Flame Strike.md",
      "localStatus": "created",
      "remoteStatus": "ADDED"
    },
    {
      "path": "reference/spells/Flaming Sphere.md",
      "localStatus": "created",
      "remoteStatus": "ADDED"
    },
    {
      "path": "reference/spells/Flesh to Stone.md",
      "localStatus": "created",
      "remoteStatus": "ADDED"
    },
    {
      "path": "reference/spells/Floating Disk.md",
      "localStatus": "created",
      "remoteStatus": "ADDED"
    },
    {
      "path": "reference/spells/Fly.md",
      "localStatus": "created",
      "remoteStatus": "ADDED"
    },
    {
      "path": "reference/spells/Fog Cloud.md",
      "localStatus": "created",
      "remoteStatus": "ADDED"
    },
    {
      "path": "reference/spells/Forbiddance.md",
      "localStatus": "created",
      "remoteStatus": "ADDED"
    },
    {
      "path": "reference/spells/Forcecage.md",
      "localStatus": "created",
      "remoteStatus": "ADDED"
    },
    {
      "path": "reference/spells/Foresight.md",
      "localStatus": "created",
      "remoteStatus": "ADDED"
    },
    {
      "path": "reference/spells/Freedom of Movement.md",
      "localStatus": "created",
      "remoteStatus": "ADDED"
    },
    {
      "path": "reference/spells/Freezing Sphere.md",
      "localStatus": "created",
      "remoteStatus": "ADDED"
    },
    {
      "path": "reference/spells/Gaseous Form.md",
      "localStatus": "created",
      "remoteStatus": "ADDED"
    },
    {
      "path": "reference/spells/Gate.md",
      "localStatus": "created",
      "remoteStatus": "ADDED"
    },
    {
      "path": "reference/spells/Geas.md",
      "localStatus": "created",
      "remoteStatus": "ADDED"
    },
    {
      "path": "reference/spells/Gentle Repose.md",
      "localStatus": "created",
      "remoteStatus": "ADDED"
    },
    {
      "path": "reference/spells/Giant Insect.md",
      "localStatus": "created",
      "remoteStatus": "ADDED"
    },
    {
      "path": "reference/spells/Glibness.md",
      "localStatus": "created",
      "remoteStatus": "ADDED"
    },
    {
      "path": "reference/spells/Globe of Invulnerability.md",
      "localStatus": "created",
      "remoteStatus": "ADDED"
    },
    {
      "path": "reference/spells/Glyph of Warding.md",
      "localStatus": "created",
      "remoteStatus": "ADDED"
    },
    {
      "path": "reference/spells/Goodberry.md",
      "localStatus": "created",
      "remoteStatus": "ADDED"
    },
    {
      "path": "reference/spells/Grease.md",
      "localStatus": "created",
      "remoteStatus": "ADDED"
    },
    {
      "path": "reference/spells/Greater Invisibility.md",
      "localStatus": "created",
      "remoteStatus": "ADDED"
    },
    {
      "path": "reference/spells/Greater Restoration.md",
      "localStatus": "created",
      "remoteStatus": "ADDED"
    },
    {
      "path": "reference/spells/Guards and Wards.md",
      "localStatus": "created",
      "remoteStatus": "ADDED"
    },
    {
      "path": "reference/spells/Guidance.md",
      "localStatus": "created",
      "remoteStatus": "ADDED"
    },
    {
      "path": "reference/spells/Guiding Bolt.md",
      "localStatus": "created",
      "remoteStatus": "ADDED"
    },
    {
      "path": "reference/spells/Gust of Wind.md",
      "localStatus": "created",
      "remoteStatus": "ADDED"
    },
    {
      "path": "reference/spells/Hallow.md",
      "localStatus": "created",
      "remoteStatus": "ADDED"
    },
    {
      "path": "reference/spells/Hallucinatory Terrain.md",
      "localStatus": "created",
      "remoteStatus": "ADDED"
    },
    {
      "path": "reference/spells/Harm.md",
      "localStatus": "created",
      "remoteStatus": "ADDED"
    },
    {
      "path": "reference/spells/Haste.md",
      "localStatus": "created",
      "remoteStatus": "ADDED"
    },
    {
      "path": "reference/spells/Heal.md",
      "localStatus": "created",
      "remoteStatus": "ADDED"
    },
    {
      "path": "reference/spells/Healing Word.md",
      "localStatus": "created",
      "remoteStatus": "ADDED"
    },
    {
      "path": "reference/spells/Heat Metal.md",
      "localStatus": "created",
      "remoteStatus": "ADDED"
    },
    {
      "path": "reference/spells/Hellish Rebuke.md",
      "localStatus": "created",
      "remoteStatus": "ADDED"
    },
    {
      "path": "reference/spells/Heroes Feast.md",
      "localStatus": "created",
      "remoteStatus": "ADDED"
    },
    {
      "path": "reference/spells/Heroism.md",
      "localStatus": "created",
      "remoteStatus": "ADDED"
    },
    {
      "path": "reference/spells/Hideous Laughter.md",
      "localStatus": "created",
      "remoteStatus": "ADDED"
    },
    {
      "path": "reference/spells/Hold Monster.md",
      "localStatus": "created",
      "remoteStatus": "ADDED"
    },
    {
      "path": "reference/spells/Hold Person.md",
      "localStatus": "created",
      "remoteStatus": "ADDED"
    },
    {
      "path": "reference/spells/Holy Aura.md",
      "localStatus": "created",
      "remoteStatus": "ADDED"
    },
    {
      "path": "reference/spells/Hunter’s Mark.md",
      "localStatus": "created",
      "remoteStatus": "ADDED"
    },
    {
      "path": "reference/spells/Hypnotic Pattern.md",
      "localStatus": "created",
      "remoteStatus": "ADDED"
    },
    {
      "path": "reference/spells/Ice Storm.md",
      "localStatus": "created",
      "remoteStatus": "ADDED"
    },
    {
      "path": "reference/spells/Identify.md",
      "localStatus": "created",
      "remoteStatus": "ADDED"
    },
    {
      "path": "reference/spells/Illusory Script.md",
      "localStatus": "created",
      "remoteStatus": "ADDED"
    },
    {
      "path": "reference/spells/Imprisonment.md",
      "localStatus": "created",
      "remoteStatus": "ADDED"
    },
    {
      "path": "reference/spells/Incendiary Cloud.md",
      "localStatus": "created",
      "remoteStatus": "ADDED"
    },
    {
      "path": "reference/spells/Infestation.md",
      "localStatus": "created",
      "remoteStatus": "ADDED"
    },
    {
      "path": "reference/spells/Inflict Wounds.md",
      "localStatus": "created",
      "remoteStatus": "ADDED"
    },
    {
      "path": "reference/spells/Insect Plague.md",
      "localStatus": "created",
      "remoteStatus": "ADDED"
    },
    {
      "path": "reference/spells/Instant Summons.md",
      "localStatus": "created",
      "remoteStatus": "ADDED"
    },
    {
      "path": "reference/spells/Invisibility.md",
      "localStatus": "created",
      "remoteStatus": "ADDED"
    },
    {
      "path": "reference/spells/Irresistible Dance.md",
      "localStatus": "created",
      "remoteStatus": "ADDED"
    },
    {
      "path": "reference/spells/Jump.md",
      "localStatus": "created",
      "remoteStatus": "ADDED"
    },
    {
      "path": "reference/spells/Knock.md",
      "localStatus": "created",
      "remoteStatus": "ADDED"
    },
    {
      "path": "reference/spells/Legend Lore.md",
      "localStatus": "created",
      "remoteStatus": "ADDED"
    },
    {
      "path": "reference/spells/Lesser Restoration.md",
      "localStatus": "created",
      "remoteStatus": "ADDED"
    },
    {
      "path": "reference/spells/Levitate.md",
      "localStatus": "created",
      "remoteStatus": "ADDED"
    },
    {
      "path": "reference/spells/Light.md",
      "localStatus": "created",
      "remoteStatus": "ADDED"
    },
    {
      "path": "reference/spells/Lightning Bolt.md",
      "localStatus": "created",
      "remoteStatus": "ADDED"
    },
    {
      "path": "reference/spells/Locate Animals or Plants.md",
      "localStatus": "created",
      "remoteStatus": "ADDED"
    },
    {
      "path": "reference/spells/Locate Creature.md",
      "localStatus": "created",
      "remoteStatus": "ADDED"
    },
    {
      "path": "reference/spells/Locate Object.md",
      "localStatus": "created",
      "remoteStatus": "ADDED"
    },
    {
      "path": "reference/spells/Longstrider.md",
      "localStatus": "created",
      "remoteStatus": "ADDED"
    },
    {
      "path": "reference/spells/Mage Armor.md",
      "localStatus": "created",
      "remoteStatus": "ADDED"
    },
    {
      "path": "reference/spells/Mage Hand.md",
      "localStatus": "created",
      "remoteStatus": "ADDED"
    },
    {
      "path": "reference/spells/Magic Circle.md",
      "localStatus": "created",
      "remoteStatus": "ADDED"
    },
    {
      "path": "reference/spells/Magic Jar.md",
      "localStatus": "created",
      "remoteStatus": "ADDED"
    },
    {
      "path": "reference/spells/Magic Missile.md",
      "localStatus": "created",
      "remoteStatus": "ADDED"
    },
    {
      "path": "reference/spells/Magic Mouth.md",
      "localStatus": "created",
      "remoteStatus": "ADDED"
    },
    {
      "path": "reference/spells/Magic Weapon.md",
      "localStatus": "created",
      "remoteStatus": "ADDED"
    },
    {
      "path": "reference/spells/Magnificent Mansion.md",
      "localStatus": "created",
      "remoteStatus": "ADDED"
    },
    {
      "path": "reference/spells/Major Image.md",
      "localStatus": "created",
      "remoteStatus": "ADDED"
    },
    {
      "path": "reference/spells/Mass Cure Wounds.md",
      "localStatus": "created",
      "remoteStatus": "ADDED"
    },
    {
      "path": "reference/spells/Mass Heal.md",
      "localStatus": "created",
      "remoteStatus": "ADDED"
    },
    {
      "path": "reference/spells/Mass Healing Word.md",
      "localStatus": "created",
      "remoteStatus": "ADDED"
    },
    {
      "path": "reference/spells/Mass Suggestion.md",
      "localStatus": "created",
      "remoteStatus": "ADDED"
    },
    {
      "path": "reference/spells/Maximilian's Earthen Grasp.md",
      "localStatus": "created",
      "remoteStatus": "ADDED"
    },
    {
      "path": "reference/spells/Maze.md",
      "localStatus": "created",
      "remoteStatus": "ADDED"
    },
    {
      "path": "reference/spells/Meld into Stone.md",
      "localStatus": "created",
      "remoteStatus": "ADDED"
    },
    {
      "path": "reference/spells/Mending.md",
      "localStatus": "created",
      "remoteStatus": "ADDED"
    },
    {
      "path": "reference/spells/Message.md",
      "localStatus": "created",
      "remoteStatus": "ADDED"
    },
    {
      "path": "reference/spells/Meteor Swarm.md",
      "localStatus": "created",
      "remoteStatus": "ADDED"
    },
    {
      "path": "reference/spells/Mind Blank.md",
      "localStatus": "created",
      "remoteStatus": "ADDED"
    },
    {
      "path": "reference/spells/Minor Illusion.md",
      "localStatus": "created",
      "remoteStatus": "ADDED"
    },
    {
      "path": "reference/spells/Mirage Arcane.md",
      "localStatus": "created",
      "remoteStatus": "ADDED"
    },
    {
      "path": "reference/spells/Mirror Image.md",
      "localStatus": "created",
      "remoteStatus": "ADDED"
    },
    {
      "path": "reference/spells/Mislead.md",
      "localStatus": "created",
      "remoteStatus": "ADDED"
    },
    {
      "path": "reference/spells/Misty Step.md",
      "localStatus": "created",
      "remoteStatus": "ADDED"
    },
    {
      "path": "reference/spells/Modify Memory.md",
      "localStatus": "created",
      "remoteStatus": "ADDED"
    },
    {
      "path": "reference/spells/Moonbeam.md",
      "localStatus": "created",
      "remoteStatus": "ADDED"
    },
    {
      "path": "reference/spells/Mordenkainen's Faithful Hound.md",
      "localStatus": "created",
      "remoteStatus": "ADDED"
    },
    {
      "path": "reference/spells/Mordenkainen's Magnificent Mansion.md",
      "localStatus": "created",
      "remoteStatus": "ADDED"
    },
    {
      "path": "reference/spells/Move Earth.md",
      "localStatus": "created",
      "remoteStatus": "ADDED"
    },
    {
      "path": "reference/spells/Nondetection.md",
      "localStatus": "created",
      "remoteStatus": "ADDED"
    },
    {
      "path": "reference/spells/Pass without Trace.md",
      "localStatus": "created",
      "remoteStatus": "ADDED"
    },
    {
      "path": "reference/spells/Passwall.md",
      "localStatus": "created",
      "remoteStatus": "ADDED"
    },
    {
      "path": "reference/spells/Phantasmal Killer.md",
      "localStatus": "created",
      "remoteStatus": "ADDED"
    },
    {
      "path": "reference/spells/Phantom Steed.md",
      "localStatus": "created",
      "remoteStatus": "ADDED"
    },
    {
      "path": "reference/spells/Planar Ally.md",
      "localStatus": "created",
      "remoteStatus": "ADDED"
    },
    {
      "path": "reference/spells/Planar Binding.md",
      "localStatus": "created",
      "remoteStatus": "ADDED"
    },
    {
      "path": "reference/spells/Plane Shift.md",
      "localStatus": "created",
      "remoteStatus": "ADDED"
    },
    {
      "path": "reference/spells/Plant Growth.md",
      "localStatus": "created",
      "remoteStatus": "ADDED"
    },
    {
      "path": "reference/spells/Poison Spray.md",
      "localStatus": "created",
      "remoteStatus": "ADDED"
    },
    {
      "path": "reference/spells/Polymorph.md",
      "localStatus": "created",
      "remoteStatus": "ADDED"
    },
    {
      "path": "reference/spells/Power Word Kill.md",
      "localStatus": "created",
      "remoteStatus": "ADDED"
    },
    {
      "path": "reference/spells/Power Word Stun.md",
      "localStatus": "created",
      "remoteStatus": "ADDED"
    },
    {
      "path": "reference/spells/Prayer of Healing.md",
      "localStatus": "created",
      "remoteStatus": "ADDED"
    },
    {
      "path": "reference/spells/Prestidigitation.md",
      "localStatus": "created",
      "remoteStatus": "ADDED"
    },
    {
      "path": "reference/spells/Prismatic Spray.md",
      "localStatus": "created",
      "remoteStatus": "ADDED"
    },
    {
      "path": "reference/spells/Prismatic Wall.md",
      "localStatus": "created",
      "remoteStatus": "ADDED"
    },
    {
      "path": "reference/spells/Private Sanctum.md",
      "localStatus": "created",
      "remoteStatus": "ADDED"
    },
    {
      "path": "reference/spells/Produce Flame.md",
      "localStatus": "created",
      "remoteStatus": "ADDED"
    },
    {
      "path": "reference/spells/Programmed Illusion.md",
      "localStatus": "created",
      "remoteStatus": "ADDED"
    },
    {
      "path": "reference/spells/Project Image.md",
      "localStatus": "created",
      "remoteStatus": "ADDED"
    },
    {
      "path": "reference/spells/Protection from Energy.md",
      "localStatus": "created",
      "remoteStatus": "ADDED"
    },
    {
      "path": "reference/spells/Protection from Evil and Good.md",
      "localStatus": "created",
      "remoteStatus": "ADDED"
    },
    {
      "path": "reference/spells/Protection from Poison.md",
      "localStatus": "created",
      "remoteStatus": "ADDED"
    },
    {
      "path": "reference/spells/Purify Food and Drink.md",
      "localStatus": "created",
      "remoteStatus": "ADDED"
    },
    {
      "path": "reference/spells/Raise Dead.md",
      "localStatus": "created",
      "remoteStatus": "ADDED"
    },
    {
      "path": "reference/spells/Ray of Enfeeblement.md",
      "localStatus": "created",
      "remoteStatus": "ADDED"
    },
    {
      "path": "reference/spells/Ray of Frost.md",
      "localStatus": "created",
      "remoteStatus": "ADDED"
    },
    {
      "path": "reference/spells/Ray of Sickness.md",
      "localStatus": "created",
      "remoteStatus": "ADDED"
    },
    {
      "path": "reference/spells/Regenerate.md",
      "localStatus": "created",
      "remoteStatus": "ADDED"
    },
    {
      "path": "reference/spells/Reincarnate.md",
      "localStatus": "created",
      "remoteStatus": "ADDED"
    },
    {
      "path": "reference/spells/Remove Curse.md",
      "localStatus": "created",
      "remoteStatus": "ADDED"
    },
    {
      "path": "reference/spells/Resilient Sphere.md",
      "localStatus": "created",
      "remoteStatus": "ADDED"
    },
    {
      "path": "reference/spells/Resistance.md",
      "localStatus": "created",
      "remoteStatus": "ADDED"
    },
    {
      "path": "reference/spells/Resurrection.md",
      "localStatus": "created",
      "remoteStatus": "ADDED"
    },
    {
      "path": "reference/spells/Reverse Gravity.md",
      "localStatus": "created",
      "remoteStatus": "ADDED"
    },
    {
      "path": "reference/spells/Revivify.md",
      "localStatus": "created",
      "remoteStatus": "ADDED"
    },
    {
      "path": "reference/spells/Rope Trick.md",
      "localStatus": "created",
      "remoteStatus": "ADDED"
    },
    {
      "path": "reference/spells/Sacred Flame.md",
      "localStatus": "created",
      "remoteStatus": "ADDED"
    },
    {
      "path": "reference/spells/Sanctuary.md",
      "localStatus": "created",
      "remoteStatus": "ADDED"
    },
    {
      "path": "reference/spells/Scorching Ray.md",
      "localStatus": "created",
      "remoteStatus": "ADDED"
    },
    {
      "path": "reference/spells/Scrying.md",
      "localStatus": "created",
      "remoteStatus": "ADDED"
    },
    {
      "path": "reference/spells/Secret Chest.md",
      "localStatus": "created",
      "remoteStatus": "ADDED"
    },
    {
      "path": "reference/spells/See Invisibility.md",
      "localStatus": "created",
      "remoteStatus": "ADDED"
    },
    {
      "path": "reference/spells/Seeming.md",
      "localStatus": "created",
      "remoteStatus": "ADDED"
    },
    {
      "path": "reference/spells/Sending.md",
      "localStatus": "created",
      "remoteStatus": "ADDED"
    },
    {
      "path": "reference/spells/Sequester.md",
      "localStatus": "created",
      "remoteStatus": "ADDED"
    },
    {
      "path": "reference/spells/Shapechange.md",
      "localStatus": "created",
      "remoteStatus": "ADDED"
    },
    {
      "path": "reference/spells/Shatter.md",
      "localStatus": "created",
      "remoteStatus": "ADDED"
    },
    {
      "path": "reference/spells/Shield of Faith.md",
      "localStatus": "created",
      "remoteStatus": "ADDED"
    },
    {
      "path": "reference/spells/Shield.md",
      "localStatus": "created",
      "remoteStatus": "ADDED"
    },
    {
      "path": "reference/spells/Shillelagh.md",
      "localStatus": "created",
      "remoteStatus": "ADDED"
    },
    {
      "path": "reference/spells/Shocking Grasp.md",
      "localStatus": "created",
      "remoteStatus": "ADDED"
    },
    {
      "path": "reference/spells/Silence.md",
      "localStatus": "created",
      "remoteStatus": "ADDED"
    },
    {
      "path": "reference/spells/Silent Image.md",
      "localStatus": "created",
      "remoteStatus": "ADDED"
    },
    {
      "path": "reference/spells/Simulacrum.md",
      "localStatus": "created",
      "remoteStatus": "ADDED"
    },
    {
      "path": "reference/spells/Sleep.md",
      "localStatus": "created",
      "remoteStatus": "ADDED"
    },
    {
      "path": "reference/spells/Sleet Storm.md",
      "localStatus": "created",
      "remoteStatus": "ADDED"
    },
    {
      "path": "reference/spells/Slow.md",
      "localStatus": "created",
      "remoteStatus": "ADDED"
    },
    {
      "path": "reference/spells/Spare the Dying.md",
      "localStatus": "created",
      "remoteStatus": "ADDED"
    },
    {
      "path": "reference/spells/Speak with Animals.md",
      "localStatus": "created",
      "remoteStatus": "ADDED"
    },
    {
      "path": "reference/spells/Speak with Dead.md",
      "localStatus": "created",
      "remoteStatus": "ADDED"
    },
    {
      "path": "reference/spells/Speak with Plants.md",
      "localStatus": "created",
      "remoteStatus": "ADDED"
    },
    {
      "path": "reference/spells/Spider Climb.md",
      "localStatus": "created",
      "remoteStatus": "ADDED"
    },
    {
      "path": "reference/spells/Spike Growth.md",
      "localStatus": "created",
      "remoteStatus": "ADDED"
    },
    {
      "path": "reference/spells/Spirit Guardians.md",
      "localStatus": "created",
      "remoteStatus": "ADDED"
    },
    {
      "path": "reference/spells/Spiritual Weapon.md",
      "localStatus": "created",
      "remoteStatus": "ADDED"
    },
    {
      "path": "reference/spells/Staggering Smite.md",
      "localStatus": "created",
      "remoteStatus": "ADDED"
    },
    {
      "path": "reference/spells/Stinking Cloud.md",
      "localStatus": "created",
      "remoteStatus": "ADDED"
    },
    {
      "path": "reference/spells/Stone Shape.md",
      "localStatus": "created",
      "remoteStatus": "ADDED"
    },
    {
      "path": "reference/spells/Stoneskin.md",
      "localStatus": "created",
      "remoteStatus": "ADDED"
    },
    {
      "path": "reference/spells/Storm of Vengeance.md",
      "localStatus": "created",
      "remoteStatus": "ADDED"
    },
    {
      "path": "reference/spells/Suggestion.md",
      "localStatus": "created",
      "remoteStatus": "ADDED"
    },
    {
      "path": "reference/spells/Sunbeam.md",
      "localStatus": "created",
      "remoteStatus": "ADDED"
    },
    {
      "path": "reference/spells/Sunburst.md",
      "localStatus": "created",
      "remoteStatus": "ADDED"
    },
    {
      "path": "reference/spells/Symbol.md",
      "localStatus": "created",
      "remoteStatus": "ADDED"
    },
    {
      "path": "reference/spells/Telekinesis.md",
      "localStatus": "created",
      "remoteStatus": "ADDED"
    },
    {
      "path": "reference/spells/Telepathic Bond.md",
      "localStatus": "created",
      "remoteStatus": "ADDED"
    },
    {
      "path": "reference/spells/Teleport.md",
      "localStatus": "created",
      "remoteStatus": "ADDED"
    },
    {
      "path": "reference/spells/Teleportation Circle.md",
      "localStatus": "created",
      "remoteStatus": "ADDED"
    },
    {
      "path": "reference/spells/Tenser's Floating Disk.md",
      "localStatus": "created",
      "remoteStatus": "ADDED"
    },
    {
      "path": "reference/spells/Thaumaturgy.md",
      "localStatus": "created",
      "remoteStatus": "ADDED"
    },
    {
      "path": "reference/spells/Thorn Whip.md",
      "localStatus": "created",
      "remoteStatus": "ADDED"
    },
    {
      "path": "reference/spells/Thunderous Smite.md",
      "localStatus": "created",
      "remoteStatus": "ADDED"
    },
    {
      "path": "reference/spells/Thunderwave.md",
      "localStatus": "created",
      "remoteStatus": "ADDED"
    },
    {
      "path": "reference/spells/Time Stop.md",
      "localStatus": "created",
      "remoteStatus": "ADDED"
    },
    {
      "path": "reference/spells/Tiny Hut.md",
      "localStatus": "created",
      "remoteStatus": "ADDED"
    },
    {
      "path": "reference/spells/Tongues.md",
      "localStatus": "created",
      "remoteStatus": "ADDED"
    },
    {
      "path": "reference/spells/Transport via Plants.md",
      "localStatus": "created",
      "remoteStatus": "ADDED"
    },
    {
      "path": "reference/spells/Tree Stride.md",
      "localStatus": "created",
      "remoteStatus": "ADDED"
    },
    {
      "path": "reference/spells/True Polymorph.md",
      "localStatus": "created",
      "remoteStatus": "ADDED"
    },
    {
      "path": "reference/spells/True Resurrection.md",
      "localStatus": "created",
      "remoteStatus": "ADDED"
    },
    {
      "path": "reference/spells/True Seeing.md",
      "localStatus": "created",
      "remoteStatus": "ADDED"
    },
    {
      "path": "reference/spells/True Strike.md",
      "localStatus": "created",
      "remoteStatus": "ADDED"
    },
    {
      "path": "reference/spells/Unseen Servant.md",
      "localStatus": "created",
      "remoteStatus": "ADDED"
    },
    {
      "path": "reference/spells/Vampiric Touch.md",
      "localStatus": "created",
      "remoteStatus": "ADDED"
    },
    {
      "path": "reference/spells/Vicious Mockery.md",
      "localStatus": "created",
      "remoteStatus": "ADDED"
    },
    {
      "path": "reference/spells/Wall of Fire.md",
      "localStatus": "created",
      "remoteStatus": "ADDED"
    },
    {
      "path": "reference/spells/Wall of Force.md",
      "localStatus": "created",
      "remoteStatus": "ADDED"
    },
    {
      "path": "reference/spells/Wall of Ice.md",
      "localStatus": "created",
      "remoteStatus": "ADDED"
    },
    {
      "path": "reference/spells/Wall of Stone.md",
      "localStatus": "created",
      "remoteStatus": "ADDED"
    },
    {
      "path": "reference/spells/Wall of Thorns.md",
      "localStatus": "created",
      "remoteStatus": "ADDED"
    },
    {
      "path": "reference/spells/Warding Bond.md",
      "localStatus": "created",
      "remoteStatus": "ADDED"
    },
    {
      "path": "reference/spells/Water Breathing.md",
      "localStatus": "created",
      "remoteStatus": "ADDED"
    },
    {
      "path": "reference/spells/Water Walk.md",
      "localStatus": "created",
      "remoteStatus": "ADDED"
    },
    {
      "path": "reference/spells/Web.md",
      "localStatus": "created",
      "remoteStatus": "ADDED"
    },
    {
      "path": "reference/spells/Weird.md",
      "localStatus": "created",
      "remoteStatus": "ADDED"
    },
    {
      "path": "reference/spells/Wind Walk.md",
      "localStatus": "created",
      "remoteStatus": "ADDED"
    },
    {
      "path": "reference/spells/Wind Wall.md",
      "localStatus": "created",
      "remoteStatus": "ADDED"
    },
    {
      "path": "reference/spells/Wish.md",
      "localStatus": "created",
      "remoteStatus": "ADDED"
    },
    {
      "path": "reference/spells/Witch Bolt.md",
      "localStatus": "created",
      "remoteStatus": "ADDED"
    },
    {
      "path": "reference/spells/Word of Recall.md",
      "localStatus": "created",
      "remoteStatus": "ADDED"
    },
    {
      "path": "reference/spells/Zone of Truth.md",
      "localStatus": "created",
      "remoteStatus": "ADDED"
    }
  ]
}
[2026-05-25T12:13:20.513Z] [FitSync] Resolving conflicts: {
  "clashCount": 1867,
  "clashes": [
    {
      "path": ".DS_Store",
      "local": "untracked",
      "remote": "ADDED"
    },
    {
      "path": ".gitignore",
      "local": "untracked",
      "remote": "ADDED"
    },
    {
      "path": ".obsidian/.DS_Store",
      "local": "untracked",
      "remote": "ADDED"
    },
    {
      "path": ".obsidian/app.json",
      "local": "untracked",
      "remote": "ADDED"
    },
    {
      "path": ".obsidian/appearance.json",
      "local": "untracked",
      "remote": "ADDED"
    },
    {
      "path": ".obsidian/community-plugins.json",
      "local": "untracked",
      "remote": "ADDED"
    },
    {
      "path": ".obsidian/core-plugins-migration.json",
      "local": "untracked",
      "remote": "ADDED"
    },
    {
      "path": ".obsidian/core-plugins.json",
      "local": "untracked",
      "remote": "ADDED"
    },
    {
      "path": ".obsidian/daily-notes.json",
      "local": "untracked",
      "remote": "ADDED"
    },
    {
      "path": ".obsidian/data.json",
      "local": "untracked",
      "remote": "ADDED"
    },
    {
      "path": ".obsidian/dataview-back/data.json",
      "local": "untracked",
      "remote": "ADDED"
    },
    {
      "path": ".obsidian/dataview-back/main.js",
      "local": "untracked",
      "remote": "ADDED"
    },
    {
      "path": ".obsidian/dataview-back/manifest.json",
      "local": "untracked",
      "remote": "ADDED"
    },
    {
      "path": ".obsidian/dataview-back/styles.css",
      "local": "untracked",
      "remote": "ADDED"
    },
    {
      "path": ".obsidian/graph.json",
      "local": "untracked",
      "remote": "ADDED"
    },
    {
      "path": ".obsidian/hotkeys.json",
      "local": "untracked",
      "remote": "ADDED"
    },
    {
      "path": ".obsidian/page-preview.json",
      "local": "untracked",
      "remote": "ADDED"
    },
    {
      "path": ".obsidian/plugins/.DS_Store",
      "local": "untracked",
      "remote": "ADDED"
    },
    {
      "path": ".obsidian/plugins/calendarium/data.json",
      "local": "untracked",
      "remote": "ADDED"
    },
    {
      "path": ".obsidian/plugins/calendarium/main.js",
      "local": "untracked",
      "remote": "ADDED"
    },
    {
      "path": ".obsidian/plugins/calendarium/manifest.json",
      "local": "untracked",
      "remote": "ADDED"
    },
    {
      "path": ".obsidian/plugins/calendarium/styles.css",
      "local": "untracked",
      "remote": "ADDED"
    },
    {
      "path": ".obsidian/plugins/dataview/data.json",
      "local": "untracked",
      "remote": "ADDED"
    },
    {
      "path": ".obsidian/plugins/dataview/main.js",
      "local": "untracked",
      "remote": "ADDED"
    },
    {
      "path": ".obsidian/plugins/dataview/manifest.json",
      "local": "untracked",
      "remote": "ADDED"
    },
    {
      "path": ".obsidian/plugins/dataview/styles.css",
      "local": "untracked",
      "remote": "ADDED"
    },
    {
      "path": ".obsidian/plugins/fantasy-calendar/data.json",
      "local": "untracked",
      "remote": "ADDED"
    },
    {
      "path": ".obsidian/plugins/fantasy-calendar/main.js",
      "local": "untracked",
      "remote": "ADDED"
    },
    {
      "path": ".obsidian/plugins/fantasy-calendar/manifest.json",
      "local": "untracked",
      "remote": "ADDED"
    },
    {
      "path": ".obsidian/plugins/fantasy-calendar/styles.css",
      "local": "untracked",
      "remote": "ADDED"
    },
    {
      "path": ".obsidian/plugins/fantasy-statblocks/data.json",
      "local": "untracked",
      "remote": "ADDED"
    },
    {
      "path": ".obsidian/plugins/fantasy-statblocks/main.js",
      "local": "untracked",
      "remote": "ADDED"
    },
    {
      "path": ".obsidian/plugins/fantasy-statblocks/manifest.json",
      "local": "untracked",
      "remote": "ADDED"
    },
    {
      "path": ".obsidian/plugins/fantasy-statblocks/styles.css",
      "local": "untracked",
      "remote": "ADDED"
    },
    {
      "path": ".obsidian/plugins/fit/data.json",
      "local": "untracked",
      "remote": "ADDED"
    },
    {
      "path": ".obsidian/plugins/fit/debug.log",
      "local": "untracked",
      "remote": "ADDED"
    },
    {
      "path": ".obsidian/plugins/fit/main.js",
      "local": "untracked",
      "remote": "ADDED"
    },
    {
      "path": ".obsidian/plugins/fit/manifest.json",
      "local": "untracked",
      "remote": "ADDED"
    },
    {
      "path": ".obsidian/plugins/fit/styles.css",
      "local": "untracked",
      "remote": "ADDED"
    },
    {
      "path": ".obsidian/plugins/initiative-tracker/data.json",
      "local": "untracked",
      "remote": "ADDED"
    },
    {
      "path": ".obsidian/plugins/initiative-tracker/main.js",
      "local": "untracked",
      "remote": "ADDED"
    },
    {
      "path": ".obsidian/plugins/initiative-tracker/manifest.json",
      "local": "untracked",
      "remote": "ADDED"
    },
    {
      "path": ".obsidian/plugins/initiative-tracker/styles.css",
      "local": "untracked",
      "remote": "ADDED"
    },
    {
      "path": ".obsidian/plugins/media-extended/data.json",
      "local": "untracked",
      "remote": "ADDED"
    },
    {
      "path": ".obsidian/plugins/media-extended/main.js",
      "local": "untracked",
      "remote": "ADDED"
    },
    {
      "path": ".obsidian/plugins/media-extended/manifest.json",
      "local": "untracked",
      "remote": "ADDED"
    },
    {
      "path": ".obsidian/plugins/media-extended/styles.css",
      "local": "untracked",
      "remote": "ADDED"
    },
    {
      "path": ".obsidian/plugins/obsidian-5e-statblocks/data.json",
      "local": "untracked",
      "remote": "ADDED"
    },
    {
      "path": ".obsidian/plugins/obsidian-5e-statblocks/main.js",
      "local": "untracked",
      "remote": "ADDED"
    },
    {
      "path": ".obsidian/plugins/obsidian-5e-statblocks/manifest.json",
      "local": "untracked",
      "remote": "ADDED"
    },
    {
      "path": ".obsidian/plugins/obsidian-5e-statblocks/styles.css",
      "local": "untracked",
      "remote": "ADDED"
    },
    {
      "path": ".obsidian/plugins/obsidian-advanced-uri/data.json",
      "local": "untracked",
      "remote": "ADDED"
    },
    {
      "path": ".obsidian/plugins/obsidian-advanced-uri/main.js",
      "local": "untracked",
      "remote": "ADDED"
    },
    {
      "path": ".obsidian/plugins/obsidian-advanced-uri/manifest.json",
      "local": "untracked",
      "remote": "ADDED"
    },
    {
      "path": ".obsidian/plugins/obsidian-dice-roller/data.json",
      "local": "untracked",
      "remote": "ADDED"
    },
    {
      "path": ".obsidian/plugins/obsidian-dice-roller/main.js",
      "local": "untracked",
      "remote": "ADDED"
    },
    {
      "path": ".obsidian/plugins/obsidian-dice-roller/manifest.json",
      "local": "untracked",
      "remote": "ADDED"
    },
    {
      "path": ".obsidian/plugins/obsidian-dice-roller/styles.css",
      "local": "untracked",
      "remote": "ADDED"
    },
    {
      "path": ".obsidian/plugins/obsidian-enhancing-export/lua/citefilter.lua",
      "local": "untracked",
      "remote": "ADDED"
    },
    {
      "path": ".obsidian/plugins/obsidian-enhancing-export/lua/markdown+hugo.lua",
      "local": "untracked",
      "remote": "ADDED"
    },
    {
      "path": ".obsidian/plugins/obsidian-enhancing-export/lua/markdown.lua",
      "local": "untracked",
      "remote": "ADDED"
    },
    {
      "path": ".obsidian/plugins/obsidian-enhancing-export/lua/math_block.lua",
      "local": "untracked",
      "remote": "ADDED"
    },
    {
      "path": ".obsidian/plugins/obsidian-enhancing-export/lua/pdf.lua",
      "local": "untracked",
      "remote": "ADDED"
    },
    {
      "path": ".obsidian/plugins/obsidian-enhancing-export/lua/polyfill.lua",
      "local": "untracked",
      "remote": "ADDED"
    },
    {
      "path": ".obsidian/plugins/obsidian-enhancing-export/lua/url.lua",
      "local": "untracked",
      "remote": "ADDED"
    },
    {
      "path": ".obsidian/plugins/obsidian-enhancing-export/lua/utf8_filenames.lua",
      "local": "untracked",
      "remote": "ADDED"
    },
    {
      "path": ".obsidian/plugins/obsidian-enhancing-export/main.js",
      "local": "untracked",
      "remote": "ADDED"
    },
    {
      "path": ".obsidian/plugins/obsidian-enhancing-export/manifest.json",
      "local": "untracked",
      "remote": "ADDED"
    },
    {
      "path": ".obsidian/plugins/obsidian-enhancing-export/styles.css",
      "local": "untracked",
      "remote": "ADDED"
    },
    {
      "path": ".obsidian/plugins/obsidian-enhancing-export/textemplate/dissertation.tex",
      "local": "untracked",
      "remote": "ADDED"
    },
    {
      "path": ".obsidian/plugins/obsidian-enhancing-export/textemplate/neurips.sty",
      "local": "untracked",
      "remote": "ADDED"
    },
    {
      "path": ".obsidian/plugins/obsidian-enhancing-export/textemplate/neurips.tex",
      "local": "untracked",
      "remote": "ADDED"
    },
    {
      "path": ".obsidian/plugins/obsidian-git/data.json",
      "local": "untracked",
      "remote": "ADDED"
    },
    {
      "path": ".obsidian/plugins/obsidian-git/main.js",
      "local": "untracked",
      "remote": "ADDED"
    },
    {
      "path": ".obsidian/plugins/obsidian-git/manifest.json",
      "local": "untracked",
      "remote": "ADDED"
    },
    {
      "path": ".obsidian/plugins/obsidian-git/styles.css",
      "local": "untracked",
      "remote": "ADDED"
    },
    {
      "path": ".obsidian/plugins/obsidian-hotkeys-for-templates/data.json",
      "local": "untracked",
      "remote": "ADDED"
    },
    {
      "path": ".obsidian/plugins/obsidian-hotkeys-for-templates/main.js",
      "local": "untracked",
      "remote": "ADDED"
    },
    {
      "path": ".obsidian/plugins/obsidian-hotkeys-for-templates/manifest.json",
      "local": "untracked",
      "remote": "ADDED"
    },
    {
      "path": ".obsidian/plugins/obsidian-shellcommands/data-backup-version-0.18.0-before-upgrading-to-0.19.0.json",
      "local": "untracked",
      "remote": "ADDED"
    },
    {
      "path": ".obsidian/plugins/obsidian-shellcommands/data-backup-version-0.19.0-before-upgrading-to-0.20.0.json",
      "local": "untracked",
      "remote": "ADDED"
    },
    {
      "path": ".obsidian/plugins/obsidian-shellcommands/data-backup-version-0.20.0-before-upgrading-to-0.21.0.json",
      "local": "untracked",
      "remote": "ADDED"
    },
    {
      "path": ".obsidian/plugins/obsidian-shellcommands/data-backup-version-0.21.0-before-upgrading-to-0.22.0.json",
      "local": "untracked",
      "remote": "ADDED"
    },
    {
      "path": ".obsidian/plugins/obsidian-shellcommands/data.json",
      "local": "untracked",
      "remote": "ADDED"
    },
    {
      "path": ".obsidian/plugins/obsidian-shellcommands/main.js",
      "local": "untracked",
      "remote": "ADDED"
    },
    {
      "path": ".obsidian/plugins/obsidian-shellcommands/manifest.json",
      "local": "untracked",
      "remote": "ADDED"
    },
    {
      "path": ".obsidian/plugins/obsidian-shellcommands/styles.css",
      "local": "untracked",
      "remote": "ADDED"
    },
    {
      "path": ".obsidian/plugins/smart-connections/data.json",
      "local": "untracked",
      "remote": "ADDED"
    },
    {
      "path": ".obsidian/plugins/smart-connections/main.js",
      "local": "untracked",
      "remote": "ADDED"
    },
    {
      "path": ".obsidian/plugins/smart-connections/manifest.json",
      "local": "untracked",
      "remote": "ADDED"
    },
    {
      "path": ".obsidian/plugins/smart-connections/styles.css",
      "local": "untracked",
      "remote": "ADDED"
    },
    {
      "path": ".obsidian/plugins/templater-obsidian/data.json",
      "local": "untracked",
      "remote": "ADDED"
    },
    {
      "path": ".obsidian/plugins/templater-obsidian/main.js",
      "local": "untracked",
      "remote": "ADDED"
    },
    {
      "path": ".obsidian/plugins/templater-obsidian/manifest.json",
      "local": "untracked",
      "remote": "ADDED"
    },
    {
      "path": ".obsidian/plugins/templater-obsidian/styles.css",
      "local": "untracked",
      "remote": "ADDED"
    },
    {
      "path": ".obsidian/plugins/webpage-html-export/data.json",
      "local": "untracked",
      "remote": "ADDED"
    },
    {
      "path": ".obsidian/plugins/webpage-html-export/main.js",
      "local": "untracked",
      "remote": "ADDED"
    },
    {
      "path": ".obsidian/plugins/webpage-html-export/manifest.json",
      "local": "untracked",
      "remote": "ADDED"
    },
    {
      "path": ".obsidian/plugins/webpage-html-export/styles.css",
      "local": "untracked",
      "remote": "ADDED"
    },
    {
      "path": ".obsidian/templates.json",
      "local": "untracked",
      "remote": "ADDED"
    },
    {
      "path": ".obsidian/webpage-html-export-back/data.json",
      "local": "untracked",
      "remote": "ADDED"
    },
    {
      "path": ".obsidian/webpage-html-export-back/main.js",
      "local": "untracked",
      "remote": "ADDED"
    },
    {
      "path": ".obsidian/webpage-html-export-back/manifest.json",
      "local": "untracked",
      "remote": "ADDED"
    },
    {
      "path": ".obsidian/webpage-html-export-back/styles.css",
      "local": "untracked",
      "remote": "ADDED"
    },
    {
      "path": ".obsidian/workspace",
      "local": "untracked",
      "remote": "ADDED"
    },
    {
      "path": "Assets/.DS_Store",
      "local": "untracked",
      "remote": "ADDED"
    },
    {
      "path": "Assets/Images/.DS_Store",
      "local": "untracked",
      "remote": "ADDED"
    },
    {
      "path": "Assets/Images/Maps/.DS_Store",
      "local": "untracked",
      "remote": "ADDED"
    },
    {
      "path": "Assets/Images/Maps/Wolfrun/.DS_Store",
      "local": "untracked",
      "remote": "ADDED"
    },
    {
      "path": "Assets/Images/Maps/Wolfrun/Abbey of Saint Markovia/.DS_Store",
      "local": "untracked",
      "remote": "ADDED"
    },
    {
      "path": "Notes/Website/.DS_Store",
      "local": "untracked",
      "remote": "ADDED"
    },
    {
      "path": "Assets/Images/Items/Gulthias.webp",
      "local": "created",
      "remote": "ADDED"
    },
    {
      "path": "Assets/Images/Items/Icon of Ravenloft.png",
      "local": "created",
      "remote": "ADDED"
    },
    {
      "path": "Assets/Images/Items/Strahd's Invitation.jpg",
      "local": "created",
      "remote": "ADDED"
    },
    {
      "path": "Assets/Images/Items/Sunsword.png",
      "local": "created",
      "remote": "ADDED"
    },
    {
      "path": "Assets/Images/Items/Tome_of_Strahd.webp",
      "local": "created",
      "remote": "ADDED"
    },
    {
      "path": "Assets/Images/Items/adventurere-battleaxe.webp",
      "local": "created",
      "remote": "ADDED"
    },
    {
      "path": "Assets/Images/Items/bloodspear.webp",
      "local": "created",
      "remote": "ADDED"
    },
    {
      "path": "Assets/Images/Items/green-copper-ewer.webp",
      "local": "created",
      "remote": "ADDED"
    },
    {
      "path": "Assets/Images/Items/holy symbol of ravenkind.jpg",
      "local": "created",
      "remote": "ADDED"
    },
    {
      "path": "Assets/Images/Items/tome1.jpg",
      "local": "created",
      "remote": "ADDED"
    },
    {
      "path": "Assets/Images/Items/tome2.jpg",
      "local": "created",
      "remote": "ADDED"
    },
    {
      "path": "Assets/Images/Maps/01 - Old Svalich Road Encounter Day.webp",
      "local": "created",
      "remote": "ADDED"
    },
    {
      "path": "Assets/Images/Maps/Argynvostholt/DM Map - Argynvostholt 1.jpg",
      "local": "created",
      "remote": "ADDED"
    },
    {
      "path": "Assets/Images/Maps/Argynvostholt/DM Map - Argynvostholt 2.jpg",
      "local": "created",
      "remote": "ADDED"
    },
    {
      "path": "Assets/Images/Maps/Argynvostholt/Map - Argynvostholt 1.jpg",
      "local": "created",
      "remote": "ADDED"
    },
    {
      "path": "Assets/Images/Maps/Argynvostholt/Map - Argynvostholt 2.jpg",
      "local": "created",
      "remote": "ADDED"
    },
    {
      "path": "Assets/Images/Maps/Bogs of Berez/Berez Churchyard/01 - Berez - Churchyard.webp",
      "local": "created",
      "remote": "ADDED"
    },
    {
      "path": "Assets/Images/Maps/Bogs of Berez/Berez Churchyard/02 - Berez - Churchyard (Raising the Stakes Variant).webp",
      "local": "created",
      "remote": "ADDED"
    },
    {
      "path": "Assets/Images/Maps/Bogs of Berez/Berez Map.jpg",
      "local": "created",
      "remote": "ADDED"
    },
    {
      "path": "Assets/Images/Maps/Bogs of Berez/DM Berez Map.jpg",
      "local": "created",
      "remote": "ADDED"
    },
    {
      "path": "Assets/Images/Maps/Bogs of Berez/Marina's Monument/Marina's Monument.webp",
      "local": "created",
      "remote": "ADDED"
    },
    {
      "path": "Assets/Images/Maps/Bogs of Berez/Swamp Encounter/Swamp Encounter Day.webp",
      "local": "created",
      "remote": "ADDED"
    },
    {
      "path": "Assets/Images/Maps/Bogs of Berez/Swamp Fane/01 - The Swamp Fane (Base).webp",
      "local": "created",
      "remote": "ADDED"
    },
    {
      "path": "Assets/Images/Maps/Bogs of Berez/Swamp Fane/02 - The Swamp Fane (with Runes).webp",
      "local": "created",
      "remote": "ADDED"
    },
    {
      "path": "Assets/Images/Maps/Bogs of Berez/Swamp Fane/03 - The Swamp Fane (with Runes Activated).webp",
      "local": "created",
      "remote": "ADDED"
    },
    {
      "path": "Assets/Images/Maps/Bogs of Berez/Swamps Edge/Swamp_s Edge Day.webp",
      "local": "created",
      "remote": "ADDED"
    },
    {
      "path": "Assets/Images/Maps/Bogs of Berez/Swamps Edge/berez_water.jpg",
      "local": "created",
      "remote": "ADDED"
    },
    {
      "path": "Assets/Images/Maps/Bogs of Berez/creeping-hut-dm.webp",
      "local": "created",
      "remote": "ADDED"
    },
    {
      "path": "Assets/Images/Maps/Bogs of Berez/creeping-hut.webp",
      "local": "created",
      "remote": "ADDED"
    },
    {
      "path": "Assets/Images/Maps/Castle Ravenloft/Court of the Count/01 - Castle Ravenloft (1st Floor).webp",
      "local": "created",
      "remote": "ADDED"
    },
    {
      "path": "Assets/Images/Maps/Castle Ravenloft/Court of the Count/02 - Castle Ravenloft (1st Floor - No Lighting).webp",
      "local": "created",
      "remote": "ADDED"
    },
    {
      "path": "Assets/Images/Maps/Castle Ravenloft/Dungeons & Catacombs/01 - Castle Ravenloft Lower Dungeon.webp",
      "local": "created",
      "remote": "ADDED"
    },
    {
      "path": "Assets/Images/Maps/Castle Ravenloft/Dungeons & Catacombs/02 - Castle Ravenloft Lower Dungeon (No Lighting).webp",
      "local": "created",
      "remote": "ADDED"
    },
    {
      "path": "Assets/Images/Maps/Castle Ravenloft/Dungeons & Catacombs/03 - Castle Ravenloft Lower Dungeon (No Golems).webp",
      "local": "created",
      "remote": "ADDED"
    },
    {
      "path": "Assets/Images/Maps/Castle Ravenloft/Dungeons & Catacombs/04 - Castle Ravenloft Lower Dungeon (No Golems - No Lighting).webp",
      "local": "created",
      "remote": "ADDED"
    },
    {
      "path": "Assets/Images/Maps/Castle Ravenloft/Dungeons & Catacombs/05 - Castle Ravenloft Lower Dungeon (No Golems - No Items).webp",
      "local": "created",
      "remote": "ADDED"
    },
    {
      "path": "Assets/Images/Maps/Castle Ravenloft/Dungeons & Catacombs/06 - Castle Ravenloft Lower Dungeon (No Golems - No Items - No Lighting).webp",
      "local": "created",
      "remote": "ADDED"
    },
    {
      "path": "Assets/Images/Maps/Castle Ravenloft/Dungeons & Catacombs/07 - Castle Ravenloft Lower Dungeon (Crypts 14, 31, & 35).webp",
      "local": "created",
      "remote": "ADDED"
    },
    {
      "path": "Assets/Images/Maps/Castle Ravenloft/Larders of Ill Omen/01 - Castle Ravenloft (Upper Dungeon).webp",
      "local": "created",
      "remote": "ADDED"
    },
    {
      "path": "Assets/Images/Maps/Castle Ravenloft/Larders of Ill Omen/02 - Castle Ravenloft (Upper Dungeon - No Lighting).webp",
      "local": "created",
      "remote": "ADDED"
    },
    {
      "path": "Assets/Images/Maps/Castle Ravenloft/Larders of Ill Omen/03 - Castle Ravenloft (Upper Dungeon - Hall of Bones Overlay with Argynvost).webp",
      "local": "created",
      "remote": "ADDED"
    },
    {
      "path": "Assets/Images/Maps/Castle Ravenloft/Larders of Ill Omen/04 - Castle Ravenloft (Upper Dungeon - Hall of Bones Overlay with Argynvost - No Lighting).webp",
      "local": "created",
      "remote": "ADDED"
    },
    {
      "path": "Assets/Images/Maps/Castle Ravenloft/Larders of Ill Omen/05 - Castle Ravenloft (Upper Dungeon - Hall of Bones Overlay without Argynvost).webp",
      "local": "created",
      "remote": "ADDED"
    },
    {
      "path": "Assets/Images/Maps/Castle Ravenloft/Larders of Ill Omen/06 - Castle Ravenloft (Upper Dungeon - Hall of Bones Overlay without Argynvost - No Lighting).webp",
      "local": "created",
      "remote": "ADDED"
    },
    {
      "path": "Assets/Images/Maps/Castle Ravenloft/Main Floor/01 - Castle Ravenloft (Ground Floor).webp",
      "local": "created",
      "remote": "ADDED"
    },
    {
      "path": "Assets/Images/Maps/Castle Ravenloft/Main Floor/02 - Castle Ravenloft (Ground Floor - Original Table Placement).webp",
      "local": "created",
      "remote": "ADDED"
    },
    {
      "path": "Assets/Images/Maps/Castle Ravenloft/Main Floor/03 - Castle Ravenloft (Ground Floor - No Lighting).webp",
      "local": "created",
      "remote": "ADDED"
    },
    {
      "path": "Assets/Images/Maps/Castle Ravenloft/Main Floor/04 - Castle Ravenloft (Ground Floor - Original Table Placement, No Lighting).webp",
      "local": "created",
      "remote": "ADDED"
    },
    {
      "path": "Assets/Images/Maps/Castle Ravenloft/Spires of Ravenloft/01 - Castle Ravenloft (3rd Floor).webp",
      "local": "created",
      "remote": "ADDED"
    },
    {
      "path": "Assets/Images/Maps/Castle Ravenloft/Spires of Ravenloft/02 - Castle Ravenloft (3rd Floor - No Lighting).webp",
      "local": "created",
      "remote": "ADDED"
    },
    {
      "path": "Assets/Images/Maps/Castle Ravenloft/Spires of Ravenloft/03 - Castle Ravenloft (4th Floor).webp",
      "local": "created",
      "remote": "ADDED"
    },
    {
      "path": "Assets/Images/Maps/Castle Ravenloft/Spires of Ravenloft/04 - Castle Ravenloft (4th Floor - No Lighting).webp",
      "local": "created",
      "remote": "ADDED"
    },
    {
      "path": "Assets/Images/Maps/Castle Ravenloft/Spires of Ravenloft/05 - Castle Ravenloft (5th Floor - No Heart of Sorrow).webp",
      "local": "created",
      "remote": "ADDED"
    },
    {
      "path": "Assets/Images/Maps/Castle Ravenloft/Spires of Ravenloft/05 - Castle Ravenloft (5th Floor).webp",
      "local": "created",
      "remote": "ADDED"
    },
    {
      "path": "Assets/Images/Maps/Castle Ravenloft/Spires of Ravenloft/06 - Castle Ravenloft (5th Floor - No Heart of Sorrow - No Lighting).webp",
      "local": "created",
      "remote": "ADDED"
    },
    {
      "path": "Assets/Images/Maps/Castle Ravenloft/Spires of Ravenloft/06 - Castle Ravenloft (5th Floor - No Lighting).webp",
      "local": "created",
      "remote": "ADDED"
    },
    {
      "path": "Assets/Images/Maps/Castle Ravenloft/Spires of Ravenloft/07 - Castle Ravenloft (6th Floor).webp",
      "local": "created",
      "remote": "ADDED"
    },
    {
      "path": "Assets/Images/Maps/Castle Ravenloft/Spires of Ravenloft/08 - Castle Ravenloft (6th Floor - No Lighting).webp",
      "local": "created",
      "remote": "ADDED"
    },
    {
      "path": "Assets/Images/Maps/Castle Ravenloft/Spires of Ravenloft/09 - Castle Ravenloft (7th Floor).webp",
      "local": "created",
      "remote": "ADDED"
    },
    {
      "path": "Assets/Images/Maps/Castle Ravenloft/Spires of Ravenloft/10 - Castle Ravenloft (7th Floor - No Lighting).webp",
      "local": "created",
      "remote": "ADDED"
    },
    {
      "path": "Assets/Images/Maps/Castle Ravenloft/Spires of Ravenloft/11 - Castle Ravenloft (Roof).webp",
      "local": "created",
      "remote": "ADDED"
    },
    {
      "path": "Assets/Images/Maps/Castle Ravenloft/Spires of Ravenloft/12 - Castle Ravenloft (Roof - No Lighting).webp",
      "local": "created",
      "remote": "ADDED"
    },
    {
      "path": "Assets/Images/Maps/Druidic Groves/Wizard of Wines Winery/01 - Wizard of Wines Winery Day (Ground Floor).webp",
      "local": "created",
      "remote": "ADDED"
    },
    {
      "path": "Assets/Images/Maps/Druidic Groves/Wizard of Wines Winery/02 - Wizard of Wines Winery Day (1st Floor).webp",
      "local": "created",
      "remote": "ADDED"
    },
    {
      "path": "Assets/Images/Maps/Druidic Groves/Wizard of Wines Winery/03 - Wizard of Wines Winery Day (Roof).webp",
      "local": "created",
      "remote": "ADDED"
    },
    {
      "path": "Assets/Images/Maps/Druidic Groves/Wizard of Wines Winery/04 - Wizard of Wines Winery (Cellar).webp",
      "local": "created",
      "remote": "ADDED"
    },
    {
      "path": "Assets/Images/Maps/Druidic Groves/Wizard of Wines Winery/wizard of wines DM.jpg",
      "local": "created",
      "remote": "ADDED"
    },
    {
      "path": "Assets/Images/Maps/Druidic Groves/Wizard of Wines Winery/wizard of wines.jpg",
      "local": "created",
      "remote": "ADDED"
    },
    {
      "path": "Assets/Images/Maps/Druidic Groves/Yester Hill - Berserker Cairns/01 - Berserker_s Cairn Day.webp",
      "local": "created",
      "remote": "ADDED"
    },
    {
      "path": "Assets/Images/Maps/Druidic Groves/Yester Hill - Copse of the Gulthias Tree/01 - Copse of the Gulthias Tree Day (Ground).webp",
      "local": "created",
      "remote": "ADDED"
    },
    {
      "path": "Assets/Images/Maps/Druidic Groves/Yester Hill - Copse of the Gulthias Tree/02 - Copse of the Gulthias Tree (Mountain Fane).webp",
      "local": "created",
      "remote": "ADDED"
    },
    {
      "path": "Assets/Images/Maps/Druidic Groves/Yester Hill - Druid's Circle/01 - Druid_s Circle Day.webp",
      "local": "created",
      "remote": "ADDED"
    },
    {
      "path": "Assets/Images/Maps/Druidic Groves/Yester Hill.jpg",
      "local": "created",
      "remote": "ADDED"
    },
    {
      "path": "Assets/Images/Maps/Druidic Groves/YesterHill-DM.jpg",
      "local": "created",
      "remote": "ADDED"
    },
    {
      "path": "Assets/Images/Maps/Forest Fane/01 -The Forest Fane Day (Megaliths).webp",
      "local": "created",
      "remote": "ADDED"
    },
    {
      "path": "Assets/Images/Maps/Forest Fane/02 - The Forest Fane Day (Shrine).webp",
      "local": "created",
      "remote": "ADDED"
    },
    {
      "path": "Assets/Images/Maps/Mound Ghakis/Amber Temple/01 - The Amber Temple (Upper Level - with Illusion).webp",
      "local": "created",
      "remote": "ADDED"
    },
    {
      "path": "Assets/Images/Maps/Mound Ghakis/Amber Temple/02 - The Amber Temple (Upper Level - without Illusion).webp",
      "local": "created",
      "remote": "ADDED"
    },
    {
      "path": "Assets/Images/Maps/Mound Ghakis/Amber Temple/03 - The Amber Temple (Lower Level).webp",
      "local": "created",
      "remote": "ADDED"
    },
    {
      "path": "Assets/Images/Maps/Mound Ghakis/Amber Temple/Amber Temple Lower.jpg",
      "local": "created",
      "remote": "ADDED"
    },
    {
      "path": "Assets/Images/Maps/Mound Ghakis/Amber Temple/Amber Temple Upper.jpg",
      "local": "created",
      "remote": "ADDED"
    },
    {
      "path": "Assets/Images/Maps/Mound Ghakis/Amber Temple/DM Map - Amber Temple Lower.jpg",
      "local": "created",
      "remote": "ADDED"
    },
    {
      "path": "Assets/Images/Maps/Mound Ghakis/Amber Temple/DM Map - Amber Temple Upper.jpg",
      "local": "created",
      "remote": "ADDED"
    },
    {
      "path": "Assets/Images/Maps/Mound Ghakis/DM Map - Tsolenka Pass.jpg",
      "local": "created",
      "remote": "ADDED"
    },
    {
      "path": "Assets/Images/Maps/Mound Ghakis/Map - Tsolenka Pass.jpg",
      "local": "created",
      "remote": "ADDED"
    },
    {
      "path": "Assets/Images/Maps/Mound Ghakis/Tsolenka Pass Bridge/01 - Tsolenka Pass Bridge (Ground).webp",
      "local": "created",
      "remote": "ADDED"
    },
    {
      "path": "Assets/Images/Maps/Mound Ghakis/Tsolenka Pass Bridge/02 - Tsolenka Pass Bridge (Arches).webp",
      "local": "created",
      "remote": "ADDED"
    },
    {
      "path": "Assets/Images/Maps/Mound Ghakis/Tsolenka Pass Gate/01 - Tsolenka Pass Gate (Ground with Fire).webp",
      "local": "created",
      "remote": "ADDED"
    },
    {
      "path": "Assets/Images/Maps/Mound Ghakis/Tsolenka Pass Gate/02 - Tsolenka Pass Gate (Ground without Fire).webp",
      "local": "created",
      "remote": "ADDED"
    },
    {
      "path": "Assets/Images/Maps/Mound Ghakis/Tsolenka Pass Gate/03 - Tsolenka Pass Gate (1st Floor with Fire & Vrocks).webp",
      "local": "created",
      "remote": "ADDED"
    },
    {
      "path": "Assets/Images/Maps/Mound Ghakis/Tsolenka Pass Gate/04 - Tsolenka Pass Gate (1st Floor with Fire, without Vrocks).webp",
      "local": "created",
      "remote": "ADDED"
    },
    {
      "path": "Assets/Images/Maps/Mound Ghakis/Tsolenka Pass Gate/05 - Tsolenka Pass Gate (1st Floor without Fire, with Vrocks).webp",
      "local": "created",
      "remote": "ADDED"
    },
    {
      "path": "Assets/Images/Maps/Mound Ghakis/Tsolenka Pass Gate/06 - Tsolenka Pass Gate (1st Floor without Fire & Vrocks).webp",
      "local": "created",
      "remote": "ADDED"
    },
    {
      "path": "Assets/Images/Maps/Mound Ghakis/Tsolenka Pass Gate/07 - Tsolenka Pass Gate (Roof with Fire & Vrocks).webp",
      "local": "created",
      "remote": "ADDED"
    },
    {
      "path": "Assets/Images/Maps/Mound Ghakis/Tsolenka Pass Gate/08 - Tsolenka Pass Gate (Roof with Fire, without Vrocks).webp",
      "local": "created",
      "remote": "ADDED"
    },
    {
      "path": "Assets/Images/Maps/Mound Ghakis/Tsolenka Pass Gate/09 - Tsolenka Pass Gate (Roof without Fire, with Vrocks).webp",
      "local": "created",
      "remote": "ADDED"
    },
    {
      "path": "Assets/Images/Maps/Mound Ghakis/Tsolenka Pass Gate/10 - Tsolenka Pass Gate (Roof without Fire & Vrocks).webp",
      "local": "created",
      "remote": "ADDED"
    },
    {
      "path": "Assets/Images/Maps/Revenloft Moors/Old Bonegrinder/01 - Old Bonegrinder Day (Ground Floor).webp",
      "local": "created",
      "remote": "ADDED"
    },
    {
      "path": "Assets/Images/Maps/Revenloft Moors/Old Bonegrinder/02 - Old Bonegrinder Day Alt (Ground Floor - Clean).webp",
      "local": "created",
      "remote": "ADDED"
    },
    {
      "path": "Assets/Images/Maps/Revenloft Moors/Old Bonegrinder/03 - Old Bonegrinder Day (1st Floor).webp",
      "local": "created",
      "remote": "ADDED"
    },
    {
      "path": "Assets/Images/Maps/Revenloft Moors/Old Bonegrinder/04 - Old Bonegrinder Day (2nd Floor).webp",
      "local": "created",
      "remote": "ADDED"
    },
    {
      "path": "Assets/Images/Maps/Revenloft Moors/Old Bonegrinder/05 - Old Bonegrinder Day (Attic).webp",
      "local": "created",
      "remote": "ADDED"
    },
    {
      "path": "Assets/Images/Maps/Revenloft Moors/Old Bonegrinder/06 - Old Bonegrinder Day (Roof).webp",
      "local": "created",
      "remote": "ADDED"
    },
    {
      "path": "Assets/Images/Maps/Revenloft Moors/Old Bonegrinder/DM Map - Old Bonegrinder.jpg",
      "local": "created",
      "remote": "ADDED"
    },
    {
      "path": "Assets/Images/Maps/Revenloft Moors/Old Bonegrinder/Map - Old Bonegrinder.jpg",
      "local": "created",
      "remote": "ADDED"
    },
    {
      "path": "Assets/Images/Maps/Revenloft Moors/River Ivlis Crossroads Day.webp",
      "local": "created",
      "remote": "ADDED"
    },
    {
      "path": "Assets/Images/Maps/Revenloft Moors/Tser Falls Day.webp",
      "local": "created",
      "remote": "ADDED"
    },
    {
      "path": "Assets/Images/Maps/Revenloft Moors/Tser Pool Encampment Day.webp",
      "local": "created",
      "remote": "ADDED"
    },
    {
      "path": "Assets/Images/Maps/Vallaki Valley/Blue Water Inn/01 - Blue Water Inn Day (Ground).webp",
      "local": "created",
      "remote": "ADDED"
    },
    {
      "path": "Assets/Images/Maps/Vallaki Valley/Blue Water Inn/02 - Blue Water Inn Day (1st Floor).webp",
      "local": "created",
      "remote": "ADDED"
    },
    {
      "path": "Assets/Images/Maps/Vallaki Valley/Blue Water Inn/03 - Blue Water Inn Day (Roof).webp",
      "local": "created",
      "remote": "ADDED"
    },
    {
      "path": "Assets/Images/Maps/Vallaki Valley/Blue Water Inn/DM Map - Blue Water Inn.jpg",
      "local": "created",
      "remote": "ADDED"
    },
    {
      "path": "Assets/Images/Maps/Vallaki Valley/Blue Water Inn/Map - Blue Water Inn.jpg",
      "local": "created",
      "remote": "ADDED"
    },
    {
      "path": "Assets/Images/Maps/Vallaki Valley/Burgomaster's Mansion/01 - Burgomaster_s Mansion Day (Ground Floor).webp",
      "local": "created",
      "remote": "ADDED"
    },
    {
      "path": "Assets/Images/Maps/Vallaki Valley/Burgomaster's Mansion/02 - Burgomaster_s Mansion Day (1st Floor).webp",
      "local": "created",
      "remote": "ADDED"
    },
    {
      "path": "Assets/Images/Maps/Vallaki Valley/Burgomaster's Mansion/03 - Burgomaster_s Mansion Day (Attic).webp",
      "local": "created",
      "remote": "ADDED"
    },
    {
      "path": "Assets/Images/Maps/Vallaki Valley/Burgomaster's Mansion/04 - Burgomaster_s Mansion Day (Teleportation Circle).webp",
      "local": "created",
      "remote": "ADDED"
    },
    {
      "path": "Assets/Images/Maps/Vallaki Valley/Burgomaster's Mansion/05 - Burgomaster_s Mansion Day (Roof).webp",
      "local": "created",
      "remote": "ADDED"
    },
    {
      "path": "Assets/Images/Maps/Vallaki Valley/Burgomaster's Mansion/DM Map - Burgomaster's Mansion.jpg",
      "local": "created",
      "remote": "ADDED"
    },
    {
      "path": "Assets/Images/Maps/Vallaki Valley/Burgomaster's Mansion/Map - Burgomaster's Mansion.jpg",
      "local": "created",
      "remote": "ADDED"
    },
    {
      "path": "Assets/Images/Maps/Vallaki Valley/Coffin Maker's Shop/01 - Coffin Maker_s Shop Day (Ground Floor).webp",
      "local": "created",
      "remote": "ADDED"
    },
    {
      "path": "Assets/Images/Maps/Vallaki Valley/Coffin Maker's Shop/02 - Coffin Maker_s Shop Day (1st Floor).webp",
      "local": "created",
      "remote": "ADDED"
    },
    {
      "path": "Assets/Images/Maps/Vallaki Valley/Coffin Maker's Shop/03 - Coffin Maker_s shop Day (Roof).webp",
      "local": "created",
      "remote": "ADDED"
    },
    {
      "path": "Assets/Images/Maps/Vallaki Valley/Coffin Maker's Shop/DM Map - Coffin Maker's Shop.jpg",
      "local": "created",
      "remote": "ADDED"
    },
    {
      "path": "Assets/Images/Maps/Vallaki Valley/Coffin Maker's Shop/Map - Coffin Maker's Shop.jpg",
      "local": "created",
      "remote": "ADDED"
    },
    {
      "path": "Assets/Images/Maps/Vallaki Valley/DM Map - Vallaki.jpg",
      "local": "created",
      "remote": "ADDED"
    },
    {
      "path": "Assets/Images/Maps/Vallaki Valley/East Gate/01 - Vallaki East Gate Day (Ground).webp",
      "local": "created",
      "remote": "ADDED"
    },
    {
      "path": "Assets/Images/Maps/Vallaki Valley/East Gate/02 - Vallaki East Gate Day (Palisade Walkway).webp",
      "local": "created",
      "remote": "ADDED"
    },
    {
      "path": "Assets/Images/Maps/Vallaki Valley/Kasimir's Hovel/01 - Kasimir_s Hovel Day (Ground Floor).webp",
      "local": "created",
      "remote": "ADDED"
    },
    {
      "path": "Assets/Images/Maps/Vallaki Valley/Kasimir's Hovel/02 - Kasimir_s Hovel Day (Roof).webp",
      "local": "created",
      "remote": "ADDED"
    },
    {
      "path": "Assets/Images/Maps/Vallaki Valley/Lake Zarovich/01 - Lake Zarovich Day (with Boats).webp",
      "local": "created",
      "remote": "ADDED"
    },
    {
      "path": "Assets/Images/Maps/Vallaki Valley/Lake Zarovich/02 - Lake Zarovich Day (no Boats).webp",
      "local": "created",
      "remote": "ADDED"
    },
    {
      "path": "Assets/Images/Maps/Vallaki Valley/Map - Vallaki.jpg",
      "local": "created",
      "remote": "ADDED"
    },
    {
      "path": "Assets/Images/Maps/Vallaki Valley/Orphanage/Orphanage Map.jpg",
      "local": "created",
      "remote": "ADDED"
    },
    {
      "path": "Assets/Images/Maps/Vallaki Valley/Reformation Center/reformation center.jpeg",
      "local": "created",
      "remote": "ADDED"
    },
    {
      "path": "Assets/Images/Maps/Vallaki Valley/St Andral's Church/01 - St Andral_s Church Day (Ground).webp",
      "local": "created",
      "remote": "ADDED"
    },
    {
      "path": "Assets/Images/Maps/Vallaki Valley/St Andral's Church/02 - St Andral_s Church Day (Roof).webp",
      "local": "created",
      "remote": "ADDED"
    },
    {
      "path": "Assets/Images/Maps/Vallaki Valley/Vallaki Town Square/01 - Vallaki Town Square Day.webp",
      "local": "created",
      "remote": "ADDED"
    },
    {
      "path": "Assets/Images/Maps/Vallaki Valley/Vallaki Town Square/02 - Vallaki Town Square Day (Festival of the Blazing Sun).webp",
      "local": "created",
      "remote": "ADDED"
    },
    {
      "path": "Assets/Images/Maps/Vallaki Valley/Vallaki Town Square/03 - Vallaki Town Square Day (Festival of the Blazing Sun - Rain).webp",
      "local": "created",
      "remote": "ADDED"
    },
    {
      "path": "Assets/Images/Maps/Vallaki Valley/Vistani Camp/01 - Vistani Camp Day (Ground).webp",
      "local": "created",
      "remote": "ADDED"
    },
    {
      "path": "Assets/Images/Maps/Vallaki Valley/Vistani Camp/02 - Vistani Camp Day (Roof).webp",
      "local": "created",
      "remote": "ADDED"
    },
    {
      "path": "Assets/Images/Maps/Vallaki Valley/Vistani Camp/DM Map - Vistani Camp.jpg",
      "local": "created",
      "remote": "ADDED"
    },
    {
      "path": "Assets/Images/Maps/Vallaki Valley/Vistani Camp/Map - Vistani Camp.jpg",
      "local": "created",
      "remote": "ADDED"
    },
    {
      "path": "Assets/Images/Maps/Vallaki Valley/Wachterhaus/01 - Wachterhaus Day (Ground Floor).webp",
      "local": "created",
      "remote": "ADDED"
    },
    {
      "path": "Assets/Images/Maps/Vallaki Valley/Wachterhaus/02 - Wachterhaus Day (1st Floor).webp",
      "local": "created",
      "remote": "ADDED"
    },
    {
      "path": "Assets/Images/Maps/Vallaki Valley/Wachterhaus/03 - Wachterhaus (Cellar).webp",
      "local": "created",
      "remote": "ADDED"
    },
    {
      "path": "Assets/Images/Maps/Vallaki Valley/Wachterhaus/04 - Wachterhaus Day (Roof).webp",
      "local": "created",
      "remote": "ADDED"
    },
    {
      "path": "Assets/Images/Maps/Vallaki Valley/Wachterhaus/DM Map - Wachterhaus.jpg",
      "local": "created",
      "remote": "ADDED"
    },
    {
      "path": "Assets/Images/Maps/Vallaki Valley/Wachterhaus/Map - Wachterhaus.jpg",
      "local": "created",
      "remote": "ADDED"
    },
    {
      "path": "Assets/Images/Maps/Vallaki Valley/krezk-shopping.jpg",
      "local": "created",
      "remote": "ADDED"
    },
    {
      "path": "Assets/Images/Maps/Vallaki Valley/vallaki-shopping.jpg",
      "local": "created",
      "remote": "ADDED"
    },
    {
      "path": "Assets/Images/Maps/Village of Barovia/01 - Church of the Morning Lord (Ground).webp",
      "local": "created",
      "remote": "ADDED"
    },
    {
      "path": "Assets/Images/Maps/Wolfrun/Abbey of Saint Markovia/01 - Abbey of Saint Markovia (Ground Floor).webp",
      "local": "created",
      "remote": "ADDED"
    },
    {
      "path": "Assets/Images/Maps/Wolfrun/Abbey of Saint Markovia/02 - Abbey of Saint Markovia (1st Floor).webp",
      "local": "created",
      "remote": "ADDED"
    },
    {
      "path": "Assets/Images/Maps/Wolfrun/Abbey of Saint Markovia/03 - Abbey of Saint Markovia (Roof).webp",
      "local": "created",
      "remote": "ADDED"
    },
    {
      "path": "Assets/Images/Maps/Wolfrun/Abbey of Saint Markovia/04 - Abbey of Saint Markovia (Wine Cellar).webp",
      "local": "created",
      "remote": "ADDED"
    },
    {
      "path": "Assets/Images/Maps/Wolfrun/Krezk Gate/01 - Krezk Gate (Ground).webp",
      "local": "created",
      "remote": "ADDED"
    },
    {
      "path": "Assets/Images/Maps/Wolfrun/Krezk Gate/02 - Krezk Gate (Walkway).webp",
      "local": "created",
      "remote": "ADDED"
    },
    {
      "path": "Assets/Images/Maps/Wolfrun/Krezk Gate/03 - Krezk Gate (Roof).webp",
      "local": "created",
      "remote": "ADDED"
    },
    {
      "path": "Assets/Images/Maps/Wolfrun/Krezk/krezk-dm.jpg",
      "local": "created",
      "remote": "ADDED"
    },
    {
      "path": "Assets/Images/Maps/Wolfrun/Krezk/krezk.jpg",
      "local": "created",
      "remote": "ADDED"
    },
    {
      "path": "Assets/Images/Maps/Wolfrun/Shrine of the White Sun/01 - Shrine of the White Sun (Ground).jpg",
      "local": "created",
      "remote": "ADDED"
    },
    {
      "path": "Assets/Images/Maps/Wolfrun/Shrine of the White Sun/02 - Shrine of the White Sun (Ground with Snow).jpg",
      "local": "created",
      "remote": "ADDED"
    },
    {
      "path": "Assets/Images/Maps/Wolfrun/Shrine of the White Sun/03 - Shrine of the White Sun (Roof).jpg",
      "local": "created",
      "remote": "ADDED"
    },
    {
      "path": "Assets/Images/Maps/Wolfrun/Shrine of the White Sun/04 - Shrine of the White Sun (Roof with Snow).jpg",
      "local": "created",
      "remote": "ADDED"
    },
    {
      "path": "Assets/Images/Maps/Wolfrun/Van Richten's Tower/01 - Van Richten's Tower (Ground).jpg",
      "local": "created",
      "remote": "ADDED"
    },
    {
      "path": "Assets/Images/Maps/Wolfrun/Van Richten's Tower/02 - Van Richten's Tower (1st Floor).jpg",
      "local": "created",
      "remote": "ADDED"
    },
    {
      "path": "Assets/Images/Maps/Wolfrun/Van Richten's Tower/03 - Van Richten's Tower (2nd Floor).jpg",
      "local": "created",
      "remote": "ADDED"
    },
    {
      "path": "Assets/Images/Maps/Wolfrun/Van Richten's Tower/04 - Van Richten's Tower (3rd Floor).jpg",
      "local": "created",
      "remote": "ADDED"
    },
    {
      "path": "Assets/Images/Maps/Wolfrun/Van Richten's Tower/05 - Van Richten's Tower (Roof).jpg",
      "local": "created",
      "remote": "ADDED"
    },
    {
      "path": "Assets/Images/Maps/Wolfrun/Van Richten's Tower/06 - Van Richten's Tower (Roof with Lightning).jpg",
      "local": "created",
      "remote": "ADDED"
    },
    {
      "path": "Assets/Images/Maps/Wolfrun/Van Richten's Tower/07 - Van Richten's Tower (Destroyed).jpg",
      "local": "created",
      "remote": "ADDED"
    },
    {
      "path": "Assets/Images/Maps/Wolfrun/Werewolf Den/01 - Werewolf Den (Ground).webp",
      "local": "created",
      "remote": "ADDED"
    },
    {
      "path": "Assets/Images/Maps/Wolfrun/Werewolf Den/02 - Werewolf Den (Mountain).webp",
      "local": "created",
      "remote": "ADDED"
    },
    {
      "path": "Assets/Images/Maps/Wolfrun/Werewolf Den/03 - Werewolf Den (Shrine of Mother Night).webp",
      "local": "created",
      "remote": "ADDED"
    },
    {
      "path": "Assets/Images/Maps/Wolfrun/Werewolf Den/04 - Werewolf Den (Ring of Stones).webp",
      "local": "created",
      "remote": "ADDED"
    },
    {
      "path": "Assets/Images/Maps/barovia_tagged.jpg",
      "local": "created",
      "remote": "ADDED"
    },
    {
      "path": "Assets/Images/Maps/barovia_untagged.webp",
      "local": "created",
      "remote": "ADDED"
    },
    {
      "path": "Assets/Images/Maps/barovia_village_tagged.jpg",
      "local": "created",
      "remote": "ADDED"
    },
    {
      "path": "Assets/Images/Maps/barovia_village_untagged.jpg",
      "local": "created",
      "remote": "ADDED"
    },
    {
      "path": "Assets/Images/Misc/Black Carriage.jpg",
      "local": "created",
      "remote": "ADDED"
    },
    {
      "path": "Assets/Images/Misc/PXL_20231129_021411854.jpg",
      "local": "created",
      "remote": "ADDED"
    },
    {
      "path": "Assets/Images/Misc/PXL_20231129_021419424.jpg",
      "local": "created",
      "remote": "ADDED"
    },
    {
      "path": "Assets/Images/Misc/dead-pc.jpg",
      "local": "created",
      "remote": "ADDED"
    },
    {
      "path": "Assets/Images/Misc/travis-scott-fire.gif",
      "local": "created",
      "remote": "ADDED"
    },
    {
      "path": "Assets/Images/Monsters/Crawling Claw.webp",
      "local": "created",
      "remote": "ADDED"
    },
    {
      "path": "Assets/Images/Monsters/Death Slaad.png",
      "local": "created",
      "remote": "ADDED"
    },
    {
      "path": "Assets/Images/Monsters/Flameskull.png",
      "local": "created",
      "remote": "ADDED"
    },
    {
      "path": "Assets/Images/Monsters/Nothic.png",
      "local": "created",
      "remote": "ADDED"
    },
    {
      "path": "Assets/Images/Monsters/Poltergeist.png",
      "local": "created",
      "remote": "ADDED"
    },
    {
      "path": "Assets/Images/Monsters/Roc of Mount Ghakis.jpg",
      "local": "created",
      "remote": "ADDED"
    },
    {
      "path": "Assets/Images/Monsters/Tree Blight.png",
      "local": "created",
      "remote": "ADDED"
    },
    {
      "path": "Assets/Images/Monsters/Wintersplinter.webp",
      "local": "created",
      "remote": "ADDED"
    },
    {
      "path": "Assets/Images/Monsters/berserker.jpg",
      "local": "created",
      "remote": "ADDED"
    },
    {
      "path": "Assets/Images/Monsters/crab.webp",
      "local": "created",
      "remote": "ADDED"
    },
    {
      "path": "Assets/Images/Monsters/creeping-hut.webp",
      "local": "created",
      "remote": "ADDED"
    },
    {
      "path": "Assets/Images/Monsters/giant-spider.jpg",
      "local": "created",
      "remote": "ADDED"
    },
    {
      "path": "Assets/Images/Monsters/needlblight.png",
      "local": "created",
      "remote": "ADDED"
    },
    {
      "path": "Assets/Images/Monsters/twigblight.png",
      "local": "created",
      "remote": "ADDED"
    },
    {
      "path": "Assets/Images/Monsters/vampyr.jpg.md",
      "local": "created",
      "remote": "ADDED"
    },
    {
      "path": "Assets/Images/Monsters/vineblight.png",
      "local": "created",
      "remote": "ADDED"
    },
    {
      "path": "Assets/Images/Monsters/werewolf-kids.webp",
      "local": "created",
      "remote": "ADDED"
    },
    {
      "path": "Assets/Images/People/Abbot.webp",
      "local": "created",
      "remote": "ADDED"
    },
    {
      "path": "Assets/Images/People/Adrian.webp",
      "local": "created",
      "remote": "ADDED"
    },
    {
      "path": "Assets/Images/People/Arik the Barkeep V2.webp",
      "local": "created",
      "remote": "ADDED"
    },
    {
      "path": "Assets/Images/People/Arrigal.jpg",
      "local": "created",
      "remote": "ADDED"
    },
    {
      "path": "Assets/Images/People/Baba.webp",
      "local": "created",
      "remote": "ADDED"
    },
    {
      "path": "Assets/Images/People/Baron_Vargas_Vallakovich.jpg",
      "local": "created",
      "remote": "ADDED"
    },
    {
      "path": "Assets/Images/People/Bildrath.jpg",
      "local": "created",
      "remote": "ADDED"
    },
    {
      "path": "Assets/Images/People/Blinsky.webp",
      "local": "created",
      "remote": "ADDED"
    },
    {
      "path": "Assets/Images/People/Cyrus Belview.jpg",
      "local": "created",
      "remote": "ADDED"
    },
    {
      "path": "Assets/Images/People/Doru.jpeg",
      "local": "created",
      "remote": "ADDED"
    },
    {
      "path": "Assets/Images/People/Elvir.webp",
      "local": "created",
      "remote": "ADDED"
    },
    {
      "path": "Assets/Images/People/Exethanter.jpeg",
      "local": "created",
      "remote": "ADDED"
    },
    {
      "path": "Assets/Images/People/Ezmerelda_dAvenir.webp",
      "local": "created",
      "remote": "ADDED"
    },
    {
      "path": "Assets/Images/People/Fiona Wachter and Majesto.jpg",
      "local": "created",
      "remote": "ADDED"
    },
    {
      "path": "Assets/Images/People/Fiona_Wachter_29.webp",
      "local": "created",
      "remote": "ADDED"
    },
    {
      "path": "Assets/Images/People/Freek.jpg",
      "local": "created",
      "remote": "ADDED"
    },
    {
      "path": "Assets/Images/People/Henrik van der Voort.jpg",
      "local": "created",
      "remote": "ADDED"
    },
    {
      "path": "Assets/Images/People/Ireena Kolyanna.jpg",
      "local": "created",
      "remote": "ADDED"
    },
    {
      "path": "Assets/Images/People/Ismark.jpg",
      "local": "created",
      "remote": "ADDED"
    },
    {
      "path": "Assets/Images/People/Lief Lipsiege.jpg",
      "local": "created",
      "remote": "ADDED"
    },
    {
      "path": "Assets/Images/People/Lucian_Petrovich.webp",
      "local": "created",
      "remote": "ADDED"
    },
    {
      "path": "Assets/Images/People/Lucien.webp",
      "local": "created",
      "remote": "ADDED"
    },
    {
      "path": "Assets/Images/People/Luvash.jpg",
      "local": "created",
      "remote": "ADDED"
    },
    {
      "path": "Assets/Images/People/Majesto.png",
      "local": "created",
      "remote": "ADDED"
    },
    {
      "path": "Assets/Images/People/Milivoj.jpg",
      "local": "created",
      "remote": "ADDED"
    },
    {
      "path": "Assets/Images/People/Morgantha_Unmasked.webp",
      "local": "created",
      "remote": "ADDED"
    },
    {
      "path": "Assets/Images/People/Myrtle.jpg",
      "local": "created",
      "remote": "ADDED"
    },
    {
      "path": "Assets/Images/People/Parriwimple.jpg",
      "local": "created",
      "remote": "ADDED"
    },
    {
      "path": "Assets/Images/People/Pidlwick_II.webp",
      "local": "created",
      "remote": "ADDED"
    },
    {
      "path": "Assets/Images/People/Rahadin.webp",
      "local": "created",
      "remote": "ADDED"
    },
    {
      "path": "Assets/Images/People/Rictavio-Token.png",
      "local": "created",
      "remote": "ADDED"
    },
    {
      "path": "Assets/Images/People/Rictavio.jpg",
      "local": "created",
      "remote": "ADDED"
    },
    {
      "path": "Assets/Images/People/Rina.jpg",
      "local": "created",
      "remote": "ADDED"
    },
    {
      "path": "Assets/Images/People/Strahd and Beucephalus.jpg",
      "local": "created",
      "remote": "ADDED"
    },
    {
      "path": "Assets/Images/People/Szoldar Szoldarovich.jpg",
      "local": "created",
      "remote": "ADDED"
    },
    {
      "path": "Assets/Images/People/Vilnius.jpg",
      "local": "created",
      "remote": "ADDED"
    },
    {
      "path": "Assets/Images/People/Yeska.jpg",
      "local": "created",
      "remote": "ADDED"
    },
    {
      "path": "Assets/Images/People/Yevgeni Krushkin.jpg",
      "local": "created",
      "remote": "ADDED"
    },
    {
      "path": "Assets/Images/People/abbot-true-form.jpeg",
      "local": "created",
      "remote": "ADDED"
    },
    {
      "path": "Assets/Images/People/alenka.png",
      "local": "created",
      "remote": "ADDED"
    },
    {
      "path": "Assets/Images/People/annakrezkov.jpeg",
      "local": "created",
      "remote": "ADDED"
    },
    {
      "path": "Assets/Images/People/arabelle.png",
      "local": "created",
      "remote": "ADDED"
    },
    {
      "path": "Assets/Images/People/arahja.jpg",
      "local": "created",
      "remote": "ADDED"
    },
    {
      "path": "Assets/Images/People/argynvost.jpg",
      "local": "created",
      "remote": "ADDED"
    },
    {
      "path": "Assets/Images/People/bluto.webp",
      "local": "created",
      "remote": "ADDED"
    },
    {
      "path": "Assets/Images/People/cloaked rider.webp",
      "local": "created",
      "remote": "ADDED"
    },
    {
      "path": "Assets/Images/People/clovin.jpeg",
      "local": "created",
      "remote": "ADDED"
    },
    {
      "path": "Assets/Images/People/cypress_belview.jpeg",
      "local": "created",
      "remote": "ADDED"
    },
    {
      "path": "Assets/Images/People/danika-dorakova.jpg",
      "local": "created",
      "remote": "ADDED"
    },
    {
      "path": "Assets/Images/People/davian.jpg",
      "local": "created",
      "remote": "ADDED"
    },
    {
      "path": "Assets/Images/People/death-house-kids.png",
      "local": "created",
      "remote": "ADDED"
    },
    {
      "path": "Assets/Images/People/dmitri-krezkov.jpg",
      "local": "created",
      "remote": "ADDED"
    },
    {
      "path": "Assets/Images/People/donavich.jpeg",
      "local": "created",
      "remote": "ADDED"
    },
    {
      "path": "Assets/Images/People/ember-argynvost.jpg",
      "local": "created",
      "remote": "ADDED"
    },
    {
      "path": "Assets/Images/People/emil_toranescu.jpeg",
      "local": "created",
      "remote": "ADDED"
    },
    {
      "path": "Assets/Images/People/ernst.jpg",
      "local": "created",
      "remote": "ADDED"
    },
    {
      "path": "Assets/Images/People/escher.jpeg",
      "local": "created",
      "remote": "ADDED"
    },
    {
      "path": "Assets/Images/People/eva.jpeg",
      "local": "created",
      "remote": "ADDED"
    },
    {
      "path": "Assets/Images/People/gertruda.jpeg",
      "local": "created",
      "remote": "ADDED"
    },
    {
      "path": "Assets/Images/People/godfrey.jpg",
      "local": "created",
      "remote": "ADDED"
    },
    {
      "path": "Assets/Images/People/granny.jpeg",
      "local": "created",
      "remote": "ADDED"
    },
    {
      "path": "Assets/Images/People/gunther-arasek.jpg",
      "local": "created",
      "remote": "ADDED"
    },
    {
      "path": "Assets/Images/People/izek.webp",
      "local": "created",
      "remote": "ADDED"
    },
    {
      "path": "Assets/Images/People/kasimir.jpg",
      "local": "created",
      "remote": "ADDED"
    },
    {
      "path": "Assets/Images/People/lydia.jpg",
      "local": "created",
      "remote": "ADDED"
    },
    {
      "path": "Assets/Images/People/mad mage.png",
      "local": "created",
      "remote": "ADDED"
    },
    {
      "path": "Assets/Images/People/mad mary.jpeg",
      "local": "created",
      "remote": "ADDED"
    },
    {
      "path": "Assets/Images/People/mad-mage-drunk.png",
      "local": "created",
      "remote": "ADDED"
    },
    {
      "path": "Assets/Images/People/mad-mage-with-roc.png",
      "local": "created",
      "remote": "ADDED"
    },
    {
      "path": "Assets/Images/People/marzena.webp",
      "local": "created",
      "remote": "ADDED"
    },
    {
      "path": "Assets/Images/People/menigal.jpg",
      "local": "created",
      "remote": "ADDED"
    },
    {
      "path": "Assets/Images/People/mishka.webp",
      "local": "created",
      "remote": "ADDED"
    },
    {
      "path": "Assets/Images/People/morgantha.webp",
      "local": "created",
      "remote": "ADDED"
    },
    {
      "path": "Assets/Images/People/muriel.jpg",
      "local": "created",
      "remote": "ADDED"
    },
    {
      "path": "Assets/Images/People/neferon.webp",
      "local": "created",
      "remote": "ADDED"
    },
    {
      "path": "Assets/Images/People/nikolai and karl.jpg",
      "local": "created",
      "remote": "ADDED"
    },
    {
      "path": "Assets/Images/People/otto.jpeg",
      "local": "created",
      "remote": "ADDED"
    },
    {
      "path": "Assets/Images/People/piccolo.webp",
      "local": "created",
      "remote": "ADDED"
    },
    {
      "path": "Assets/Images/People/rahadin.jpeg",
      "local": "created",
      "remote": "ADDED"
    },
    {
      "path": "Assets/Images/People/stefania.jpg",
      "local": "created",
      "remote": "ADDED"
    },
    {
      "path": "Assets/Images/People/stella.jpg",
      "local": "created",
      "remote": "ADDED"
    },
    {
      "path": "Assets/Images/People/strahd.jpeg",
      "local": "created",
      "remote": "ADDED"
    },
    {
      "path": "Assets/Images/People/udo.jpg",
      "local": "created",
      "remote": "ADDED"
    },
    {
      "path": "Assets/Images/People/urwin.png",
      "local": "created",
      "remote": "ADDED"
    },
    {
      "path": "Assets/Images/People/vampire spawn.png",
      "local": "created",
      "remote": "ADDED"
    },
    {
      "path": "Assets/Images/People/vampyr.jpg",
      "local": "created",
      "remote": "ADDED"
    },
    {
      "path": "Assets/Images/People/vasilka.jpg",
      "local": "created",
      "remote": "ADDED"
    },
    {
      "path": "Assets/Images/People/victor_vallakovich.jpg",
      "local": "created",
      "remote": "ADDED"
    },
    {
      "path": "Assets/Images/People/vladimir.webp",
      "local": "created",
      "remote": "ADDED"
    },
    {
      "path": "Assets/Images/People/willemina.webp",
      "local": "created",
      "remote": "ADDED"
    },
    {
      "path": "Assets/Images/People/yelena-arasek.jpg",
      "local": "created",
      "remote": "ADDED"
    },
    {
      "path": "Assets/Images/People/zygfrek.jpeg",
      "local": "created",
      "remote": "ADDED"
    },
    {
      "path": "Assets/Images/Places/Amber Temple Front.png",
      "local": "created",
      "remote": "ADDED"
    },
    {
      "path": "Assets/Images/Places/Barvia Church.jpg",
      "local": "created",
      "remote": "ADDED"
    },
    {
      "path": "Assets/Images/Places/Blue_water_inn.webp",
      "local": "created",
      "remote": "ADDED"
    },
    {
      "path": "Assets/Images/Places/Dragon Statue.jpg",
      "local": "created",
      "remote": "ADDED"
    },
    {
      "path": "Assets/Images/Places/Gates of Barovia.webp",
      "local": "created",
      "remote": "ADDED"
    },
    {
      "path": "Assets/Images/Places/Old Bonegrinder.webp",
      "local": "created",
      "remote": "ADDED"
    },
    {
      "path": "Assets/Images/Places/Rictavio's Carnival Wagon.jpg",
      "local": "created",
      "remote": "ADDED"
    },
    {
      "path": "Assets/Images/Places/St Andral's Church.webp",
      "local": "created",
      "remote": "ADDED"
    },
    {
      "path": "Assets/Images/Places/The Dining Hall Organ.jpg",
      "local": "created",
      "remote": "ADDED"
    },
    {
      "path": "Assets/Images/Places/The Tower.jpg",
      "local": "created",
      "remote": "ADDED"
    },
    {
      "path": "Assets/Images/Places/Tower Door.jpg",
      "local": "created",
      "remote": "ADDED"
    },
    {
      "path": "Assets/Images/Places/Yesterhill_small.png",
      "local": "created",
      "remote": "ADDED"
    },
    {
      "path": "Assets/Images/Places/Yesterhilltop.png",
      "local": "created",
      "remote": "ADDED"
    },
    {
      "path": "Assets/Images/Places/argyvostholt.jpg",
      "local": "created",
      "remote": "ADDED"
    },
    {
      "path": "Assets/Images/Places/berez.jpg",
      "local": "created",
      "remote": "ADDED"
    },
    {
      "path": "Assets/Images/Places/burning-bonegrinder.webp",
      "local": "created",
      "remote": "ADDED"
    },
    {
      "path": "Assets/Images/Places/death-house-front.jpg",
      "local": "created",
      "remote": "ADDED"
    },
    {
      "path": "Assets/Images/Places/gulthias-tree.jpg",
      "local": "created",
      "remote": "ADDED"
    },
    {
      "path": "Assets/Images/Places/heart-of-sorrow.png",
      "local": "created",
      "remote": "ADDED"
    },
    {
      "path": "Assets/Images/Places/krezk.jpeg",
      "local": "created",
      "remote": "ADDED"
    },
    {
      "path": "Assets/Images/Places/lake-baratok.jpg",
      "local": "created",
      "remote": "ADDED"
    },
    {
      "path": "Assets/Images/Places/ravenloft_castle.jpeg",
      "local": "created",
      "remote": "ADDED"
    },
    {
      "path": "Assets/Images/Places/strahd statue yester hill.png",
      "local": "created",
      "remote": "ADDED"
    },
    {
      "path": "Assets/Images/Places/tsolenka pass.jpg",
      "local": "created",
      "remote": "ADDED"
    },
    {
      "path": "Assets/Images/barovia_untagged.tif",
      "local": "created",
      "remote": "ADDED"
    },
    {
      "path": "Assets/Music/CoS Vistani Camp [8TtFIT3x2PI].m4a",
      "local": "created",
      "remote": "ADDED"
    },
    {
      "path": "Assets/Music/Death House Music - 1) Enter the House ~ The Peace Guild OST [3zQ7Nw8viok].m4a",
      "local": "created",
      "remote": "ADDED"
    },
    {
      "path": "Assets/Music/Death House Music - 2) Rose and Thorn ~ The Peace Guild OST [yDCC7EcDr3k].m4a",
      "local": "created",
      "remote": "ADDED"
    },
    {
      "path": "Assets/Music/Death House Music - 3) The Murdered Maid ~ The Peace Guild OST [RhBrss1_bh0].m4a",
      "local": "created",
      "remote": "ADDED"
    },
    {
      "path": "Assets/Music/Death House Music - 4) One Must Die ~ The Peace Guild OST [QUyDUe2Ecp0].m4a",
      "local": "created",
      "remote": "ADDED"
    },
    {
      "path": "Assets/Music/Death House Music - 5) The Decayer Awakens ~ The Peace Guild OST [PnEnOGgCYcQ].m4a",
      "local": "created",
      "remote": "ADDED"
    },
    {
      "path": "Assets/Music/Into The Mists - An Epic Curse Of Strahd Soundtrack By Travis Savoie - 001 Introduction [uLpRctqGTWw].m4a",
      "local": "created",
      "remote": "ADDED"
    },
    {
      "path": "Assets/Music/Into The Mists - An Epic Curse Of Strahd Soundtrack By Travis Savoie - 002 Into The Mists [uLpRctqGTWw].m4a",
      "local": "created",
      "remote": "ADDED"
    },
    {
      "path": "Assets/Music/Into The Mists - An Epic Curse Of Strahd Soundtrack By Travis Savoie - 003 Barovian Legends [uLpRctqGTWw].m4a",
      "local": "created",
      "remote": "ADDED"
    },
    {
      "path": "Assets/Music/Into The Mists - An Epic Curse Of Strahd Soundtrack By Travis Savoie - 004 Dancing With The Wolves [uLpRctqGTWw].m4a",
      "local": "created",
      "remote": "ADDED"
    },
    {
      "path": "Assets/Music/Into The Mists - An Epic Curse Of Strahd Soundtrack By Travis Savoie - 005 Castle Ravenloft [uLpRctqGTWw].m4a",
      "local": "created",
      "remote": "ADDED"
    },
    {
      "path": "Assets/Music/Into The Mists - An Epic Curse Of Strahd Soundtrack By Travis Savoie - 006 Dream Pastries [uLpRctqGTWw].m4a",
      "local": "created",
      "remote": "ADDED"
    },
    {
      "path": "Assets/Music/Into The Mists - An Epic Curse Of Strahd Soundtrack By Travis Savoie - 007 A Coveted Soul [uLpRctqGTWw].m4a",
      "local": "created",
      "remote": "ADDED"
    },
    {
      "path": "Assets/Music/Into The Mists - An Epic Curse Of Strahd Soundtrack By Travis Savoie - 008 All Against Darkness [uLpRctqGTWw].m4a",
      "local": "created",
      "remote": "ADDED"
    },
    {
      "path": "Assets/Music/Into The Mists - An Epic Curse Of Strahd Soundtrack By Travis Savoie - 009 Restless Knights [uLpRctqGTWw].m4a",
      "local": "created",
      "remote": "ADDED"
    },
    {
      "path": "Assets/Music/Into The Mists - An Epic Curse Of Strahd Soundtrack By Travis Savoie - 010 The Creeping Hut [uLpRctqGTWw].m4a",
      "local": "created",
      "remote": "ADDED"
    },
    {
      "path": "Assets/Music/Into The Mists - An Epic Curse Of Strahd Soundtrack By Travis Savoie - 011 Dark Vestiges [uLpRctqGTWw].m4a",
      "local": "created",
      "remote": "ADDED"
    },
    {
      "path": "Assets/Music/Into The Mists - An Epic Curse Of Strahd Soundtrack By Travis Savoie - 012 Glimmer Of Hope [uLpRctqGTWw].m4a",
      "local": "created",
      "remote": "ADDED"
    },
    {
      "path": "Assets/Music/Into The Mists - An Epic Curse Of Strahd Soundtrack By Travis Savoie - 013 He Is The Ancient, He Is The Land [uLpRctqGTWw].m4a",
      "local": "created",
      "remote": "ADDED"
    },
    {
      "path": "Assets/Music/Into The Mists - An Epic Curse Of Strahd Soundtrack By Travis Savoie [uLpRctqGTWw].m4a",
      "local": "created",
      "remote": "ADDED"
    },
    {
      "path": "Assets/Music/Medieval Fantasy Tavern ｜ D&D Fantasy Music and Ambience [vyg5jJrZ42s].m4a",
      "local": "created",
      "remote": "ADDED"
    },
    {
      "path": "Assets/Music/Mission Impossible Theme (Full Theme) [XAYhNHhxN0A].m4a",
      "local": "created",
      "remote": "ADDED"
    },
    {
      "path": "Assets/Music/Ravenloft- Barovia： Village of Barovia [dXTNvDeFdVU].m4a",
      "local": "created",
      "remote": "ADDED"
    },
    {
      "path": "Assets/Music/Ravenloft- Traveling the roads of Barovia [9G6CskLxgMI].m4a",
      "local": "created",
      "remote": "ADDED"
    },
    {
      "path": "Assets/Music/The Pink Panther Theme [VyZiIuMufTA].m4a",
      "local": "created",
      "remote": "ADDED"
    },
    {
      "path": "Assets/Templates/Character.md",
      "local": "created",
      "remote": "ADDED"
    },
    {
      "path": "Assets/Templates/Handout.md",
      "local": "created",
      "remote": "ADDED"
    },
    {
      "path": "Assets/Templates/Portrait from Character.md",
      "local": "created",
      "remote": "ADDED"
    },
    {
      "path": "Assets/Templates/Portrait.md",
      "local": "created",
      "remote": "ADDED"
    },
    {
      "path": "Characters/Adrian Martikov.md",
      "local": "created",
      "remote": "ADDED"
    },
    {
      "path": "Characters/Alexei.md",
      "local": "created",
      "remote": "ADDED"
    },
    {
      "path": "Characters/Amalthia.md",
      "local": "created",
      "remote": "ADDED"
    },
    {
      "path": "Characters/Anna Krezkova.md",
      "local": "created",
      "remote": "ADDED"
    },
    {
      "path": "Characters/Arabelle.md",
      "local": "created",
      "remote": "ADDED"
    },
    {
      "path": "Characters/Arahja.md",
      "local": "created",
      "remote": "ADDED"
    },
    {
      "path": "Characters/Argynvost.md",
      "local": "created",
      "remote": "ADDED"
    },
    {
      "path": "Characters/Arik Lorensk.md",
      "local": "created",
      "remote": "ADDED"
    },
    {
      "path": "Characters/Arrigal.md",
      "local": "created",
      "remote": "ADDED"
    },
    {
      "path": "Characters/Artimus.md",
      "local": "created",
      "remote": "ADDED"
    },
    {
      "path": "Characters/Baba Lysaga.md",
      "local": "created",
      "remote": "ADDED"
    },
    {
      "path": "Characters/Bella Sunbane.md",
      "local": "created",
      "remote": "ADDED"
    },
    {
      "path": "Characters/Beucephalus.md",
      "local": "created",
      "remote": "ADDED"
    },
    {
      "path": "Characters/Bildrath Cantemir.md",
      "local": "created",
      "remote": "ADDED"
    },
    {
      "path": "Characters/Bluto Krogarov.md",
      "local": "created",
      "remote": "ADDED"
    },
    {
      "path": "Characters/Bluto.md",
      "local": "created",
      "remote": "ADDED"
    },
    {
      "path": "Characters/Bray Martikov.md",
      "local": "created",
      "remote": "ADDED"
    },
    {
      "path": "Characters/Brom Martikova.md",
      "local": "created",
      "remote": "ADDED"
    },
    {
      "path": "Characters/Burgomaster Lazlo Ulrich.md",
      "local": "created",
      "remote": "ADDED"
    },
    {
      "path": "Characters/Claudiu Martikov.md",
      "local": "created",
      "remote": "ADDED"
    },
    {
      "path": "Characters/Clovin Belview.md",
      "local": "created",
      "remote": "ADDED"
    },
    {
      "path": "Characters/Cyrus Belview.md",
      "local": "created",
      "remote": "ADDED"
    },
    {
      "path": "Characters/Dag Tomescu.md",
      "local": "created",
      "remote": "ADDED"
    },
    {
      "path": "Characters/Danika Dorakova.md",
      "local": "created",
      "remote": "ADDED"
    },
    {
      "path": "Characters/Davian Martikov.md",
      "local": "created",
      "remote": "ADDED"
    },
    {
      "path": "Characters/Dhavit.md",
      "local": "created",
      "remote": "ADDED"
    },
    {
      "path": "Characters/Dmitri Krezkov.md",
      "local": "created",
      "remote": "ADDED"
    },
    {
      "path": "Characters/Donavich.md",
      "local": "created",
      "remote": "ADDED"
    },
    {
      "path": "Characters/Doru.md",
      "local": "created",
      "remote": "ADDED"
    },
    {
      "path": "Characters/Elizabeth Durst.md",
      "local": "created",
      "remote": "ADDED"
    },
    {
      "path": "Characters/Elvir Martikov.md",
      "local": "created",
      "remote": "ADDED"
    },
    {
      "path": "Characters/Emil Toranescu.md",
      "local": "created",
      "remote": "ADDED"
    },
    {
      "path": "Characters/Ernst Larnak.md",
      "local": "created",
      "remote": "ADDED"
    },
    {
      "path": "Characters/Escher.md",
      "local": "created",
      "remote": "ADDED"
    },
    {
      "path": "Characters/Exethanter.md",
      "local": "created",
      "remote": "ADDED"
    },
    {
      "path": "Characters/Ezmerelda d'Avenir.md",
      "local": "created",
      "remote": "ADDED"
    },
    {
      "path": "Characters/Faina Janek.md",
      "local": "created",
      "remote": "ADDED"
    },
    {
      "path": "Characters/Father Lucian Petrovich.md",
      "local": "created",
      "remote": "ADDED"
    },
    {
      "path": "Characters/Felix.md",
      "local": "created",
      "remote": "ADDED"
    },
    {
      "path": "Characters/Fiona Wachter.md",
      "local": "created",
      "remote": "ADDED"
    },
    {
      "path": "Characters/Freek.md",
      "local": "created",
      "remote": "ADDED"
    },
    {
      "path": "Characters/Gadof Blinsky.md",
      "local": "created",
      "remote": "ADDED"
    },
    {
      "path": "Characters/Gertruda.md",
      "local": "created",
      "remote": "ADDED"
    },
    {
      "path": "Characters/Gunther Arasek.md",
      "local": "created",
      "remote": "ADDED"
    },
    {
      "path": "Characters/Gustav Durst.md",
      "local": "created",
      "remote": "ADDED"
    },
    {
      "path": "Characters/Haliq.md",
      "local": "created",
      "remote": "ADDED"
    },
    {
      "path": "Characters/Helga.md",
      "local": "created",
      "remote": "ADDED"
    },
    {
      "path": "Characters/Henrik van der Voort.md",
      "local": "created",
      "remote": "ADDED"
    },
    {
      "path": "Characters/Ilya Krezkov.md",
      "local": "created",
      "remote": "ADDED"
    },
    {
      "path": "Characters/Ireena Kolyana.md",
      "local": "created",
      "remote": "ADDED"
    },
    {
      "path": "Characters/Ismark Kolyanovich.md",
      "local": "created",
      "remote": "ADDED"
    },
    {
      "path": "Characters/Izek Strazni.md",
      "local": "created",
      "remote": "ADDED"
    },
    {
      "path": "Characters/Jakarion.md",
      "local": "created",
      "remote": "ADDED"
    },
    {
      "path": "Characters/Jeny Greenteeth.md",
      "local": "created",
      "remote": "ADDED"
    },
    {
      "path": "Characters/Karl Wachter.md",
      "local": "created",
      "remote": "ADDED"
    },
    {
      "path": "Characters/Kasimir Velikov.md",
      "local": "created",
      "remote": "ADDED"
    },
    {
      "path": "Characters/King Barov.md",
      "local": "created",
      "remote": "ADDED"
    },
    {
      "path": "Characters/Kolyan Indirovich.md",
      "local": "created",
      "remote": "ADDED"
    },
    {
      "path": "Characters/Lancelot.md",
      "local": "created",
      "remote": "ADDED"
    },
    {
      "path": "Characters/Lief Lipsiege.md",
      "local": "created",
      "remote": "ADDED"
    },
    {
      "path": "Characters/Lord Nikolai Wachter.md",
      "local": "created",
      "remote": "ADDED"
    },
    {
      "path": "Characters/Lucien.md",
      "local": "created",
      "remote": "ADDED"
    },
    {
      "path": "Characters/Luvash.md",
      "local": "created",
      "remote": "ADDED"
    },
    {
      "path": "Characters/Lydia Petrovna.md",
      "local": "created",
      "remote": "ADDED"
    },
    {
      "path": "Characters/Mad Mage of Mount Baratok.md",
      "local": "created",
      "remote": "ADDED"
    },
    {
      "path": "Characters/Mad Mary.md",
      "local": "created",
      "remote": "ADDED"
    },
    {
      "path": "Characters/Madalena.md",
      "local": "created",
      "remote": "ADDED"
    },
    {
      "path": "Characters/Madam Eva.md",
      "local": "created",
      "remote": "ADDED"
    },
    {
      "path": "Characters/Majesto.md",
      "local": "created",
      "remote": "ADDED"
    },
    {
      "path": "Characters/Martin Martikov.md",
      "local": "created",
      "remote": "ADDED"
    },
    {
      "path": "Characters/Marzena Belview.md",
      "local": "created",
      "remote": "ADDED"
    },
    {
      "path": "Characters/Menigal, the Departed.md",
      "local": "created",
      "remote": "ADDED"
    },
    {
      "path": "Characters/Metarlos.md",
      "local": "created",
      "remote": "ADDED"
    },
    {
      "path": "Characters/Milivoj.md",
      "local": "created",
      "remote": "ADDED"
    },
    {
      "path": "Characters/Mirabel.md",
      "local": "created",
      "remote": "ADDED"
    },
    {
      "path": "Characters/Mishka Belview.md",
      "local": "created",
      "remote": "ADDED"
    },
    {
      "path": "Characters/Morgantha.md",
      "local": "created",
      "remote": "ADDED"
    },
    {
      "path": "Characters/Ms Belasco.md",
      "local": "created",
      "remote": "ADDED"
    },
    {
      "path": "Characters/Muriel Vinshaw.md",
      "local": "created",
      "remote": "ADDED"
    },
    {
      "path": "Characters/Myrtle.md",
      "local": "created",
      "remote": "ADDED"
    },
    {
      "path": "Characters/Neferon.md",
      "local": "created",
      "remote": "ADDED"
    },
    {
      "path": "Characters/Nikolai Wachter.md",
      "local": "created",
      "remote": "ADDED"
    },
    {
      "path": "Characters/Offalia Wormwiggle.md",
      "local": "created",
      "remote": "ADDED"
    },
    {
      "path": "Characters/Otto Belview.md",
      "local": "created",
      "remote": "ADDED"
    },
    {
      "path": "Characters/Parriwimple.md",
      "local": "created",
      "remote": "ADDED"
    },
    {
      "path": "Characters/Patrina Velikovna.md",
      "local": "created",
      "remote": "ADDED"
    },
    {
      "path": "Characters/Piccolo.md",
      "local": "created",
      "remote": "ADDED"
    },
    {
      "path": "Characters/Pidlwick II.md",
      "local": "created",
      "remote": "ADDED"
    },
    {
      "path": "Characters/Players/Anakir.md",
      "local": "created",
      "remote": "ADDED"
    },
    {
      "path": "Characters/Players/Bardolf.md",
      "local": "created",
      "remote": "ADDED"
    },
    {
      "path": "Characters/Players/Elora.md",
      "local": "created",
      "remote": "ADDED"
    },
    {
      "path": "Characters/Players/Pelanil.md",
      "local": "created",
      "remote": "ADDED"
    },
    {
      "path": "Characters/Players/Shalooti.md",
      "local": "created",
      "remote": "ADDED"
    },
    {
      "path": "Characters/Queen Ravenovia.md",
      "local": "created",
      "remote": "ADDED"
    },
    {
      "path": "Characters/Rahadin.md",
      "local": "created",
      "remote": "ADDED"
    },
    {
      "path": "Characters/Rictavio.md",
      "local": "created",
      "remote": "ADDED"
    },
    {
      "path": "Characters/Rina.md",
      "local": "created",
      "remote": "ADDED"
    },
    {
      "path": "Characters/Rosevalda.md",
      "local": "created",
      "remote": "ADDED"
    },
    {
      "path": "Characters/Sergei.md",
      "local": "created",
      "remote": "ADDED"
    },
    {
      "path": "Characters/Sir Godfrey Gwilym.md",
      "local": "created",
      "remote": "ADDED"
    },
    {
      "path": "Characters/Stefania Martikov.md",
      "local": "created",
      "remote": "ADDED"
    },
    {
      "path": "Characters/Stella Wachter.md",
      "local": "created",
      "remote": "ADDED"
    },
    {
      "path": "Characters/Strahd Von Zarovich.md",
      "local": "created",
      "remote": "ADDED"
    },
    {
      "path": "Characters/Szoldar Szoldarovich.md",
      "local": "created",
      "remote": "ADDED"
    },
    {
      "path": "Characters/Tasha Petrovna.md",
      "local": "created",
      "remote": "ADDED"
    },
    {
      "path": "Characters/Tatyana.md",
      "local": "created",
      "remote": "ADDED"
    },
    {
      "path": "Characters/Tenebrous.md",
      "local": "created",
      "remote": "ADDED"
    },
    {
      "path": "Characters/The Abbot.md",
      "local": "created",
      "remote": "ADDED"
    },
    {
      "path": "Characters/Thornboldt.md",
      "local": "created",
      "remote": "ADDED"
    },
    {
      "path": "Characters/Udo Lukovich.md",
      "local": "created",
      "remote": "ADDED"
    },
    {
      "path": "Characters/Urwin Martikov.md",
      "local": "created",
      "remote": "ADDED"
    },
    {
      "path": "Characters/Vadu.md",
      "local": "created",
      "remote": "ADDED"
    },
    {
      "path": "Characters/Vampyr.md",
      "local": "created",
      "remote": "ADDED"
    },
    {
      "path": "Characters/Vargas Vallakovich.md",
      "local": "created",
      "remote": "ADDED"
    },
    {
      "path": "Characters/Vasilka.md",
      "local": "created",
      "remote": "ADDED"
    },
    {
      "path": "Characters/Victor Vallakovich.md",
      "local": "created",
      "remote": "ADDED"
    },
    {
      "path": "Characters/Viggo Martikov.md",
      "local": "created",
      "remote": "ADDED"
    },
    {
      "path": "Characters/Vilnius.md",
      "local": "created",
      "remote": "ADDED"
    },
    {
      "path": "Characters/Vladimir Horngaard.md",
      "local": "created",
      "remote": "ADDED"
    },
    {
      "path": "Characters/Walter.md",
      "local": "created",
      "remote": "ADDED"
    },
    {
      "path": "Characters/Willemina Rikalova.md",
      "local": "created",
      "remote": "ADDED"
    },
    {
      "path": "Characters/Yelena Arasek.md",
      "local": "created",
      "remote": "ADDED"
    },
    {
      "path": "Characters/Yeska.md",
      "local": "created",
      "remote": "ADDED"
    },
    {
      "path": "Characters/Yevgeni Krushkin.md",
      "local": "created",
      "remote": "ADDED"
    },
    {
      "path": "Characters/Yolanda Martikov.md",
      "local": "created",
      "remote": "ADDED"
    },
    {
      "path": "Characters/Zygfrek Belview.md",
      "local": "created",
      "remote": "ADDED"
    },
    {
      "path": "Custom Monsters/Amber Ghast.md",
      "local": "created",
      "remote": "ADDED"
    },
    {
      "path": "Custom Monsters/Amber Golem.md",
      "local": "created",
      "remote": "ADDED"
    },
    {
      "path": "Custom Monsters/Arcanaloth.md",
      "local": "created",
      "remote": "ADDED"
    },
    {
      "path": "Custom Monsters/Baba Lysaga Statblock.md",
      "local": "created",
      "remote": "ADDED"
    },
    {
      "path": "Custom Monsters/Baba Lysaga's Creeping Hut Statblock.md",
      "local": "created",
      "remote": "ADDED"
    },
    {
      "path": "Custom Monsters/Child Wereraven Statblock.md",
      "local": "created",
      "remote": "ADDED"
    },
    {
      "path": "Custom Monsters/Clovin Belview Statblock.md",
      "local": "created",
      "remote": "ADDED"
    },
    {
      "path": "Custom Monsters/Crawling Claw Statblock.md",
      "local": "created",
      "remote": "ADDED"
    },
    {
      "path": "Custom Monsters/Death Slaad.md",
      "local": "created",
      "remote": "ADDED"
    },
    {
      "path": "Custom Monsters/Dog.md",
      "local": "created",
      "remote": "ADDED"
    },
    {
      "path": "Custom Monsters/Druid Assailant Statblock.md",
      "local": "created",
      "remote": "ADDED"
    },
    {
      "path": "Custom Monsters/Druid Naturalist Statblock.md",
      "local": "created",
      "remote": "ADDED"
    },
    {
      "path": "Custom Monsters/Elite Guard Statblock.md",
      "local": "created",
      "remote": "ADDED"
    },
    {
      "path": "Custom Monsters/Escher Statblock.md",
      "local": "created",
      "remote": "ADDED"
    },
    {
      "path": "Custom Monsters/Exethanter Stat Block.md",
      "local": "created",
      "remote": "ADDED"
    },
    {
      "path": "Custom Monsters/Ezmerelda Statblock.md",
      "local": "created",
      "remote": "ADDED"
    },
    {
      "path": "Custom Monsters/Flameskull.md",
      "local": "created",
      "remote": "ADDED"
    },
    {
      "path": "Custom Monsters/Gulthias Tree Statblock.md",
      "local": "created",
      "remote": "ADDED"
    },
    {
      "path": "Custom Monsters/Heart of Sorrow Statblock.md",
      "local": "created",
      "remote": "ADDED"
    },
    {
      "path": "Custom Monsters/Izek Stat Block.md",
      "local": "created",
      "remote": "ADDED"
    },
    {
      "path": "Custom Monsters/Mad Mage Statblock.md",
      "local": "created",
      "remote": "ADDED"
    },
    {
      "path": "Custom Monsters/Madam Eva Statblock.md",
      "local": "created",
      "remote": "ADDED"
    },
    {
      "path": "Custom Monsters/Marzena Belview Statblock.md",
      "local": "created",
      "remote": "ADDED"
    },
    {
      "path": "Custom Monsters/Mishka Belview Statblock.md",
      "local": "created",
      "remote": "ADDED"
    },
    {
      "path": "Custom Monsters/Mongrelfolk Statblock.md",
      "local": "created",
      "remote": "ADDED"
    },
    {
      "path": "Custom Monsters/Morgantha Stat Block.md",
      "local": "created",
      "remote": "ADDED"
    },
    {
      "path": "Custom Monsters/Needle Blight Statblock.md",
      "local": "created",
      "remote": "ADDED"
    },
    {
      "path": "Custom Monsters/Night Hag (Spells Inlined).md",
      "local": "created",
      "remote": "ADDED"
    },
    {
      "path": "Custom Monsters/Nothic Statblock.md",
      "local": "created",
      "remote": "ADDED"
    },
    {
      "path": "Custom Monsters/Otto Belview Statblock.md",
      "local": "created",
      "remote": "ADDED"
    },
    {
      "path": "Custom Monsters/Phantom Warrior Stat Block.md",
      "local": "created",
      "remote": "ADDED"
    },
    {
      "path": "Custom Monsters/Piccolo Statblock.md",
      "local": "created",
      "remote": "ADDED"
    },
    {
      "path": "Custom Monsters/Pidlwick Statblock.md",
      "local": "created",
      "remote": "ADDED"
    },
    {
      "path": "Custom Monsters/Poltergeist Statblock.md",
      "local": "created",
      "remote": "ADDED"
    },
    {
      "path": "Custom Monsters/Rahadin Statblock.md",
      "local": "created",
      "remote": "ADDED"
    },
    {
      "path": "Custom Monsters/Revenant Statblock.md",
      "local": "created",
      "remote": "ADDED"
    },
    {
      "path": "Custom Monsters/Rictavio Statblock.md",
      "local": "created",
      "remote": "ADDED"
    },
    {
      "path": "Custom Monsters/Scarecrow Statblock.md",
      "local": "created",
      "remote": "ADDED"
    },
    {
      "path": "Custom Monsters/Shadow Demon Statblock.md",
      "local": "created",
      "remote": "ADDED"
    },
    {
      "path": "Custom Monsters/Sir Godfrey Gwilym Statblock.md",
      "local": "created",
      "remote": "ADDED"
    },
    {
      "path": "Custom Monsters/Strahd Statblock.md",
      "local": "created",
      "remote": "ADDED"
    },
    {
      "path": "Custom Monsters/Strahd Zombie Statblock.md",
      "local": "created",
      "remote": "ADDED"
    },
    {
      "path": "Custom Monsters/Tree Blight Statblock.md",
      "local": "created",
      "remote": "ADDED"
    },
    {
      "path": "Custom Monsters/Twig Blight Statblock.md",
      "local": "created",
      "remote": "ADDED"
    },
    {
      "path": "Custom Monsters/Twig Blight Swarm Statblock.md",
      "local": "created",
      "remote": "ADDED"
    },
    {
      "path": "Custom Monsters/Vampyr Statblock.md",
      "local": "created",
      "remote": "ADDED"
    },
    {
      "path": "Custom Monsters/Vine Blight Statblock.md",
      "local": "created",
      "remote": "ADDED"
    },
    {
      "path": "Custom Monsters/Vladimir Horngaard Statblock.md",
      "local": "created",
      "remote": "ADDED"
    },
    {
      "path": "Custom Monsters/Wereraven Statblock.md",
      "local": "created",
      "remote": "ADDED"
    },
    {
      "path": "Custom Monsters/Wintersplinter Statblock.md",
      "local": "created",
      "remote": "ADDED"
    },
    {
      "path": "Custom Monsters/Zygfrek Belview Statblock.md",
      "local": "created",
      "remote": "ADDED"
    },
    {
      "path": "Handouts/Images/Places/Abbey of Saint Markovia Handout.md",
      "local": "created",
      "remote": "ADDED"
    },
    {
      "path": "Handouts/Images/Places/Amber Temple Front.md",
      "local": "created",
      "remote": "ADDED"
    },
    {
      "path": "Handouts/Images/Places/Argynvostholt Image.md",
      "local": "created",
      "remote": "ADDED"
    },
    {
      "path": "Handouts/Images/Places/Barovia Church.md",
      "local": "created",
      "remote": "ADDED"
    },
    {
      "path": "Handouts/Images/Places/Berez.md",
      "local": "created",
      "remote": "ADDED"
    },
    {
      "path": "Handouts/Images/Places/Blue Water Inn.md",
      "local": "created",
      "remote": "ADDED"
    },
    {
      "path": "Handouts/Images/Places/Carnival Wagon.md",
      "local": "created",
      "remote": "ADDED"
    },
    {
      "path": "Handouts/Images/Places/Death House Front.md",
      "local": "created",
      "remote": "ADDED"
    },
    {
      "path": "Handouts/Images/Places/Dining Hall Organ.md",
      "local": "created",
      "remote": "ADDED"
    },
    {
      "path": "Handouts/Images/Places/Gates of Barovia Image.md",
      "local": "created",
      "remote": "ADDED"
    },
    {
      "path": "Handouts/Images/Places/Lake Baratok Handout.md",
      "local": "created",
      "remote": "ADDED"
    },
    {
      "path": "Handouts/Images/Places/Ravenloft.md",
      "local": "created",
      "remote": "ADDED"
    },
    {
      "path": "Handouts/Images/Places/St Andral's Church.md",
      "local": "created",
      "remote": "ADDED"
    },
    {
      "path": "Handouts/Images/Places/The Tower.md",
      "local": "created",
      "remote": "ADDED"
    },
    {
      "path": "Handouts/Images/Places/The Village of Krezk Image.md",
      "local": "created",
      "remote": "ADDED"
    },
    {
      "path": "Handouts/Images/Places/The Windmill.md",
      "local": "created",
      "remote": "ADDED"
    },
    {
      "path": "Handouts/Images/Places/Tower Door Handout.md",
      "local": "created",
      "remote": "ADDED"
    },
    {
      "path": "Handouts/Images/Places/Tsolenka Pass Handout.md",
      "local": "created",
      "remote": "ADDED"
    },
    {
      "path": "Handouts/Images/Places/Yester Hill.md",
      "local": "created",
      "remote": "ADDED"
    },
    {
      "path": "Handouts/Images/Portraits/Portrait of Adrian.md",
      "local": "created",
      "remote": "ADDED"
    },
    {
      "path": "Handouts/Images/Portraits/Portrait of Anna.md",
      "local": "created",
      "remote": "ADDED"
    },
    {
      "path": "Handouts/Images/Portraits/Portrait of Arabelle.md",
      "local": "created",
      "remote": "ADDED"
    },
    {
      "path": "Handouts/Images/Portraits/Portrait of Arahja.md",
      "local": "created",
      "remote": "ADDED"
    },
    {
      "path": "Handouts/Images/Portraits/Portrait of Argynvost.md",
      "local": "created",
      "remote": "ADDED"
    },
    {
      "path": "Handouts/Images/Portraits/Portrait of Arik.md",
      "local": "created",
      "remote": "ADDED"
    },
    {
      "path": "Handouts/Images/Portraits/Portrait of Arrigal.md",
      "local": "created",
      "remote": "ADDED"
    },
    {
      "path": "Handouts/Images/Portraits/Portrait of Baba Lysaga.md",
      "local": "created",
      "remote": "ADDED"
    },
    {
      "path": "Handouts/Images/Portraits/Portrait of Bildrath.md",
      "local": "created",
      "remote": "ADDED"
    },
    {
      "path": "Handouts/Images/Portraits/Portrait of Blinsky.md",
      "local": "created",
      "remote": "ADDED"
    },
    {
      "path": "Handouts/Images/Portraits/Portrait of Bluto.md",
      "local": "created",
      "remote": "ADDED"
    },
    {
      "path": "Handouts/Images/Portraits/Portrait of Clovin.md",
      "local": "created",
      "remote": "ADDED"
    },
    {
      "path": "Handouts/Images/Portraits/Portrait of Cyrus Belview.md",
      "local": "created",
      "remote": "ADDED"
    },
    {
      "path": "Handouts/Images/Portraits/Portrait of Danika Martikov.md",
      "local": "created",
      "remote": "ADDED"
    },
    {
      "path": "Handouts/Images/Portraits/Portrait of Davian.md",
      "local": "created",
      "remote": "ADDED"
    },
    {
      "path": "Handouts/Images/Portraits/Portrait of Dmitri.md",
      "local": "created",
      "remote": "ADDED"
    },
    {
      "path": "Handouts/Images/Portraits/Portrait of Donavich.md",
      "local": "created",
      "remote": "ADDED"
    },
    {
      "path": "Handouts/Images/Portraits/Portrait of Doru.md",
      "local": "created",
      "remote": "ADDED"
    },
    {
      "path": "Handouts/Images/Portraits/Portrait of Elvir.md",
      "local": "created",
      "remote": "ADDED"
    },
    {
      "path": "Handouts/Images/Portraits/Portrait of Ernst Larnak.md",
      "local": "created",
      "remote": "ADDED"
    },
    {
      "path": "Handouts/Images/Portraits/Portrait of Escher.md",
      "local": "created",
      "remote": "ADDED"
    },
    {
      "path": "Handouts/Images/Portraits/Portrait of Ezmerelda.md",
      "local": "created",
      "remote": "ADDED"
    },
    {
      "path": "Handouts/Images/Portraits/Portrait of Father Lucian.md",
      "local": "created",
      "remote": "ADDED"
    },
    {
      "path": "Handouts/Images/Portraits/Portrait of Freek.md",
      "local": "created",
      "remote": "ADDED"
    },
    {
      "path": "Handouts/Images/Portraits/Portrait of Gertruda.md",
      "local": "created",
      "remote": "ADDED"
    },
    {
      "path": "Handouts/Images/Portraits/Portrait of Gunther Arasek.md",
      "local": "created",
      "remote": "ADDED"
    },
    {
      "path": "Handouts/Images/Portraits/Portrait of Henrik.md",
      "local": "created",
      "remote": "ADDED"
    },
    {
      "path": "Handouts/Images/Portraits/Portrait of Ireena.md",
      "local": "created",
      "remote": "ADDED"
    },
    {
      "path": "Handouts/Images/Portraits/Portrait of Ismark.md",
      "local": "created",
      "remote": "ADDED"
    },
    {
      "path": "Handouts/Images/Portraits/Portrait of Izek Strazni.md",
      "local": "created",
      "remote": "ADDED"
    },
    {
      "path": "Handouts/Images/Portraits/Portrait of Kasimir.md",
      "local": "created",
      "remote": "ADDED"
    },
    {
      "path": "Handouts/Images/Portraits/Portrait of Lady Wachter.md",
      "local": "created",
      "remote": "ADDED"
    },
    {
      "path": "Handouts/Images/Portraits/Portrait of Lief Lipsiege.md",
      "local": "created",
      "remote": "ADDED"
    },
    {
      "path": "Handouts/Images/Portraits/Portrait of Lucien.md",
      "local": "created",
      "remote": "ADDED"
    },
    {
      "path": "Handouts/Images/Portraits/Portrait of Luvash.md",
      "local": "created",
      "remote": "ADDED"
    },
    {
      "path": "Handouts/Images/Portraits/Portrait of Lydia.md",
      "local": "created",
      "remote": "ADDED"
    },
    {
      "path": "Handouts/Images/Portraits/Portrait of Mad Mary.md",
      "local": "created",
      "remote": "ADDED"
    },
    {
      "path": "Handouts/Images/Portraits/Portrait of Madam Eva.md",
      "local": "created",
      "remote": "ADDED"
    },
    {
      "path": "Handouts/Images/Portraits/Portrait of Marzena.md",
      "local": "created",
      "remote": "ADDED"
    },
    {
      "path": "Handouts/Images/Portraits/Portrait of Menigal.md",
      "local": "created",
      "remote": "ADDED"
    },
    {
      "path": "Handouts/Images/Portraits/Portrait of Milivoj.md",
      "local": "created",
      "remote": "ADDED"
    },
    {
      "path": "Handouts/Images/Portraits/Portrait of Mishka.md",
      "local": "created",
      "remote": "ADDED"
    },
    {
      "path": "Handouts/Images/Portraits/Portrait of Muriel.md",
      "local": "created",
      "remote": "ADDED"
    },
    {
      "path": "Handouts/Images/Portraits/Portrait of Myrtle.md",
      "local": "created",
      "remote": "ADDED"
    },
    {
      "path": "Handouts/Images/Portraits/Portrait of Neferon.md",
      "local": "created",
      "remote": "ADDED"
    },
    {
      "path": "Handouts/Images/Portraits/Portrait of Nikolai and Karl Wachter.md",
      "local": "created",
      "remote": "ADDED"
    },
    {
      "path": "Handouts/Images/Portraits/Portrait of Otto.md",
      "local": "created",
      "remote": "ADDED"
    },
    {
      "path": "Handouts/Images/Portraits/Portrait of Parriwimple.md",
      "local": "created",
      "remote": "ADDED"
    },
    {
      "path": "Handouts/Images/Portraits/Portrait of Pidlwick II.md",
      "local": "created",
      "remote": "ADDED"
    },
    {
      "path": "Handouts/Images/Portraits/Portrait of Rahadin.md",
      "local": "created",
      "remote": "ADDED"
    },
    {
      "path": "Handouts/Images/Portraits/Portrait of Rictavio.md",
      "local": "created",
      "remote": "ADDED"
    },
    {
      "path": "Handouts/Images/Portraits/Portrait of Rina.md",
      "local": "created",
      "remote": "ADDED"
    },
    {
      "path": "Handouts/Images/Portraits/Portrait of Rose and Thorne.md",
      "local": "created",
      "remote": "ADDED"
    },
    {
      "path": "Handouts/Images/Portraits/Portrait of Sir Godfrey Gwilym.md",
      "local": "created",
      "remote": "ADDED"
    },
    {
      "path": "Handouts/Images/Portraits/Portrait of Stefania.md",
      "local": "created",
      "remote": "ADDED"
    },
    {
      "path": "Handouts/Images/Portraits/Portrait of Stella Wachter.md",
      "local": "created",
      "remote": "ADDED"
    },
    {
      "path": "Handouts/Images/Portraits/Portrait of Strahd and Beucephalus.md",
      "local": "created",
      "remote": "ADDED"
    },
    {
      "path": "Handouts/Images/Portraits/Portrait of The Abbot.md",
      "local": "created",
      "remote": "ADDED"
    },
    {
      "path": "Handouts/Images/Portraits/Portrait of Urwin Martikov.md",
      "local": "created",
      "remote": "ADDED"
    },
    {
      "path": "Handouts/Images/Portraits/Portrait of Vampyr.md",
      "local": "created",
      "remote": "ADDED"
    },
    {
      "path": "Handouts/Images/Portraits/Portrait of Vasilka.md",
      "local": "created",
      "remote": "ADDED"
    },
    {
      "path": "Handouts/Images/Portraits/Portrait of Victor Vallakovich.md",
      "local": "created",
      "remote": "ADDED"
    },
    {
      "path": "Handouts/Images/Portraits/Portrait of Vilnius.md",
      "local": "created",
      "remote": "ADDED"
    },
    {
      "path": "Handouts/Images/Portraits/Portrait of Vladimir Horngaard.md",
      "local": "created",
      "remote": "ADDED"
    },
    {
      "path": "Handouts/Images/Portraits/Portrait of Willemina.md",
      "local": "created",
      "remote": "ADDED"
    },
    {
      "path": "Handouts/Images/Portraits/Portrait of Yelena Arasek.md",
      "local": "created",
      "remote": "ADDED"
    },
    {
      "path": "Handouts/Images/Portraits/Portrait of Yeska.md",
      "local": "created",
      "remote": "ADDED"
    },
    {
      "path": "Handouts/Images/Portraits/Portrait of Zygfrek.md",
      "local": "created",
      "remote": "ADDED"
    },
    {
      "path": "Handouts/Images/Portraits/Portrait of the Forgetful Lich.md",
      "local": "created",
      "remote": "ADDED"
    },
    {
      "path": "Handouts/Images/Portraits/Portrait of the Mad Mage.md",
      "local": "created",
      "remote": "ADDED"
    },
    {
      "path": "Handouts/Images/Portraits/Portraits of Granny.md",
      "local": "created",
      "remote": "ADDED"
    },
    {
      "path": "Handouts/Images/Things/Black Carriage Image.md",
      "local": "created",
      "remote": "ADDED"
    },
    {
      "path": "Handouts/Images/Things/Death Slaad Handout.md",
      "local": "created",
      "remote": "ADDED"
    },
    {
      "path": "Handouts/Images/Things/Flameskull Handout.md",
      "local": "created",
      "remote": "ADDED"
    },
    {
      "path": "Handouts/Images/Things/Heart of Sorrow Image.md",
      "local": "created",
      "remote": "ADDED"
    },
    {
      "path": "Handouts/Images/Things/Hut.md",
      "local": "created",
      "remote": "ADDED"
    },
    {
      "path": "Handouts/Images/Things/Icon of Ravenloft Handout.md",
      "local": "created",
      "remote": "ADDED"
    },
    {
      "path": "Handouts/Images/Things/Icon of Ravenloft Image.md",
      "local": "created",
      "remote": "ADDED"
    },
    {
      "path": "Handouts/Images/Things/Image of The Holy Symbol of Ravenkind.md",
      "local": "created",
      "remote": "ADDED"
    },
    {
      "path": "Handouts/Images/Things/Image of Wintersplinter.md",
      "local": "created",
      "remote": "ADDED"
    },
    {
      "path": "Handouts/Images/Things/Images of Sticks.md",
      "local": "created",
      "remote": "ADDED"
    },
    {
      "path": "Handouts/Images/Things/Nothic Handout.md",
      "local": "created",
      "remote": "ADDED"
    },
    {
      "path": "Handouts/Images/Things/Roc of Mount Ghakis Handout.md",
      "local": "created",
      "remote": "ADDED"
    },
    {
      "path": "Handouts/Items/Adventurer's Battleaxe.md",
      "local": "created",
      "remote": "ADDED"
    },
    {
      "path": "Handouts/Items/Blood Spear of Kavan.md",
      "local": "created",
      "remote": "ADDED"
    },
    {
      "path": "Handouts/Items/Cloak of Protection.md",
      "local": "created",
      "remote": "ADDED"
    },
    {
      "path": "Handouts/Items/Cultist Logbook.md",
      "local": "created",
      "remote": "ADDED"
    },
    {
      "path": "Handouts/Items/Deck of Some Things.md",
      "local": "created",
      "remote": "ADDED"
    },
    {
      "path": "Handouts/Items/Green Copper Ewer Handout.md",
      "local": "created",
      "remote": "ADDED"
    },
    {
      "path": "Handouts/Items/Gulthias Staff Handout.md",
      "local": "created",
      "remote": "ADDED"
    },
    {
      "path": "Handouts/Items/Holy Symbol of Ravenkind Handout.md",
      "local": "created",
      "remote": "ADDED"
    },
    {
      "path": "Handouts/Items/Icon of Ravenloft Handout.md",
      "local": "created",
      "remote": "ADDED"
    },
    {
      "path": "Handouts/Items/Orb of the Warmage.md",
      "local": "created",
      "remote": "ADDED"
    },
    {
      "path": "Handouts/Items/Potion of Healing.md",
      "local": "created",
      "remote": "ADDED"
    },
    {
      "path": "Handouts/Items/St Andral's Votive Candle.md",
      "local": "created",
      "remote": "ADDED"
    },
    {
      "path": "Handouts/Items/Statue of St Markovia Handout.md",
      "local": "created",
      "remote": "ADDED"
    },
    {
      "path": "Handouts/Items/Sunsword.md",
      "local": "created",
      "remote": "ADDED"
    },
    {
      "path": "Handouts/Items/Tome of Strahd Handout.md",
      "local": "created",
      "remote": "ADDED"
    },
    {
      "path": "Handouts/Items/Wand of Secrets Handout.md",
      "local": "created",
      "remote": "ADDED"
    },
    {
      "path": "Handouts/Letters/Argynvost's Journal.md",
      "local": "created",
      "remote": "ADDED"
    },
    {
      "path": "Handouts/Letters/Bella's Letter.md",
      "local": "created",
      "remote": "ADDED"
    },
    {
      "path": "Handouts/Letters/Elisabeth Durst's Unsent Letter.md",
      "local": "created",
      "remote": "ADDED"
    },
    {
      "path": "Handouts/Letters/Gustav Durst's Suicide Note.md",
      "local": "created",
      "remote": "ADDED"
    },
    {
      "path": "Handouts/Letters/Ismark's Letter.md",
      "local": "created",
      "remote": "ADDED"
    },
    {
      "path": "Handouts/Letters/Kolyan Indirovich's v1 Letter.md",
      "local": "created",
      "remote": "ADDED"
    },
    {
      "path": "Handouts/Letters/Kolyan Indirovich's v2 Letter.md",
      "local": "created",
      "remote": "ADDED"
    },
    {
      "path": "Handouts/Letters/Letter from Strahd von Zarovich to Gustav Durst.md",
      "local": "created",
      "remote": "ADDED"
    },
    {
      "path": "Handouts/Letters/New Vallaki Proclamation.md",
      "local": "created",
      "remote": "ADDED"
    },
    {
      "path": "Handouts/Letters/Old Vallaki Proclamation.md",
      "local": "created",
      "remote": "ADDED"
    },
    {
      "path": "Handouts/Letters/Strahd's Invitation.md",
      "local": "created",
      "remote": "ADDED"
    },
    {
      "path": "Handouts/Letters/Strahd's Second Invitation.md",
      "local": "created",
      "remote": "ADDED"
    },
    {
      "path": "Handouts/Letters/Tome of Strahd.md",
      "local": "created",
      "remote": "ADDED"
    },
    {
      "path": "Handouts/Letters/Van Richten's Journal Entry.md",
      "local": "created",
      "remote": "ADDED"
    },
    {
      "path": "Handouts/Maps/Amber Temple/Amber Temple Maps.md",
      "local": "created",
      "remote": "ADDED"
    },
    {
      "path": "Handouts/Maps/Barovia Church Map.md",
      "local": "created",
      "remote": "ADDED"
    },
    {
      "path": "Handouts/Maps/Barovia Map.md",
      "local": "created",
      "remote": "ADDED"
    },
    {
      "path": "Handouts/Maps/Berez/Berez Map.md",
      "local": "created",
      "remote": "ADDED"
    },
    {
      "path": "Handouts/Maps/Berez/Creeping Hut Map.md",
      "local": "created",
      "remote": "ADDED"
    },
    {
      "path": "Handouts/Maps/Krezk/Krezk Map.md",
      "local": "created",
      "remote": "ADDED"
    },
    {
      "path": "Handouts/Maps/Old Svalich Road Map.md",
      "local": "created",
      "remote": "ADDED"
    },
    {
      "path": "Handouts/Maps/River Ivlis Crossroads Map.md",
      "local": "created",
      "remote": "ADDED"
    },
    {
      "path": "Handouts/Maps/The Windmill Map.md",
      "local": "created",
      "remote": "ADDED"
    },
    {
      "path": "Handouts/Maps/Tser Falls Map.md",
      "local": "created",
      "remote": "ADDED"
    },
    {
      "path": "Handouts/Maps/Tser Pool Map.md",
      "local": "created",
      "remote": "ADDED"
    },
    {
      "path": "Handouts/Maps/Vallaki/Burgomaster's Mansion Map.md",
      "local": "created",
      "remote": "ADDED"
    },
    {
      "path": "Handouts/Maps/Vallaki/Coffin Maker's Shop Map.md",
      "local": "created",
      "remote": "ADDED"
    },
    {
      "path": "Handouts/Maps/Vallaki/Orphanage Map.md",
      "local": "created",
      "remote": "ADDED"
    },
    {
      "path": "Handouts/Maps/Vallaki/Reformation Center Map.md",
      "local": "created",
      "remote": "ADDED"
    },
    {
      "path": "Handouts/Maps/Vallaki/The Blue Water Inn Map.md",
      "local": "created",
      "remote": "ADDED"
    },
    {
      "path": "Handouts/Maps/Vallaki/Vallaki Map.md",
      "local": "created",
      "remote": "ADDED"
    },
    {
      "path": "Handouts/Maps/Vallaki/Vistani Camp Map.md",
      "local": "created",
      "remote": "ADDED"
    },
    {
      "path": "Handouts/Maps/Vallaki/Wachterhaus Map.md",
      "local": "created",
      "remote": "ADDED"
    },
    {
      "path": "Handouts/Maps/Village of Barovia Map.md",
      "local": "created",
      "remote": "ADDED"
    },
    {
      "path": "Handouts/Maps/Wizard of Wines Map.md",
      "local": "created",
      "remote": "ADDED"
    },
    {
      "path": "Handouts/Maps/Yester Hill Map.md",
      "local": "created",
      "remote": "ADDED"
    },
    {
      "path": "Handouts/Misc/Among the Dead Feature.md",
      "local": "created",
      "remote": "ADDED"
    },
    {
      "path": "Handouts/Misc/Argynvostholt's History.md",
      "local": "created",
      "remote": "ADDED"
    },
    {
      "path": "Handouts/Misc/Champagne du le Stomp.md",
      "local": "created",
      "remote": "ADDED"
    },
    {
      "path": "Handouts/Misc/Guest as Escher.md",
      "local": "created",
      "remote": "ADDED"
    },
    {
      "path": "Handouts/Misc/Guest as Granny.md",
      "local": "created",
      "remote": "ADDED"
    },
    {
      "path": "Handouts/Misc/Guest as the Mad Mage.md",
      "local": "created",
      "remote": "ADDED"
    },
    {
      "path": "Handouts/Misc/Madam Eva's Card Reading.md",
      "local": "created",
      "remote": "ADDED"
    },
    {
      "path": "Handouts/Misc/Pelanil's Conversation with Menigal.md",
      "local": "created",
      "remote": "ADDED"
    },
    {
      "path": "Handouts/Misc/Pelanil's NDE.md",
      "local": "created",
      "remote": "ADDED"
    },
    {
      "path": "Handouts/Misc/Purple Grapemash No. 3.md",
      "local": "created",
      "remote": "ADDED"
    },
    {
      "path": "Handouts/Misc/Quests.md",
      "local": "created",
      "remote": "ADDED"
    },
    {
      "path": "Handouts/Misc/Red Dragon Crush.md",
      "local": "created",
      "remote": "ADDED"
    },
    {
      "path": "Handouts/Misc/Rictavio's Tale at the Blue Water Inn.md",
      "local": "created",
      "remote": "ADDED"
    },
    {
      "path": "Handouts/Misc/Strahd's Dinner Conversation.md",
      "local": "created",
      "remote": "ADDED"
    },
    {
      "path": "Handouts/Misc/The Beacon is Lit.md",
      "local": "created",
      "remote": "ADDED"
    },
    {
      "path": "Handouts/Misc/The Martikovs and the Forest Folk.md",
      "local": "created",
      "remote": "ADDED"
    },
    {
      "path": "Handouts/Stat Blocks/Lancelot Stat Block.md",
      "local": "created",
      "remote": "ADDED"
    },
    {
      "path": "Handouts/Stat Blocks/Piccolo Statblock Handout.md",
      "local": "created",
      "remote": "ADDED"
    },
    {
      "path": "Locations/Argynvostholt (Q).md",
      "local": "created",
      "remote": "ADDED"
    },
    {
      "path": "Locations/Black Carriage (I).md",
      "local": "created",
      "remote": "ADDED"
    },
    {
      "path": "Locations/Castle Ravenloft (K).md",
      "local": "created",
      "remote": "ADDED"
    },
    {
      "path": "Locations/Death House.md",
      "local": "created",
      "remote": "ADDED"
    },
    {
      "path": "Locations/Gates of Barovia (B).md",
      "local": "created",
      "remote": "ADDED"
    },
    {
      "path": "Locations/Gates of Ravenloft (J).md",
      "local": "created",
      "remote": "ADDED"
    },
    {
      "path": "Locations/Lake Zarovich (L).md",
      "local": "created",
      "remote": "ADDED"
    },
    {
      "path": "Locations/Luna River Crossroads (P).md",
      "local": "created",
      "remote": "ADDED"
    },
    {
      "path": "Locations/Mount Baratok (M).md",
      "local": "created",
      "remote": "ADDED"
    },
    {
      "path": "Locations/Old Bonegrinder (O).md",
      "local": "created",
      "remote": "ADDED"
    },
    {
      "path": "Locations/Old Svalich Road (A).md",
      "local": "created",
      "remote": "ADDED"
    },
    {
      "path": "Locations/Raven River Crossroads (R).md",
      "local": "created",
      "remote": "ADDED"
    },
    {
      "path": "Locations/River Ivlis (D).md",
      "local": "created",
      "remote": "ADDED"
    },
    {
      "path": "Locations/River Ivlis Crossroads (F).md",
      "local": "created",
      "remote": "ADDED"
    },
    {
      "path": "Locations/Ruins of Berez (U).md",
      "local": "created",
      "remote": "ADDED"
    },
    {
      "path": "Locations/Svalich Woods (C).md",
      "local": "created",
      "remote": "ADDED"
    },
    {
      "path": "Locations/The Amber Temple (X).md",
      "local": "created",
      "remote": "ADDED"
    },
    {
      "path": "Locations/The Town of Vallaki (N).md",
      "local": "created",
      "remote": "ADDED"
    },
    {
      "path": "Locations/The Wizard of Wines (W).md",
      "local": "created",
      "remote": "ADDED"
    },
    {
      "path": "Locations/Tser Falls (H).md",
      "local": "created",
      "remote": "ADDED"
    },
    {
      "path": "Locations/Tser Pool Encampment (G).md",
      "local": "created",
      "remote": "ADDED"
    },
    {
      "path": "Locations/Tsolenka Pass (T).md",
      "local": "created",
      "remote": "ADDED"
    },
    {
      "path": "Locations/Van Richten's Tower (V).md",
      "local": "created",
      "remote": "ADDED"
    },
    {
      "path": "Locations/Village of Barovia (E).md",
      "local": "created",
      "remote": "ADDED"
    },
    {
      "path": "Locations/Village of Krezk (S).md",
      "local": "created",
      "remote": "ADDED"
    },
    {
      "path": "Locations/Werewolf Den (Z).md",
      "local": "created",
      "remote": "ADDED"
    },
    {
      "path": "Locations/Yester Hill (Y).md",
      "local": "created",
      "remote": "ADDED"
    },
    {
      "path": "Misc/Areas By Level.md",
      "local": "created",
      "remote": "ADDED"
    },
    {
      "path": "Misc/Campaign Items/Green Copper Ewer.md",
      "local": "created",
      "remote": "ADDED"
    },
    {
      "path": "Misc/Campaign Items/Gulthias Staff.md",
      "local": "created",
      "remote": "ADDED"
    },
    {
      "path": "Misc/Campaign Items/Icon of Ravenloft.md",
      "local": "created",
      "remote": "ADDED"
    },
    {
      "path": "Misc/Campaign Items/Magic Gem.md",
      "local": "created",
      "remote": "ADDED"
    },
    {
      "path": "Misc/Campaign Items/Statue of Saint Markovia.md",
      "local": "created",
      "remote": "ADDED"
    },
    {
      "path": "Misc/Campaign Items/Sunsword.md",
      "local": "created",
      "remote": "ADDED"
    },
    {
      "path": "Misc/Campaign Items/The Holy Symbol of Ravenkind.md",
      "local": "created",
      "remote": "ADDED"
    },
    {
      "path": "Misc/Campaign Items/The Tome of Strahd.md",
      "local": "created",
      "remote": "ADDED"
    },
    {
      "path": "Misc/Card Reading.md",
      "local": "created",
      "remote": "ADDED"
    },
    {
      "path": "Misc/Character Sheets/5E_CharacterSheet_Fillable_2_2.pdf",
      "local": "created",
      "remote": "ADDED"
    },
    {
      "path": "Misc/Character Sheets/DK_Pelinal.pdf",
      "local": "created",
      "remote": "ADDED"
    },
    {
      "path": "Misc/Character Sheets/PelinalCharSheet.pdf",
      "local": "created",
      "remote": "ADDED"
    },
    {
      "path": "Misc/Congratulations, You're Dead.md",
      "local": "created",
      "remote": "ADDED"
    },
    {
      "path": "Misc/Demiplane of Dread.md",
      "local": "created",
      "remote": "ADDED"
    },
    {
      "path": "Misc/Dinner with Strahd.md",
      "local": "created",
      "remote": "ADDED"
    },
    {
      "path": "Misc/Eventual Callbacks.md",
      "local": "created",
      "remote": "ADDED"
    },
    {
      "path": "Misc/If Players Die.md",
      "local": "created",
      "remote": "ADDED"
    },
    {
      "path": "Misc/Lycanthropy.md",
      "local": "created",
      "remote": "ADDED"
    },
    {
      "path": "Misc/Map of Barovia.md",
      "local": "created",
      "remote": "ADDED"
    },
    {
      "path": "Misc/Mechanics of Dream Pastries.md",
      "local": "created",
      "remote": "ADDED"
    },
    {
      "path": "Misc/Mists of Ravenloft.md",
      "local": "created",
      "remote": "ADDED"
    },
    {
      "path": "Misc/Music Compiled (Web).md",
      "local": "created",
      "remote": "ADDED"
    },
    {
      "path": "Misc/Music Compiled.md",
      "local": "created",
      "remote": "ADDED"
    },
    {
      "path": "Misc/PC Boons and Banes.md",
      "local": "created",
      "remote": "ADDED"
    },
    {
      "path": "Misc/Peoples and Lore/Barovian Lore.md",
      "local": "created",
      "remote": "ADDED"
    },
    {
      "path": "Misc/Peoples and Lore/Barovian Names.md",
      "local": "created",
      "remote": "ADDED"
    },
    {
      "path": "Misc/Peoples and Lore/Dark Powers.md",
      "local": "created",
      "remote": "ADDED"
    },
    {
      "path": "Misc/Peoples and Lore/Forest Folk.md",
      "local": "created",
      "remote": "ADDED"
    },
    {
      "path": "Misc/Peoples and Lore/Jesus.md",
      "local": "created",
      "remote": "ADDED"
    },
    {
      "path": "Misc/Peoples and Lore/Krezk Lore.md",
      "local": "created",
      "remote": "ADDED"
    },
    {
      "path": "Misc/Peoples and Lore/Mother Night.md",
      "local": "created",
      "remote": "ADDED"
    },
    {
      "path": "Misc/Peoples and Lore/Rictavio's Tale.md",
      "local": "created",
      "remote": "ADDED"
    },
    {
      "path": "Misc/Peoples and Lore/St Andral.md",
      "local": "created",
      "remote": "ADDED"
    },
    {
      "path": "Misc/Peoples and Lore/The Keepers of the Feather.md",
      "local": "created",
      "remote": "ADDED"
    },
    {
      "path": "Misc/Peoples and Lore/The Morninglord.md",
      "local": "created",
      "remote": "ADDED"
    },
    {
      "path": "Misc/Peoples and Lore/The Order of the Silver Dragon.md",
      "local": "created",
      "remote": "ADDED"
    },
    {
      "path": "Misc/Peoples and Lore/Vallaki Lore.md",
      "local": "created",
      "remote": "ADDED"
    },
    {
      "path": "Misc/Peoples and Lore/Vistani.md",
      "local": "created",
      "remote": "ADDED"
    },
    {
      "path": "Misc/RAW/Adventuring Gear.md",
      "local": "created",
      "remote": "ADDED"
    },
    {
      "path": "Misc/RAW/Cackle Fever.md",
      "local": "created",
      "remote": "ADDED"
    },
    {
      "path": "Misc/RAW/Extreme Cold.md",
      "local": "created",
      "remote": "ADDED"
    },
    {
      "path": "Misc/RAW/Hag Eye.md",
      "local": "created",
      "remote": "ADDED"
    },
    {
      "path": "Misc/RAW/Pale Tincture (Ingested).md",
      "local": "created",
      "remote": "ADDED"
    },
    {
      "path": "Misc/Random Book Table.md",
      "local": "created",
      "remote": "ADDED"
    },
    {
      "path": "Misc/Random Encounters.md",
      "local": "created",
      "remote": "ADDED"
    },
    {
      "path": "Misc/Shopping in Barovia.md",
      "local": "created",
      "remote": "ADDED"
    },
    {
      "path": "Misc/Strahd's Answers to Questions.md",
      "local": "created",
      "remote": "ADDED"
    },
    {
      "path": "Notes/Battles/1715738690623 - Encounter.md",
      "local": "created",
      "remote": "ADDED"
    },
    {
      "path": "Notes/Battles/1731896756003 - Combat.md",
      "local": "created",
      "remote": "ADDED"
    },
    {
      "path": "Notes/Battles/1735342580606 - Combat.md",
      "local": "created",
      "remote": "ADDED"
    },
    {
      "path": "Notes/Battles/1747764131912 - Roc of Mount Ghakis.md",
      "local": "created",
      "remote": "ADDED"
    },
    {
      "path": "Notes/Battles/1747765871936 - Roc of Mount Ghakis.md",
      "local": "created",
      "remote": "ADDED"
    },
    {
      "path": "Notes/Battles/1748304040002 - Roc of Mount Ghakis.md",
      "local": "created",
      "remote": "ADDED"
    },
    {
      "path": "Notes/Battles/1754259611944 - Combat.md",
      "local": "created",
      "remote": "ADDED"
    },
    {
      "path": "Notes/Battles/1754760977041 - Combat.md",
      "local": "created",
      "remote": "ADDED"
    },
    {
      "path": "Notes/Battles/1754761072506 - Combat.md",
      "local": "created",
      "remote": "ADDED"
    },
    {
      "path": "Notes/Battles/1754859996621 - Strahd.md",
      "local": "created",
      "remote": "ADDED"
    },
    {
      "path": "Notes/Campaign Notes.md",
      "local": "created",
      "remote": "ADDED"
    },
    {
      "path": "Notes/Combined Campaign Notes.md",
      "local": "created",
      "remote": "ADDED"
    },
    {
      "path": "Notes/Full Notes.md",
      "local": "created",
      "remote": "ADDED"
    },
    {
      "path": "Notes/Healer Feat.md",
      "local": "created",
      "remote": "ADDED"
    },
    {
      "path": "Notes/Index.md",
      "local": "created",
      "remote": "ADDED"
    },
    {
      "path": "Notes/New Handouts.md",
      "local": "created",
      "remote": "ADDED"
    },
    {
      "path": "Notes/README.md",
      "local": "created",
      "remote": "ADDED"
    },
    {
      "path": "Notes/Roc of Mount Ghakis.md",
      "local": "created",
      "remote": "ADDED"
    },
    {
      "path": "Notes/Session Notes/Session 1.md",
      "local": "created",
      "remote": "ADDED"
    },
    {
      "path": "Notes/Session Notes/Session 10.md",
      "local": "created",
      "remote": "ADDED"
    },
    {
      "path": "Notes/Session Notes/Session 11.md",
      "local": "created",
      "remote": "ADDED"
    },
    {
      "path": "Notes/Session Notes/Session 12.md",
      "local": "created",
      "remote": "ADDED"
    },
    {
      "path": "Notes/Session Notes/Session 13.md",
      "local": "created",
      "remote": "ADDED"
    },
    {
      "path": "Notes/Session Notes/Session 14.md",
      "local": "created",
      "remote": "ADDED"
    },
    {
      "path": "Notes/Session Notes/Session 15.md",
      "local": "created",
      "remote": "ADDED"
    },
    {
      "path": "Notes/Session Notes/Session 16.md",
      "local": "created",
      "remote": "ADDED"
    },
    {
      "path": "Notes/Session Notes/Session 17.md",
      "local": "created",
      "remote": "ADDED"
    },
    {
      "path": "Notes/Session Notes/Session 18.md",
      "local": "created",
      "remote": "ADDED"
    },
    {
      "path": "Notes/Session Notes/Session 19.md",
      "local": "created",
      "remote": "ADDED"
    },
    {
      "path": "Notes/Session Notes/Session 2.md",
      "local": "created",
      "remote": "ADDED"
    },
    {
      "path": "Notes/Session Notes/Session 20.md",
      "local": "created",
      "remote": "ADDED"
    },
    {
      "path": "Notes/Session Notes/Session 21.md",
      "local": "created",
      "remote": "ADDED"
    },
    {
      "path": "Notes/Session Notes/Session 22.md",
      "local": "created",
      "remote": "ADDED"
    },
    {
      "path": "Notes/Session Notes/Session 23.md",
      "local": "created",
      "remote": "ADDED"
    },
    {
      "path": "Notes/Session Notes/Session 24.md",
      "local": "created",
      "remote": "ADDED"
    },
    {
      "path": "Notes/Session Notes/Session 25.md",
      "local": "created",
      "remote": "ADDED"
    },
    {
      "path": "Notes/Session Notes/Session 26.md",
      "local": "created",
      "remote": "ADDED"
    },
    {
      "path": "Notes/Session Notes/Session 27.md",
      "local": "created",
      "remote": "ADDED"
    },
    {
      "path": "Notes/Session Notes/Session 28.md",
      "local": "created",
      "remote": "ADDED"
    },
    {
      "path": "Notes/Session Notes/Session 29.md",
      "local": "created",
      "remote": "ADDED"
    },
    {
      "path": "Notes/Session Notes/Session 3.md",
      "local": "created",
      "remote": "ADDED"
    },
    {
      "path": "Notes/Session Notes/Session 30.md",
      "local": "created",
      "remote": "ADDED"
    },
    {
      "path": "Notes/Session Notes/Session 31.md",
      "local": "created",
      "remote": "ADDED"
    },
    {
      "path": "Notes/Session Notes/Session 32.md",
      "local": "created",
      "remote": "ADDED"
    },
    {
      "path": "Notes/Session Notes/Session 33.md",
      "local": "created",
      "remote": "ADDED"
    },
    {
      "path": "Notes/Session Notes/Session 34.md",
      "local": "created",
      "remote": "ADDED"
    },
    {
      "path": "Notes/Session Notes/Session 35.md",
      "local": "created",
      "remote": "ADDED"
    },
    {
      "path": "Notes/Session Notes/Session 36.md",
      "local": "created",
      "remote": "ADDED"
    },
    {
      "path": "Notes/Session Notes/Session 37.md",
      "local": "created",
      "remote": "ADDED"
    },
    {
      "path": "Notes/Session Notes/Session 38.md",
      "local": "created",
      "remote": "ADDED"
    },
    {
      "path": "Notes/Session Notes/Session 39.md",
      "local": "created",
      "remote": "ADDED"
    },
    {
      "path": "Notes/Session Notes/Session 4.md",
      "local": "created",
      "remote": "ADDED"
    },
    {
      "path": "Notes/Session Notes/Session 40.md",
      "local": "created",
      "remote": "ADDED"
    },
    {
      "path": "Notes/Session Notes/Session 5.md",
      "local": "created",
      "remote": "ADDED"
    },
    {
      "path": "Notes/Session Notes/Session 6.md",
      "local": "created",
      "remote": "ADDED"
    },
    {
      "path": "Notes/Session Notes/Session 7.md",
      "local": "created",
      "remote": "ADDED"
    },
    {
      "path": "Notes/Session Notes/Session 8-9.md",
      "local": "created",
      "remote": "ADDED"
    },
    {
      "path": "Notes/Session Prep/Session 0.md",
      "local": "created",
      "remote": "ADDED"
    },
    {
      "path": "Notes/Session Prep/Session 1.md",
      "local": "created",
      "remote": "ADDED"
    },
    {
      "path": "Notes/Session Prep/Session 10.md",
      "local": "created",
      "remote": "ADDED"
    },
    {
      "path": "Notes/Session Prep/Session 11.md",
      "local": "created",
      "remote": "ADDED"
    },
    {
      "path": "Notes/Session Prep/Session 12.md",
      "local": "created",
      "remote": "ADDED"
    },
    {
      "path": "Notes/Session Prep/Session 13.md",
      "local": "created",
      "remote": "ADDED"
    },
    {
      "path": "Notes/Session Prep/Session 14.md",
      "local": "created",
      "remote": "ADDED"
    },
    {
      "path": "Notes/Session Prep/Session 15.md",
      "local": "created",
      "remote": "ADDED"
    },
    {
      "path": "Notes/Session Prep/Session 16.md",
      "local": "created",
      "remote": "ADDED"
    },
    {
      "path": "Notes/Session Prep/Session 17.md",
      "local": "created",
      "remote": "ADDED"
    },
    {
      "path": "Notes/Session Prep/Session 18.md",
      "local": "created",
      "remote": "ADDED"
    },
    {
      "path": "Notes/Session Prep/Session 2.md",
      "local": "created",
      "remote": "ADDED"
    },
    {
      "path": "Notes/Session Prep/Session 20.md",
      "local": "created",
      "remote": "ADDED"
    },
    {
      "path": "Notes/Session Prep/Session 21.md",
      "local": "created",
      "remote": "ADDED"
    },
    {
      "path": "Notes/Session Prep/Session 22.md",
      "local": "created",
      "remote": "ADDED"
    },
    {
      "path": "Notes/Session Prep/Session 23.md",
      "local": "created",
      "remote": "ADDED"
    },
    {
      "path": "Notes/Session Prep/Session 25.md",
      "local": "created",
      "remote": "ADDED"
    },
    {
      "path": "Notes/Session Prep/Session 26.md",
      "local": "created",
      "remote": "ADDED"
    },
    {
      "path": "Notes/Session Prep/Session 27.md",
      "local": "created",
      "remote": "ADDED"
    },
    {
      "path": "Notes/Session Prep/Session 28.md",
      "local": "created",
      "remote": "ADDED"
    },
    {
      "path": "Notes/Session Prep/Session 29.md",
      "local": "created",
      "remote": "ADDED"
    },
    {
      "path": "Notes/Session Prep/Session 3.md",
      "local": "created",
      "remote": "ADDED"
    },
    {
      "path": "Notes/Session Prep/Session 30.md",
      "local": "created",
      "remote": "ADDED"
    },
    {
      "path": "Notes/Session Prep/Session 31.md",
      "local": "created",
      "remote": "ADDED"
    },
    {
      "path": "Notes/Session Prep/Session 32.md",
      "local": "created",
      "remote": "ADDED"
    },
    {
      "path": "Notes/Session Prep/Session 33.md",
      "local": "created",
      "remote": "ADDED"
    },
    {
      "path": "Notes/Session Prep/Session 34.md",
      "local": "created",
      "remote": "ADDED"
    },
    {
      "path": "Notes/Session Prep/Session 35.md",
      "local": "created",
      "remote": "ADDED"
    },
    {
      "path": "Notes/Session Prep/Session 36.md",
      "local": "created",
      "remote": "ADDED"
    },
    {
      "path": "Notes/Session Prep/Session 37.md",
      "local": "created",
      "remote": "ADDED"
    },
    {
      "path": "Notes/Session Prep/Session 38.md",
      "local": "created",
      "remote": "ADDED"
    },
    {
      "path": "Notes/Session Prep/Session 39.md",
      "local": "created",
      "remote": "ADDED"
    },
    {
      "path": "Notes/Session Prep/Session 4.md",
      "local": "created",
      "remote": "ADDED"
    },
    {
      "path": "Notes/Session Prep/Session 40.md",
      "local": "created",
      "remote": "ADDED"
    },
    {
      "path": "Notes/Session Prep/Session 41.md",
      "local": "created",
      "remote": "ADDED"
    },
    {
      "path": "Notes/Session Prep/Session 7.md",
      "local": "created",
      "remote": "ADDED"
    },
    {
      "path": "Notes/TODO.md",
      "local": "created",
      "remote": "ADDED"
    },
    {
      "path": "Notes/Unlisted Handouts.md",
      "local": "created",
      "remote": "ADDED"
    },
    {
      "path": "Notes/Website/AWSCLIV2.pkg",
      "local": "created",
      "remote": "ADDED"
    },
    {
      "path": "Notes/Website/favicon.ico",
      "local": "created",
      "remote": "ADDED"
    },
    {
      "path": "Notes/Website/scripts/clean-notes.py",
      "local": "created",
      "remote": "ADDED"
    },
    {
      "path": "Notes/Website/scripts/clean-notes.sh",
      "local": "created",
      "remote": "ADDED"
    },
    {
      "path": "Notes/Website/scripts/fix-broken-urls.py",
      "local": "created",
      "remote": "ADDED"
    },
    {
      "path": "Notes/Website/scripts/publish.sh",
      "local": "created",
      "remote": "ADDED"
    },
    {
      "path": "Notes/Website/scripts/re-root-urls.py",
      "local": "created",
      "remote": "ADDED"
    },
    {
      "path": "Notes/Website/styles.css",
      "local": "created",
      "remote": "ADDED"
    },
    {
      "path": "Notes/Website/webpage-html-export-stuff/custom-head-content.html",
      "local": "created",
      "remote": "ADDED"
    },
    {
      "path": "Roadmap.canvas",
      "local": "created",
      "remote": "ADDED"
    },
    {
      "path": "reference/Abilities.md",
      "local": "created",
      "remote": "ADDED"
    },
    {
      "path": "reference/Ability Checks.md",
      "local": "created",
      "remote": "ADDED"
    },
    {
      "path": "reference/Actions in Combat.md",
      "local": "created",
      "remote": "ADDED"
    },
    {
      "path": "reference/Advantage and Disadvantage.md",
      "local": "created",
      "remote": "ADDED"
    },
    {
      "path": "reference/Adventuring Gear.md",
      "local": "created",
      "remote": "ADDED"
    },
    {
      "path": "reference/Alignment.md",
      "local": "created",
      "remote": "ADDED"
    },
    {
      "path": "reference/Among the Dead.md",
      "local": "created",
      "remote": "ADDED"
    },
    {
      "path": "reference/Armor.md",
      "local": "created",
      "remote": "ADDED"
    },
    {
      "path": "reference/Artifacts.md",
      "local": "created",
      "remote": "ADDED"
    },
    {
      "path": "reference/Backgrounds.md",
      "local": "created",
      "remote": "ADDED"
    },
    {
      "path": "reference/Barbarian.md",
      "local": "created",
      "remote": "ADDED"
    },
    {
      "path": "reference/Bard.md",
      "local": "created",
      "remote": "ADDED"
    },
    {
      "path": "reference/Between Adventures.md",
      "local": "created",
      "remote": "ADDED"
    },
    {
      "path": "reference/Cantrips.md",
      "local": "created",
      "remote": "ADDED"
    },
    {
      "path": "reference/Casting a Spell.md",
      "local": "created",
      "remote": "ADDED"
    },
    {
      "path": "reference/Class Features.md",
      "local": "created",
      "remote": "ADDED"
    },
    {
      "path": "reference/Cleric.md",
      "local": "created",
      "remote": "ADDED"
    },
    {
      "path": "reference/Combat.md",
      "local": "created",
      "remote": "ADDED"
    },
    {
      "path": "reference/Combining Magical Effects.md",
      "local": "created",
      "remote": "ADDED"
    },
    {
      "path": "reference/Conditions.md",
      "local": "created",
      "remote": "ADDED"
    },
    {
      "path": "reference/Creatures.md",
      "local": "created",
      "remote": "ADDED"
    },
    {
      "path": "reference/Customizing NPCs.md",
      "local": "created",
      "remote": "ADDED"
    },
    {
      "path": "reference/Dragonborn.md",
      "local": "created",
      "remote": "ADDED"
    },
    {
      "path": "reference/Druid.md",
      "local": "created",
      "remote": "ADDED"
    },
    {
      "path": "reference/Dwarf.md",
      "local": "created",
      "remote": "ADDED"
    },
    {
      "path": "reference/Elf.md",
      "local": "created",
      "remote": "ADDED"
    },
    {
      "path": "reference/Equipment.md",
      "local": "created",
      "remote": "ADDED"
    },
    {
      "path": "reference/Exhaustion.md",
      "local": "created",
      "remote": "ADDED"
    },
    {
      "path": "reference/Expenses.md",
      "local": "created",
      "remote": "ADDED"
    },
    {
      "path": "reference/Feats.md",
      "local": "created",
      "remote": "ADDED"
    },
    {
      "path": "reference/Fighter.md",
      "local": "created",
      "remote": "ADDED"
    },
    {
      "path": "reference/Gnome.md",
      "local": "created",
      "remote": "ADDED"
    },
    {
      "path": "reference/Half-Elf.md",
      "local": "created",
      "remote": "ADDED"
    },
    {
      "path": "reference/Half-Orc.md",
      "local": "created",
      "remote": "ADDED"
    },
    {
      "path": "reference/Halfling.md",
      "local": "created",
      "remote": "ADDED"
    },
    {
      "path": "reference/Human.md",
      "local": "created",
      "remote": "ADDED"
    },
    {
      "path": "reference/Inspiration.md",
      "local": "created",
      "remote": "ADDED"
    },
    {
      "path": "reference/Languages.md",
      "local": "created",
      "remote": "ADDED"
    },
    {
      "path": "reference/Legendary Creatures.md",
      "local": "created",
      "remote": "ADDED"
    },
    {
      "path": "reference/Magic Items.md",
      "local": "created",
      "remote": "ADDED"
    },
    {
      "path": "reference/Making an Attack.md",
      "local": "created",
      "remote": "ADDED"
    },
    {
      "path": "reference/Monk.md",
      "local": "created",
      "remote": "ADDED"
    },
    {
      "path": "reference/Monster Statistics.md",
      "local": "created",
      "remote": "ADDED"
    },
    {
      "path": "reference/Monsters.md",
      "local": "created",
      "remote": "ADDED"
    },
    {
      "path": "reference/Mounted Combat.md",
      "local": "created",
      "remote": "ADDED"
    },
    {
      "path": "reference/Mounts and Vehicles.md",
      "local": "created",
      "remote": "ADDED"
    },
    {
      "path": "reference/Movement and Position.md",
      "local": "created",
      "remote": "ADDED"
    },
    {
      "path": "reference/Movement.md",
      "local": "created",
      "remote": "ADDED"
    },
    {
      "path": "reference/Multiclassing.md",
      "local": "created",
      "remote": "ADDED"
    },
    {
      "path": "reference/NPCs.md",
      "local": "created",
      "remote": "ADDED"
    },
    {
      "path": "reference/Paladin.md",
      "local": "created",
      "remote": "ADDED"
    },
    {
      "path": "reference/Pantheons.md",
      "local": "created",
      "remote": "ADDED"
    },
    {
      "path": "reference/Planes.md",
      "local": "created",
      "remote": "ADDED"
    },
    {
      "path": "reference/Poison needle trap.md",
      "local": "created",
      "remote": "ADDED"
    },
    {
      "path": "reference/Proficiency Bonus.md",
      "local": "created",
      "remote": "ADDED"
    },
    {
      "path": "reference/Races.md",
      "local": "created",
      "remote": "ADDED"
    },
    {
      "path": "reference/Ranger.md",
      "local": "created",
      "remote": "ADDED"
    },
    {
      "path": "reference/Reactions.md",
      "local": "created",
      "remote": "ADDED"
    },
    {
      "path": "reference/Resting.md",
      "local": "created",
      "remote": "ADDED"
    },
    {
      "path": "reference/Rituals.md",
      "local": "created",
      "remote": "ADDED"
    },
    {
      "path": "reference/Rogue.md",
      "local": "created",
      "remote": "ADDED"
    },
    {
      "path": "reference/Saving Throws.md",
      "local": "created",
      "remote": "ADDED"
    },
    {
      "path": "reference/Sentient Magic.md",
      "local": "created",
      "remote": "ADDED"
    },
    {
      "path": "reference/Situational Rules.md",
      "local": "created",
      "remote": "ADDED"
    },
    {
      "path": "reference/Sorcerer.md",
      "local": "created",
      "remote": "ADDED"
    },
    {
      "path": "reference/Spell Attack Rolls.md",
      "local": "created",
      "remote": "ADDED"
    },
    {
      "path": "reference/Spell Saving Throws.md",
      "local": "created",
      "remote": "ADDED"
    },
    {
      "path": "reference/Spellcasting.md",
      "local": "created",
      "remote": "ADDED"
    },
    {
      "path": "reference/Spells.md",
      "local": "created",
      "remote": "ADDED"
    },
    {
      "path": "reference/The Environment.md",
      "local": "created",
      "remote": "ADDED"
    },
    {
      "path": "reference/Tiefling.md",
      "local": "created",
      "remote": "ADDED"
    },
    {
      "path": "reference/Time.md",
      "local": "created",
      "remote": "ADDED"
    },
    {
      "path": "reference/Tools.md",
      "local": "created",
      "remote": "ADDED"
    },
    {
      "path": "reference/Trade Goods.md",
      "local": "created",
      "remote": "ADDED"
    },
    {
      "path": "reference/Treasure.md",
      "local": "created",
      "remote": "ADDED"
    },
    {
      "path": "reference/Underwater Combat.md",
      "local": "created",
      "remote": "ADDED"
    },
    {
      "path": "reference/Vision and Light.md",
      "local": "created",
      "remote": "ADDED"
    },
    {
      "path": "reference/Warlock.md",
      "local": "created",
      "remote": "ADDED"
    },
    {
      "path": "reference/Weapons.md",
      "local": "created",
      "remote": "ADDED"
    },
    {
      "path": "reference/Wizard.md",
      "local": "created",
      "remote": "ADDED"
    },
    {
      "path": "reference/creatures/Ape.md",
      "local": "created",
      "remote": "ADDED"
    },
    {
      "path": "reference/creatures/Awakened Shrub.md",
      "local": "created",
      "remote": "ADDED"
    },
    {
      "path": "reference/creatures/Awakened Tree.md",
      "local": "created",
      "remote": "ADDED"
    },
    {
      "path": "reference/creatures/Axe Beak.md",
      "local": "created",
      "remote": "ADDED"
    },
    {
      "path": "reference/creatures/Baboon.md",
      "local": "created",
      "remote": "ADDED"
    },
    {
      "path": "reference/creatures/Badger.md",
      "local": "created",
      "remote": "ADDED"
    },
    {
      "path": "reference/creatures/Bat.md",
      "local": "created",
      "remote": "ADDED"
    },
    {
      "path": "reference/creatures/Black Bear.md",
      "local": "created",
      "remote": "ADDED"
    },
    {
      "path": "reference/creatures/Blink Dog.md",
      "local": "created",
      "remote": "ADDED"
    },
    {
      "path": "reference/creatures/Blood Hawk.md",
      "local": "created",
      "remote": "ADDED"
    },
    {
      "path": "reference/creatures/Boar.md",
      "local": "created",
      "remote": "ADDED"
    },
    {
      "path": "reference/creatures/Brown Bear.md",
      "local": "created",
      "remote": "ADDED"
    },
    {
      "path": "reference/creatures/Camel.md",
      "local": "created",
      "remote": "ADDED"
    },
    {
      "path": "reference/creatures/Cat.md",
      "local": "created",
      "remote": "ADDED"
    },
    {
      "path": "reference/creatures/Constrictor Snake.md",
      "local": "created",
      "remote": "ADDED"
    },
    {
      "path": "reference/creatures/Crab.md",
      "local": "created",
      "remote": "ADDED"
    },
    {
      "path": "reference/creatures/Crocodile.md",
      "local": "created",
      "remote": "ADDED"
    },
    {
      "path": "reference/creatures/Death Dog.md",
      "local": "created",
      "remote": "ADDED"
    },
    {
      "path": "reference/creatures/Deer.md",
      "local": "created",
      "remote": "ADDED"
    },
    {
      "path": "reference/creatures/Dire Wolf.md",
      "local": "created",
      "remote": "ADDED"
    },
    {
      "path": "reference/creatures/Draft Horse.md",
      "local": "created",
      "remote": "ADDED"
    },
    {
      "path": "reference/creatures/Eagle.md",
      "local": "created",
      "remote": "ADDED"
    },
    {
      "path": "reference/creatures/Elephant.md",
      "local": "created",
      "remote": "ADDED"
    },
    {
      "path": "reference/creatures/Elk.md",
      "local": "created",
      "remote": "ADDED"
    },
    {
      "path": "reference/creatures/Flying Snake.md",
      "local": "created",
      "remote": "ADDED"
    },
    {
      "path": "reference/creatures/Frog.md",
      "local": "created",
      "remote": "ADDED"
    },
    {
      "path": "reference/creatures/Giant Ape.md",
      "local": "created",
      "remote": "ADDED"
    },
    {
      "path": "reference/creatures/Giant Badger.md",
      "local": "created",
      "remote": "ADDED"
    },
    {
      "path": "reference/creatures/Giant Bat.md",
      "local": "created",
      "remote": "ADDED"
    },
    {
      "path": "reference/creatures/Giant Boar.md",
      "local": "created",
      "remote": "ADDED"
    },
    {
      "path": "reference/creatures/Giant Centipede.md",
      "local": "created",
      "remote": "ADDED"
    },
    {
      "path": "reference/creatures/Giant Constrictor Snake.md",
      "local": "created",
      "remote": "ADDED"
    },
    {
      "path": "reference/creatures/Giant Crab.md",
      "local": "created",
      "remote": "ADDED"
    },
    {
      "path": "reference/creatures/Giant Crocodile.md",
      "local": "created",
      "remote": "ADDED"
    },
    {
      "path": "reference/creatures/Giant Eagle.md",
      "local": "created",
      "remote": "ADDED"
    },
    {
      "path": "reference/creatures/Giant Elk.md",
      "local": "created",
      "remote": "ADDED"
    },
    {
      "path": "reference/creatures/Giant Fire Beetle.md",
      "local": "created",
      "remote": "ADDED"
    },
    {
      "path": "reference/creatures/Giant Frog.md",
      "local": "created",
      "remote": "ADDED"
    },
    {
      "path": "reference/creatures/Giant Goat.md",
      "local": "created",
      "remote": "ADDED"
    },
    {
      "path": "reference/creatures/Giant Hyena.md",
      "local": "created",
      "remote": "ADDED"
    },
    {
      "path": "reference/creatures/Giant Lizard.md",
      "local": "created",
      "remote": "ADDED"
    },
    {
      "path": "reference/creatures/Giant Octopus.md",
      "local": "created",
      "remote": "ADDED"
    },
    {
      "path": "reference/creatures/Giant Owl.md",
      "local": "created",
      "remote": "ADDED"
    },
    {
      "path": "reference/creatures/Giant Poisonous Snake.md",
      "local": "created",
      "remote": "ADDED"
    },
    {
      "path": "reference/creatures/Giant Rat.md",
      "local": "created",
      "remote": "ADDED"
    },
    {
      "path": "reference/creatures/Giant Scorpion.md",
      "local": "created",
      "remote": "ADDED"
    },
    {
      "path": "reference/creatures/Giant Sea Horse.md",
      "local": "created",
      "remote": "ADDED"
    },
    {
      "path": "reference/creatures/Giant Shark.md",
      "local": "created",
      "remote": "ADDED"
    },
    {
      "path": "reference/creatures/Giant Spider.md",
      "local": "created",
      "remote": "ADDED"
    },
    {
      "path": "reference/creatures/Giant Toad.md",
      "local": "created",
      "remote": "ADDED"
    },
    {
      "path": "reference/creatures/Giant Vulture.md",
      "local": "created",
      "remote": "ADDED"
    },
    {
      "path": "reference/creatures/Giant Wasp.md",
      "local": "created",
      "remote": "ADDED"
    },
    {
      "path": "reference/creatures/Giant Weasel.md",
      "local": "created",
      "remote": "ADDED"
    },
    {
      "path": "reference/creatures/Giant Wolf Spider.md",
      "local": "created",
      "remote": "ADDED"
    },
    {
      "path": "reference/creatures/Goat.md",
      "local": "created",
      "remote": "ADDED"
    },
    {
      "path": "reference/creatures/Hawk.md",
      "local": "created",
      "remote": "ADDED"
    },
    {
      "path": "reference/creatures/Hunter Shark.md",
      "local": "created",
      "remote": "ADDED"
    },
    {
      "path": "reference/creatures/Hyena.md",
      "local": "created",
      "remote": "ADDED"
    },
    {
      "path": "reference/creatures/Jackal.md",
      "local": "created",
      "remote": "ADDED"
    },
    {
      "path": "reference/creatures/Killer Whale.md",
      "local": "created",
      "remote": "ADDED"
    },
    {
      "path": "reference/creatures/Lion.md",
      "local": "created",
      "remote": "ADDED"
    },
    {
      "path": "reference/creatures/Lizard.md",
      "local": "created",
      "remote": "ADDED"
    },
    {
      "path": "reference/creatures/Mammoth.md",
      "local": "created",
      "remote": "ADDED"
    },
    {
      "path": "reference/creatures/Mastiff.md",
      "local": "created",
      "remote": "ADDED"
    },
    {
      "path": "reference/creatures/Mule.md",
      "local": "created",
      "remote": "ADDED"
    },
    {
      "path": "reference/creatures/Octopus.md",
      "local": "created",
      "remote": "ADDED"
    },
    {
      "path": "reference/creatures/Owl.md",
      "local": "created",
      "remote": "ADDED"
    },
    {
      "path": "reference/creatures/Panther.md",
      "local": "created",
      "remote": "ADDED"
    },
    {
      "path": "reference/creatures/Phase Spider.md",
      "local": "created",
      "remote": "ADDED"
    },
    {
      "path": "reference/creatures/Poisonous Snake.md",
      "local": "created",
      "remote": "ADDED"
    },
    {
      "path": "reference/creatures/Polar Bear.md",
      "local": "created",
      "remote": "ADDED"
    },
    {
      "path": "reference/creatures/Pony.md",
      "local": "created",
      "remote": "ADDED"
    },
    {
      "path": "reference/creatures/Quipper.md",
      "local": "created",
      "remote": "ADDED"
    },
    {
      "path": "reference/creatures/Rat.md",
      "local": "created",
      "remote": "ADDED"
    },
    {
      "path": "reference/creatures/Raven.md",
      "local": "created",
      "remote": "ADDED"
    },
    {
      "path": "reference/creatures/Reef Shark.md",
      "local": "created",
      "remote": "ADDED"
    },
    {
      "path": "reference/creatures/Rhinoceros.md",
      "local": "created",
      "remote": "ADDED"
    },
    {
      "path": "reference/creatures/Riding Horse.md",
      "local": "created",
      "remote": "ADDED"
    },
    {
      "path": "reference/creatures/Saber-Toothed Tiger.md",
      "local": "created",
      "remote": "ADDED"
    },
    {
      "path": "reference/creatures/Scorpion.md",
      "local": "created",
      "remote": "ADDED"
    },
    {
      "path": "reference/creatures/Sea Horse.md",
      "local": "created",
      "remote": "ADDED"
    },
    {
      "path": "reference/creatures/Spider.md",
      "local": "created",
      "remote": "ADDED"
    },
    {
      "path": "reference/creatures/Swarm of Bats.md",
      "local": "created",
      "remote": "ADDED"
    },
    {
      "path": "reference/creatures/Swarm of Insects.md",
      "local": "created",
      "remote": "ADDED"
    },
    {
      "path": "reference/creatures/Swarm of Poisonous Snakes.md",
      "local": "created",
      "remote": "ADDED"
    },
    {
      "path": "reference/creatures/Swarm of Quippers.md",
      "local": "created",
      "remote": "ADDED"
    },
    {
      "path": "reference/creatures/Swarm of Rats.md",
      "local": "created",
      "remote": "ADDED"
    },
    {
      "path": "reference/creatures/Swarm of Ravens.md",
      "local": "created",
      "remote": "ADDED"
    },
    {
      "path": "reference/creatures/Tiger.md",
      "local": "created",
      "remote": "ADDED"
    },
    {
      "path": "reference/creatures/Vulture.md",
      "local": "created",
      "remote": "ADDED"
    },
    {
      "path": "reference/creatures/Warhorse.md",
      "local": "created",
      "remote": "ADDED"
    },
    {
      "path": "reference/creatures/Weasel.md",
      "local": "created",
      "remote": "ADDED"
    },
    {
      "path": "reference/creatures/Winter Wolf.md",
      "local": "created",
      "remote": "ADDED"
    },
    {
      "path": "reference/creatures/Wolf.md",
      "local": "created",
      "remote": "ADDED"
    },
    {
      "path": "reference/creatures/Worg.md",
      "local": "created",
      "remote": "ADDED"
    },
    {
      "path": "reference/items/Adamantine Armor.md",
      "local": "created",
      "remote": "ADDED"
    },
    {
      "path": "reference/items/Ammunition, +1, +2, or +3.md",
      "local": "created",
      "remote": "ADDED"
    },
    {
      "path": "reference/items/Amulet of Health.md",
      "local": "created",
      "remote": "ADDED"
    },
    {
      "path": "reference/items/Amulet of Proof against Detection and Location.md",
      "local": "created",
      "remote": "ADDED"
    },
    {
      "path": "reference/items/Amulet of the Planes.md",
      "local": "created",
      "remote": "ADDED"
    },
    {
      "path": "reference/items/Animated Shield.md",
      "local": "created",
      "remote": "ADDED"
    },
    {
      "path": "reference/items/Apparatus of the Crab.md",
      "local": "created",
      "remote": "ADDED"
    },
    {
      "path": "reference/items/Armor of Invulnerability.md",
      "local": "created",
      "remote": "ADDED"
    },
    {
      "path": "reference/items/Armor of Resistance.md",
      "local": "created",
      "remote": "ADDED"
    },
    {
      "path": "reference/items/Armor of Vulnerability.md",
      "local": "created",
      "remote": "ADDED"
    },
    {
      "path": "reference/items/Armor, +1, +2, or +3.md",
      "local": "created",
      "remote": "ADDED"
    },
    {
      "path": "reference/items/Arrow of Slaying.md",
      "local": "created",
      "remote": "ADDED"
    },
    {
      "path": "reference/items/Arrow-Catching Shield.md",
      "local": "created",
      "remote": "ADDED"
    },
    {
      "path": "reference/items/Bag of Beans.md",
      "local": "created",
      "remote": "ADDED"
    },
    {
      "path": "reference/items/Bag of Devouring.md",
      "local": "created",
      "remote": "ADDED"
    },
    {
      "path": "reference/items/Bag of Holding.md",
      "local": "created",
      "remote": "ADDED"
    },
    {
      "path": "reference/items/Bag of Tricks.md",
      "local": "created",
      "remote": "ADDED"
    },
    {
      "path": "reference/items/Bead of Force.md",
      "local": "created",
      "remote": "ADDED"
    },
    {
      "path": "reference/items/Belt of Dwarvenkind.md",
      "local": "created",
      "remote": "ADDED"
    },
    {
      "path": "reference/items/Belt of Giant Strength.md",
      "local": "created",
      "remote": "ADDED"
    },
    {
      "path": "reference/items/Berserker Axe.md",
      "local": "created",
      "remote": "ADDED"
    },
    {
      "path": "reference/items/Boots of Elvenkind.md",
      "local": "created",
      "remote": "ADDED"
    },
    {
      "path": "reference/items/Boots of Levitation.md",
      "local": "created",
      "remote": "ADDED"
    },
    {
      "path": "reference/items/Boots of Speed.md",
      "local": "created",
      "remote": "ADDED"
    },
    {
      "path": "reference/items/Boots of Striding and Springing.md",
      "local": "created",
      "remote": "ADDED"
    },
    {
      "path": "reference/items/Boots of the Winterlands.md",
      "local": "created",
      "remote": "ADDED"
    },
    {
      "path": "reference/items/Bowl of Commanding Water Elementals.md",
      "local": "created",
      "remote": "ADDED"
    },
    {
      "path": "reference/items/Bracers of Archery.md",
      "local": "created",
      "remote": "ADDED"
    },
    {
      "path": "reference/items/Bracers of Defense.md",
      "local": "created",
      "remote": "ADDED"
    },
    {
      "path": "reference/items/Brazier of Commanding Fire Elementals.md",
      "local": "created",
      "remote": "ADDED"
    },
    {
      "path": "reference/items/Brooch of Shielding.md",
      "local": "created",
      "remote": "ADDED"
    },
    {
      "path": "reference/items/Broom of Flying.md",
      "local": "created",
      "remote": "ADDED"
    },
    {
      "path": "reference/items/Candle of Invocation.md",
      "local": "created",
      "remote": "ADDED"
    },
    {
      "path": "reference/items/Cape of the Mountebank.md",
      "local": "created",
      "remote": "ADDED"
    },
    {
      "path": "reference/items/Carpet of Flying.md",
      "local": "created",
      "remote": "ADDED"
    },
    {
      "path": "reference/items/Censer of Controlling Air Elementals.md",
      "local": "created",
      "remote": "ADDED"
    },
    {
      "path": "reference/items/Chime of Opening.md",
      "local": "created",
      "remote": "ADDED"
    },
    {
      "path": "reference/items/Circlet of Blasting.md",
      "local": "created",
      "remote": "ADDED"
    },
    {
      "path": "reference/items/Cloak of Arachnida.md",
      "local": "created",
      "remote": "ADDED"
    },
    {
      "path": "reference/items/Cloak of Displacement.md",
      "local": "created",
      "remote": "ADDED"
    },
    {
      "path": "reference/items/Cloak of Elvenkind.md",
      "local": "created",
      "remote": "ADDED"
    },
    {
      "path": "reference/items/Cloak of Protection.md",
      "local": "created",
      "remote": "ADDED"
    },
    {
      "path": "reference/items/Cloak of the Bat.md",
      "local": "created",
      "remote": "ADDED"
    },
    {
      "path": "reference/items/Cloak of the Manta Ray.md",
      "local": "created",
      "remote": "ADDED"
    },
    {
      "path": "reference/items/Crystal Ball.md",
      "local": "created",
      "remote": "ADDED"
    },
    {
      "path": "reference/items/Cube of Force.md",
      "local": "created",
      "remote": "ADDED"
    },
    {
      "path": "reference/items/Cubic Gate.md",
      "local": "created",
      "remote": "ADDED"
    },
    {
      "path": "reference/items/Dagger of Venom.md",
      "local": "created",
      "remote": "ADDED"
    },
    {
      "path": "reference/items/Dancing Sword.md",
      "local": "created",
      "remote": "ADDED"
    },
    {
      "path": "reference/items/Decanter of Endless Water.md",
      "local": "created",
      "remote": "ADDED"
    },
    {
      "path": "reference/items/Deck of Illusions.md",
      "local": "created",
      "remote": "ADDED"
    },
    {
      "path": "reference/items/Deck of Many Things.md",
      "local": "created",
      "remote": "ADDED"
    },
    {
      "path": "reference/items/Defender.md",
      "local": "created",
      "remote": "ADDED"
    },
    {
      "path": "reference/items/Demon Armor.md",
      "local": "created",
      "remote": "ADDED"
    },
    {
      "path": "reference/items/Dimensional Shackles.md",
      "local": "created",
      "remote": "ADDED"
    },
    {
      "path": "reference/items/Dragon Scale Mail.md",
      "local": "created",
      "remote": "ADDED"
    },
    {
      "path": "reference/items/Dragon Slayer.md",
      "local": "created",
      "remote": "ADDED"
    },
    {
      "path": "reference/items/Dust of Disappearance.md",
      "local": "created",
      "remote": "ADDED"
    },
    {
      "path": "reference/items/Dust of Dryness.md",
      "local": "created",
      "remote": "ADDED"
    },
    {
      "path": "reference/items/Dust of Sneezing and Choking.md",
      "local": "created",
      "remote": "ADDED"
    },
    {
      "path": "reference/items/Dwarven Plate.md",
      "local": "created",
      "remote": "ADDED"
    },
    {
      "path": "reference/items/Dwarven Thrower.md",
      "local": "created",
      "remote": "ADDED"
    },
    {
      "path": "reference/items/Efficient Quiver.md",
      "local": "created",
      "remote": "ADDED"
    },
    {
      "path": "reference/items/Efreeti Bottle.md",
      "local": "created",
      "remote": "ADDED"
    },
    {
      "path": "reference/items/Elemental Gem.md",
      "local": "created",
      "remote": "ADDED"
    },
    {
      "path": "reference/items/Elixir of Health.md",
      "local": "created",
      "remote": "ADDED"
    },
    {
      "path": "reference/items/Elven Chain.md",
      "local": "created",
      "remote": "ADDED"
    },
    {
      "path": "reference/items/Eversmoking Bottle.md",
      "local": "created",
      "remote": "ADDED"
    },
    {
      "path": "reference/items/Eyes of Charming.md",
      "local": "created",
      "remote": "ADDED"
    },
    {
      "path": "reference/items/Eyes of Minute Seeing.md",
      "local": "created",
      "remote": "ADDED"
    },
    {
      "path": "reference/items/Eyes of the Eagle.md",
      "local": "created",
      "remote": "ADDED"
    },
    {
      "path": "reference/items/Feather Token.md",
      "local": "created",
      "remote": "ADDED"
    },
    {
      "path": "reference/items/Figurine of Wondrous Power.md",
      "local": "created",
      "remote": "ADDED"
    },
    {
      "path": "reference/items/Flame Tongue.md",
      "local": "created",
      "remote": "ADDED"
    },
    {
      "path": "reference/items/Folding Boat.md",
      "local": "created",
      "remote": "ADDED"
    },
    {
      "path": "reference/items/Frost Brand.md",
      "local": "created",
      "remote": "ADDED"
    },
    {
      "path": "reference/items/Gauntlets of Ogre Power.md",
      "local": "created",
      "remote": "ADDED"
    },
    {
      "path": "reference/items/Gem of Brightness.md",
      "local": "created",
      "remote": "ADDED"
    },
    {
      "path": "reference/items/Gem of Seeing.md",
      "local": "created",
      "remote": "ADDED"
    },
    {
      "path": "reference/items/Giant Slayer.md",
      "local": "created",
      "remote": "ADDED"
    },
    {
      "path": "reference/items/Glamoured Studded Leather.md",
      "local": "created",
      "remote": "ADDED"
    },
    {
      "path": "reference/items/Gloves of Missile Snaring.md",
      "local": "created",
      "remote": "ADDED"
    },
    {
      "path": "reference/items/Gloves of Swimming and Climbing.md",
      "local": "created",
      "remote": "ADDED"
    },
    {
      "path": "reference/items/Goggles of Night.md",
      "local": "created",
      "remote": "ADDED"
    },
    {
      "path": "reference/items/Hammer of Thunderbolts.md",
      "local": "created",
      "remote": "ADDED"
    },
    {
      "path": "reference/items/Handy Haversack.md",
      "local": "created",
      "remote": "ADDED"
    },
    {
      "path": "reference/items/Hat of Disguise.md",
      "local": "created",
      "remote": "ADDED"
    },
    {
      "path": "reference/items/Headband of Intellect.md",
      "local": "created",
      "remote": "ADDED"
    },
    {
      "path": "reference/items/Helm of Brilliance.md",
      "local": "created",
      "remote": "ADDED"
    },
    {
      "path": "reference/items/Helm of Comprehending Languages.md",
      "local": "created",
      "remote": "ADDED"
    },
    {
      "path": "reference/items/Helm of Telepathy.md",
      "local": "created",
      "remote": "ADDED"
    },
    {
      "path": "reference/items/Helm of Teleportation.md",
      "local": "created",
      "remote": "ADDED"
    },
    {
      "path": "reference/items/Holy Avenger.md",
      "local": "created",
      "remote": "ADDED"
    },
    {
      "path": "reference/items/Horn of Blasting.md",
      "local": "created",
      "remote": "ADDED"
    },
    {
      "path": "reference/items/Horn of Valhalla.md",
      "local": "created",
      "remote": "ADDED"
    },
    {
      "path": "reference/items/Horseshoes of Speed.md",
      "local": "created",
      "remote": "ADDED"
    },
    {
      "path": "reference/items/Horseshoes of a Zephyr.md",
      "local": "created",
      "remote": "ADDED"
    },
    {
      "path": "reference/items/Immovable Rod.md",
      "local": "created",
      "remote": "ADDED"
    },
    {
      "path": "reference/items/Instant Fortress.md",
      "local": "created",
      "remote": "ADDED"
    },
    {
      "path": "reference/items/Ioun Stone.md",
      "local": "created",
      "remote": "ADDED"
    },
    {
      "path": "reference/items/Iron Bands of Binding.md",
      "local": "created",
      "remote": "ADDED"
    },
    {
      "path": "reference/items/Iron Flask.md",
      "local": "created",
      "remote": "ADDED"
    },
    {
      "path": "reference/items/Javelin of Lightning.md",
      "local": "created",
      "remote": "ADDED"
    },
    {
      "path": "reference/items/Lantern of Revealing.md",
      "local": "created",
      "remote": "ADDED"
    },
    {
      "path": "reference/items/Luck Blade.md",
      "local": "created",
      "remote": "ADDED"
    },
    {
      "path": "reference/items/Mace of Disruption.md",
      "local": "created",
      "remote": "ADDED"
    },
    {
      "path": "reference/items/Mace of Smiting.md",
      "local": "created",
      "remote": "ADDED"
    },
    {
      "path": "reference/items/Mace of Terror.md",
      "local": "created",
      "remote": "ADDED"
    },
    {
      "path": "reference/items/Mantle of Spell Resistance.md",
      "local": "created",
      "remote": "ADDED"
    },
    {
      "path": "reference/items/Manual of Bodily Health.md",
      "local": "created",
      "remote": "ADDED"
    },
    {
      "path": "reference/items/Manual of Gainful Exercise.md",
      "local": "created",
      "remote": "ADDED"
    },
    {
      "path": "reference/items/Manual of Golems.md",
      "local": "created",
      "remote": "ADDED"
    },
    {
      "path": "reference/items/Manual of Quickness of Action.md",
      "local": "created",
      "remote": "ADDED"
    },
    {
      "path": "reference/items/Marvelous Pigments.md",
      "local": "created",
      "remote": "ADDED"
    },
    {
      "path": "reference/items/Medallion of Thoughts.md",
      "local": "created",
      "remote": "ADDED"
    },
    {
      "path": "reference/items/Mirror of Life Trapping.md",
      "local": "created",
      "remote": "ADDED"
    },
    {
      "path": "reference/items/Mithral Armor.md",
      "local": "created",
      "remote": "ADDED"
    },
    {
      "path": "reference/items/Necklace of Adaptation.md",
      "local": "created",
      "remote": "ADDED"
    },
    {
      "path": "reference/items/Necklace of Fireballs.md",
      "local": "created",
      "remote": "ADDED"
    },
    {
      "path": "reference/items/Necklace of Prayer Beads.md",
      "local": "created",
      "remote": "ADDED"
    },
    {
      "path": "reference/items/Nine Lives Stealer.md",
      "local": "created",
      "remote": "ADDED"
    },
    {
      "path": "reference/items/Oathbow.md",
      "local": "created",
      "remote": "ADDED"
    },
    {
      "path": "reference/items/Oil of Etherealness.md",
      "local": "created",
      "remote": "ADDED"
    },
    {
      "path": "reference/items/Oil of Sharpness.md",
      "local": "created",
      "remote": "ADDED"
    },
    {
      "path": "reference/items/Oil of Slipperiness.md",
      "local": "created",
      "remote": "ADDED"
    },
    {
      "path": "reference/items/Pearl of Power.md",
      "local": "created",
      "remote": "ADDED"
    },
    {
      "path": "reference/items/Periapt of Health.md",
      "local": "created",
      "remote": "ADDED"
    },
    {
      "path": "reference/items/Periapt of Proof against Poison.md",
      "local": "created",
      "remote": "ADDED"
    },
    {
      "path": "reference/items/Periapt of Wound Closure.md",
      "local": "created",
      "remote": "ADDED"
    },
    {
      "path": "reference/items/Philter of Love.md",
      "local": "created",
      "remote": "ADDED"
    },
    {
      "path": "reference/items/Pipes of Haunting.md",
      "local": "created",
      "remote": "ADDED"
    },
    {
      "path": "reference/items/Pipes of the Sewers.md",
      "local": "created",
      "remote": "ADDED"
    },
    {
      "path": "reference/items/Plate Armor of Etherealness.md",
      "local": "created",
      "remote": "ADDED"
    },
    {
      "path": "reference/items/Portable Hole.md",
      "local": "created",
      "remote": "ADDED"
    },
    {
      "path": "reference/items/Potion of Animal Friendship.md",
      "local": "created",
      "remote": "ADDED"
    },
    {
      "path": "reference/items/Potion of Clairvoyance.md",
      "local": "created",
      "remote": "ADDED"
    },
    {
      "path": "reference/items/Potion of Climbing.md",
      "local": "created",
      "remote": "ADDED"
    },
    {
      "path": "reference/items/Potion of Diminution.md",
      "local": "created",
      "remote": "ADDED"
    },
    {
      "path": "reference/items/Potion of Flying.md",
      "local": "created",
      "remote": "ADDED"
    },
    {
      "path": "reference/items/Potion of Gaseous Form.md",
      "local": "created",
      "remote": "ADDED"
    },
    {
      "path": "reference/items/Potion of Giant Strength.md",
      "local": "created",
      "remote": "ADDED"
    },
    {
      "path": "reference/items/Potion of Growth.md",
      "local": "created",
      "remote": "ADDED"
    },
    {
      "path": "reference/items/Potion of Healing.md",
      "local": "created",
      "remote": "ADDED"
    },
    {
      "path": "reference/items/Potion of Heroism.md",
      "local": "created",
      "remote": "ADDED"
    },
    {
      "path": "reference/items/Potion of Invisibility.md",
      "local": "created",
      "remote": "ADDED"
    },
    {
      "path": "reference/items/Potion of Mind Reading.md",
      "local": "created",
      "remote": "ADDED"
    },
    {
      "path": "reference/items/Potion of Poison.md",
      "local": "created",
      "remote": "ADDED"
    },
    {
      "path": "reference/items/Potion of Resistance.md",
      "local": "created",
      "remote": "ADDED"
    },
    {
      "path": "reference/items/Potion of Speed.md",
      "local": "created",
      "remote": "ADDED"
    },
    {
      "path": "reference/items/Potion of Water Breathing.md",
      "local": "created",
      "remote": "ADDED"
    },
    {
      "path": "reference/items/Restorative Ointment.md",
      "local": "created",
      "remote": "ADDED"
    },
    {
      "path": "reference/items/Ring of Animal Influence.md",
      "local": "created",
      "remote": "ADDED"
    },
    {
      "path": "reference/items/Ring of Djinni Summoning.md",
      "local": "created",
      "remote": "ADDED"
    },
    {
      "path": "reference/items/Ring of Elemental Command.md",
      "local": "created",
      "remote": "ADDED"
    },
    {
      "path": "reference/items/Ring of Evasion.md",
      "local": "created",
      "remote": "ADDED"
    },
    {
      "path": "reference/items/Ring of Feather Falling.md",
      "local": "created",
      "remote": "ADDED"
    },
    {
      "path": "reference/items/Ring of Free Action.md",
      "local": "created",
      "remote": "ADDED"
    },
    {
      "path": "reference/items/Ring of Invisibility.md",
      "local": "created",
      "remote": "ADDED"
    },
    {
      "path": "reference/items/Ring of Jumping.md",
      "local": "created",
      "remote": "ADDED"
    },
    {
      "path": "reference/items/Ring of Mind Shielding.md",
      "local": "created",
      "remote": "ADDED"
    },
    {
      "path": "reference/items/Ring of Protection.md",
      "local": "created",
      "remote": "ADDED"
    },
    {
      "path": "reference/items/Ring of Regeneration.md",
      "local": "created",
      "remote": "ADDED"
    },
    {
      "path": "reference/items/Ring of Resistance.md",
      "local": "created",
      "remote": "ADDED"
    },
    {
      "path": "reference/items/Ring of Shooting Stars.md",
      "local": "created",
      "remote": "ADDED"
    },
    {
      "path": "reference/items/Ring of Spell Storing.md",
      "local": "created",
      "remote": "ADDED"
    },
    {
      "path": "reference/items/Ring of Spell Turning.md",
      "local": "created",
      "remote": "ADDED"
    },
    {
      "path": "reference/items/Ring of Swimming.md",
      "local": "created",
      "remote": "ADDED"
    },
    {
      "path": "reference/items/Ring of Telekinesis.md",
      "local": "created",
      "remote": "ADDED"
    },
    {
      "path": "reference/items/Ring of Three Wishes.md",
      "local": "created",
      "remote": "ADDED"
    },
    {
      "path": "reference/items/Ring of Warmth.md",
      "local": "created",
      "remote": "ADDED"
    },
    {
      "path": "reference/items/Ring of Water Walking.md",
      "local": "created",
      "remote": "ADDED"
    },
    {
      "path": "reference/items/Ring of X-ray Vision.md",
      "local": "created",
      "remote": "ADDED"
    },
    {
      "path": "reference/items/Ring of the Ram.md",
      "local": "created",
      "remote": "ADDED"
    },
    {
      "path": "reference/items/Robe of Eyes.md",
      "local": "created",
      "remote": "ADDED"
    },
    {
      "path": "reference/items/Robe of Scintillating Colors.md",
      "local": "created",
      "remote": "ADDED"
    },
    {
      "path": "reference/items/Robe of Stars.md",
      "local": "created",
      "remote": "ADDED"
    },
    {
      "path": "reference/items/Robe of Useful Items.md",
      "local": "created",
      "remote": "ADDED"
    },
    {
      "path": "reference/items/Robe of the Archmagi.md",
      "local": "created",
      "remote": "ADDED"
    },
    {
      "path": "reference/items/Rod of Absorption.md",
      "local": "created",
      "remote": "ADDED"
    },
    {
      "path": "reference/items/Rod of Alertness.md",
      "local": "created",
      "remote": "ADDED"
    },
    {
      "path": "reference/items/Rod of Lordly Might.md",
      "local": "created",
      "remote": "ADDED"
    },
    {
      "path": "reference/items/Rod of Rulership.md",
      "local": "created",
      "remote": "ADDED"
    },
    {
      "path": "reference/items/Rod of Security.md",
      "local": "created",
      "remote": "ADDED"
    },
    {
      "path": "reference/items/Rope of Climbing.md",
      "local": "created",
      "remote": "ADDED"
    },
    {
      "path": "reference/items/Rope of Entanglement.md",
      "local": "created",
      "remote": "ADDED"
    },
    {
      "path": "reference/items/Scarab of Protection.md",
      "local": "created",
      "remote": "ADDED"
    },
    {
      "path": "reference/items/Scimitar of Speed.md",
      "local": "created",
      "remote": "ADDED"
    },
    {
      "path": "reference/items/Shield of Missile Attraction.md",
      "local": "created",
      "remote": "ADDED"
    },
    {
      "path": "reference/items/Shield, +1, +2, or +3.md",
      "local": "created",
      "remote": "ADDED"
    },
    {
      "path": "reference/items/Slippers of Spider Climbing.md",
      "local": "created",
      "remote": "ADDED"
    },
    {
      "path": "reference/items/Sovereign Glue.md",
      "local": "created",
      "remote": "ADDED"
    },
    {
      "path": "reference/items/Spell Scroll.md",
      "local": "created",
      "remote": "ADDED"
    },
    {
      "path": "reference/items/Spellguard Shield.md",
      "local": "created",
      "remote": "ADDED"
    },
    {
      "path": "reference/items/Sphere of Annihilation.md",
      "local": "created",
      "remote": "ADDED"
    },
    {
      "path": "reference/items/Staff of Charming.md",
      "local": "created",
      "remote": "ADDED"
    },
    {
      "path": "reference/items/Staff of Fire.md",
      "local": "created",
      "remote": "ADDED"
    },
    {
      "path": "reference/items/Staff of Frost.md",
      "local": "created",
      "remote": "ADDED"
    },
    {
      "path": "reference/items/Staff of Healing.md",
      "local": "created",
      "remote": "ADDED"
    },
    {
      "path": "reference/items/Staff of Power.md",
      "local": "created",
      "remote": "ADDED"
    },
    {
      "path": "reference/items/Staff of Striking.md",
      "local": "created",
      "remote": "ADDED"
    },
    {
      "path": "reference/items/Staff of Swarming Insects.md",
      "local": "created",
      "remote": "ADDED"
    },
    {
      "path": "reference/items/Staff of Thunder and Lightning.md",
      "local": "created",
      "remote": "ADDED"
    },
    {
      "path": "reference/items/Staff of Withering.md",
      "local": "created",
      "remote": "ADDED"
    },
    {
      "path": "reference/items/Staff of the Magi.md",
      "local": "created",
      "remote": "ADDED"
    },
    {
      "path": "reference/items/Staff of the Python.md",
      "local": "created",
      "remote": "ADDED"
    },
    {
      "path": "reference/items/Staff of the Woodlands.md",
      "local": "created",
      "remote": "ADDED"
    },
    {
      "path": "reference/items/Stone of Controlling Earth Elementals.md",
      "local": "created",
      "remote": "ADDED"
    },
    {
      "path": "reference/items/Stone of Good Luck (Luckstone).md",
      "local": "created",
      "remote": "ADDED"
    },
    {
      "path": "reference/items/Sun Blade.md",
      "local": "created",
      "remote": "ADDED"
    },
    {
      "path": "reference/items/Sword of Life Stealing.md",
      "local": "created",
      "remote": "ADDED"
    },
    {
      "path": "reference/items/Sword of Sharpness.md",
      "local": "created",
      "remote": "ADDED"
    },
    {
      "path": "reference/items/Sword of Wounding.md",
      "local": "created",
      "remote": "ADDED"
    },
    {
      "path": "reference/items/Talisman of Pure Good.md",
      "local": "created",
      "remote": "ADDED"
    },
    {
      "path": "reference/items/Talisman of Ultimate Evil.md",
      "local": "created",
      "remote": "ADDED"
    },
    {
      "path": "reference/items/Talisman of the Sphere.md",
      "local": "created",
      "remote": "ADDED"
    },
    {
      "path": "reference/items/Tome of Clear Thought.md",
      "local": "created",
      "remote": "ADDED"
    },
    {
      "path": "reference/items/Tome of Leadership and Influence.md",
      "local": "created",
      "remote": "ADDED"
    },
    {
      "path": "reference/items/Tome of Understanding.md",
      "local": "created",
      "remote": "ADDED"
    },
    {
      "path": "reference/items/Trident of Fish Command.md",
      "local": "created",
      "remote": "ADDED"
    },
    {
      "path": "reference/items/Universal Solvent.md",
      "local": "created",
      "remote": "ADDED"
    },
    {
      "path": "reference/items/Vicious Weapon.md",
      "local": "created",
      "remote": "ADDED"
    },
    {
      "path": "reference/items/Vorpal Sword.md",
      "local": "created",
      "remote": "ADDED"
    },
    {
      "path": "reference/items/Wand of Binding.md",
      "local": "created",
      "remote": "ADDED"
    },
    {
      "path": "reference/items/Wand of Enemy Detection.md",
      "local": "created",
      "remote": "ADDED"
    },
    {
      "path": "reference/items/Wand of Fear.md",
      "local": "created",
      "remote": "ADDED"
    },
    {
      "path": "reference/items/Wand of Fireballs.md",
      "local": "created",
      "remote": "ADDED"
    },
    {
      "path": "reference/items/Wand of Lightning Bolts.md",
      "local": "created",
      "remote": "ADDED"
    },
    {
      "path": "reference/items/Wand of Magic Detection.md",
      "local": "created",
      "remote": "ADDED"
    },
    {
      "path": "reference/items/Wand of Magic Missiles.md",
      "local": "created",
      "remote": "ADDED"
    },
    {
      "path": "reference/items/Wand of Paralysis.md",
      "local": "created",
      "remote": "ADDED"
    },
    {
      "path": "reference/items/Wand of Polymorph.md",
      "local": "created",
      "remote": "ADDED"
    },
    {
      "path": "reference/items/Wand of Secrets.md",
      "local": "created",
      "remote": "ADDED"
    },
    {
      "path": "reference/items/Wand of Web.md",
      "local": "created",
      "remote": "ADDED"
    },
    {
      "path": "reference/items/Wand of Wonder.md",
      "local": "created",
      "remote": "ADDED"
    },
    {
      "path": "reference/items/Wand of the War Mage, +1, +2, or +3.md",
      "local": "created",
      "remote": "ADDED"
    },
    {
      "path": "reference/items/Weapon, +1, +2, or +3.md",
      "local": "created",
      "remote": "ADDED"
    },
    {
      "path": "reference/items/Well of Many Worlds.md",
      "local": "created",
      "remote": "ADDED"
    },
    {
      "path": "reference/items/Wind Fan.md",
      "local": "created",
      "remote": "ADDED"
    },
    {
      "path": "reference/items/Winged Boots.md",
      "local": "created",
      "remote": "ADDED"
    },
    {
      "path": "reference/items/Wings of Flying.md",
      "local": "created",
      "remote": "ADDED"
    },
    {
      "path": "reference/monsters/Aboleth.md",
      "local": "created",
      "remote": "ADDED"
    },
    {
      "path": "reference/monsters/Angels.md",
      "local": "created",
      "remote": "ADDED"
    },
    {
      "path": "reference/monsters/Animated Objects.md",
      "local": "created",
      "remote": "ADDED"
    },
    {
      "path": "reference/monsters/Ankheg.md",
      "local": "created",
      "remote": "ADDED"
    },
    {
      "path": "reference/monsters/Azer.md",
      "local": "created",
      "remote": "ADDED"
    },
    {
      "path": "reference/monsters/Basilisk.md",
      "local": "created",
      "remote": "ADDED"
    },
    {
      "path": "reference/monsters/Behir.md",
      "local": "created",
      "remote": "ADDED"
    },
    {
      "path": "reference/monsters/Bugbear.md",
      "local": "created",
      "remote": "ADDED"
    },
    {
      "path": "reference/monsters/Bulette.md",
      "local": "created",
      "remote": "ADDED"
    },
    {
      "path": "reference/monsters/Centaur.md",
      "local": "created",
      "remote": "ADDED"
    },
    {
      "path": "reference/monsters/Chimera.md",
      "local": "created",
      "remote": "ADDED"
    },
    {
      "path": "reference/monsters/Chuul.md",
      "local": "created",
      "remote": "ADDED"
    },
    {
      "path": "reference/monsters/Cloaker.md",
      "local": "created",
      "remote": "ADDED"
    },
    {
      "path": "reference/monsters/Cockatrice.md",
      "local": "created",
      "remote": "ADDED"
    },
    {
      "path": "reference/monsters/Couatl.md",
      "local": "created",
      "remote": "ADDED"
    },
    {
      "path": "reference/monsters/Darkmantle.md",
      "local": "created",
      "remote": "ADDED"
    },
    {
      "path": "reference/monsters/Demons.md",
      "local": "created",
      "remote": "ADDED"
    },
    {
      "path": "reference/monsters/Devils.md",
      "local": "created",
      "remote": "ADDED"
    },
    {
      "path": "reference/monsters/Dinosaurs.md",
      "local": "created",
      "remote": "ADDED"
    },
    {
      "path": "reference/monsters/Doppelganger.md",
      "local": "created",
      "remote": "ADDED"
    },
    {
      "path": "reference/monsters/Dragon Turtle.md",
      "local": "created",
      "remote": "ADDED"
    },
    {
      "path": "reference/monsters/Dragons, Chromatic.md",
      "local": "created",
      "remote": "ADDED"
    },
    {
      "path": "reference/monsters/Dragons, Metallic.md",
      "local": "created",
      "remote": "ADDED"
    },
    {
      "path": "reference/monsters/Drider.md",
      "local": "created",
      "remote": "ADDED"
    },
    {
      "path": "reference/monsters/Dryad.md",
      "local": "created",
      "remote": "ADDED"
    },
    {
      "path": "reference/monsters/Duergar.md",
      "local": "created",
      "remote": "ADDED"
    },
    {
      "path": "reference/monsters/Elementals.md",
      "local": "created",
      "remote": "ADDED"
    },
    {
      "path": "reference/monsters/Elf, Drow.md",
      "local": "created",
      "remote": "ADDED"
    },
    {
      "path": "reference/monsters/Ettercap.md",
      "local": "created",
      "remote": "ADDED"
    },
    {
      "path": "reference/monsters/Ettin.md",
      "local": "created",
      "remote": "ADDED"
    },
    {
      "path": "reference/monsters/Fungi.md",
      "local": "created",
      "remote": "ADDED"
    },
    {
      "path": "reference/monsters/Gargoyle.md",
      "local": "created",
      "remote": "ADDED"
    },
    {
      "path": "reference/monsters/Genies.md",
      "local": "created",
      "remote": "ADDED"
    },
    {
      "path": "reference/monsters/Ghast.md",
      "local": "created",
      "remote": "ADDED"
    },
    {
      "path": "reference/monsters/Ghost.md",
      "local": "created",
      "remote": "ADDED"
    },
    {
      "path": "reference/monsters/Ghouls.md",
      "local": "created",
      "remote": "ADDED"
    },
    {
      "path": "reference/monsters/Giants.md",
      "local": "created",
      "remote": "ADDED"
    },
    {
      "path": "reference/monsters/Gibbering Mouther.md",
      "local": "created",
      "remote": "ADDED"
    },
    {
      "path": "reference/monsters/Gnoll.md",
      "local": "created",
      "remote": "ADDED"
    },
    {
      "path": "reference/monsters/Gnome, Deep (Svirfneblin).md",
      "local": "created",
      "remote": "ADDED"
    },
    {
      "path": "reference/monsters/Goblin.md",
      "local": "created",
      "remote": "ADDED"
    },
    {
      "path": "reference/monsters/Golems.md",
      "local": "created",
      "remote": "ADDED"
    },
    {
      "path": "reference/monsters/Gorgon.md",
      "local": "created",
      "remote": "ADDED"
    },
    {
      "path": "reference/monsters/Grick.md",
      "local": "created",
      "remote": "ADDED"
    },
    {
      "path": "reference/monsters/Griffon.md",
      "local": "created",
      "remote": "ADDED"
    },
    {
      "path": "reference/monsters/Grimlock.md",
      "local": "created",
      "remote": "ADDED"
    },
    {
      "path": "reference/monsters/Hags.md",
      "local": "created",
      "remote": "ADDED"
    },
    {
      "path": "reference/monsters/Half-Dragon Template.md",
      "local": "created",
      "remote": "ADDED"
    },
    {
      "path": "reference/monsters/Harpy.md",
      "local": "created",
      "remote": "ADDED"
    },
    {
      "path": "reference/monsters/Hell Hound.md",
      "local": "created",
      "remote": "ADDED"
    },
    {
      "path": "reference/monsters/Hippogriff.md",
      "local": "created",
      "remote": "ADDED"
    },
    {
      "path": "reference/monsters/Hobgoblin.md",
      "local": "created",
      "remote": "ADDED"
    },
    {
      "path": "reference/monsters/Homunculus.md",
      "local": "created",
      "remote": "ADDED"
    },
    {
      "path": "reference/monsters/Hydra.md",
      "local": "created",
      "remote": "ADDED"
    },
    {
      "path": "reference/monsters/Invisible Stalker.md",
      "local": "created",
      "remote": "ADDED"
    },
    {
      "path": "reference/monsters/Kobold.md",
      "local": "created",
      "remote": "ADDED"
    },
    {
      "path": "reference/monsters/Kraken.md",
      "local": "created",
      "remote": "ADDED"
    },
    {
      "path": "reference/monsters/Lamia.md",
      "local": "created",
      "remote": "ADDED"
    },
    {
      "path": "reference/monsters/Lich.md",
      "local": "created",
      "remote": "ADDED"
    },
    {
      "path": "reference/monsters/Lizardfolk.md",
      "local": "created",
      "remote": "ADDED"
    },
    {
      "path": "reference/monsters/Lycanthropes.md",
      "local": "created",
      "remote": "ADDED"
    },
    {
      "path": "reference/monsters/Magmin.md",
      "local": "created",
      "remote": "ADDED"
    },
    {
      "path": "reference/monsters/Manticore.md",
      "local": "created",
      "remote": "ADDED"
    },
    {
      "path": "reference/monsters/Medusa.md",
      "local": "created",
      "remote": "ADDED"
    },
    {
      "path": "reference/monsters/Mephits.md",
      "local": "created",
      "remote": "ADDED"
    },
    {
      "path": "reference/monsters/Merfolk.md",
      "local": "created",
      "remote": "ADDED"
    },
    {
      "path": "reference/monsters/Merrow.md",
      "local": "created",
      "remote": "ADDED"
    },
    {
      "path": "reference/monsters/Mimic.md",
      "local": "created",
      "remote": "ADDED"
    },
    {
      "path": "reference/monsters/Minotaur.md",
      "local": "created",
      "remote": "ADDED"
    },
    {
      "path": "reference/monsters/Mummies.md",
      "local": "created",
      "remote": "ADDED"
    },
    {
      "path": "reference/monsters/Nagas.md",
      "local": "created",
      "remote": "ADDED"
    },
    {
      "path": "reference/monsters/Nightmare.md",
      "local": "created",
      "remote": "ADDED"
    },
    {
      "path": "reference/monsters/Ogre.md",
      "local": "created",
      "remote": "ADDED"
    },
    {
      "path": "reference/monsters/Oni.md",
      "local": "created",
      "remote": "ADDED"
    },
    {
      "path": "reference/monsters/Oozes.md",
      "local": "created",
      "remote": "ADDED"
    },
    {
      "path": "reference/monsters/Orc.md",
      "local": "created",
      "remote": "ADDED"
    },
    {
      "path": "reference/monsters/Otyugh.md",
      "local": "created",
      "remote": "ADDED"
    },
    {
      "path": "reference/monsters/Owlbear.md",
      "local": "created",
      "remote": "ADDED"
    },
    {
      "path": "reference/monsters/Pegasus.md",
      "local": "created",
      "remote": "ADDED"
    },
    {
      "path": "reference/monsters/Pseudodragon.md",
      "local": "created",
      "remote": "ADDED"
    },
    {
      "path": "reference/monsters/Purple Worm.md",
      "local": "created",
      "remote": "ADDED"
    },
    {
      "path": "reference/monsters/Rakshasa.md",
      "local": "created",
      "remote": "ADDED"
    },
    {
      "path": "reference/monsters/Remorhaz.md",
      "local": "created",
      "remote": "ADDED"
    },
    {
      "path": "reference/monsters/Roc.md",
      "local": "created",
      "remote": "ADDED"
    },
    {
      "path": "reference/monsters/Roper.md",
      "local": "created",
      "remote": "ADDED"
    },
    {
      "path": "reference/monsters/Rust Monster.md",
      "local": "created",
      "remote": "ADDED"
    },
    {
      "path": "reference/monsters/Sahuagin.md",
      "local": "created",
      "remote": "ADDED"
    },
    {
      "path": "reference/monsters/Salamander.md",
      "local": "created",
      "remote": "ADDED"
    },
    {
      "path": "reference/monsters/Satyr.md",
      "local": "created",
      "remote": "ADDED"
    },
    {
      "path": "reference/monsters/Shadow.md",
      "local": "created",
      "remote": "ADDED"
    },
    {
      "path": "reference/monsters/Shambling Mound.md",
      "local": "created",
      "remote": "ADDED"
    },
    {
      "path": "reference/monsters/Shield Guardian.md",
      "local": "created",
      "remote": "ADDED"
    },
    {
      "path": "reference/monsters/Skeletons.md",
      "local": "created",
      "remote": "ADDED"
    },
    {
      "path": "reference/monsters/Specter.md",
      "local": "created",
      "remote": "ADDED"
    },
    {
      "path": "reference/monsters/Sphinxes.md",
      "local": "created",
      "remote": "ADDED"
    },
    {
      "path": "reference/monsters/Sprite.md",
      "local": "created",
      "remote": "ADDED"
    },
    {
      "path": "reference/monsters/Stirge.md",
      "local": "created",
      "remote": "ADDED"
    },
    {
      "path": "reference/monsters/Succubus slash Incubus.md",
      "local": "created",
      "remote": "ADDED"
    },
    {
      "path": "reference/monsters/Tarrasque.md",
      "local": "created",
      "remote": "ADDED"
    },
    {
      "path": "reference/monsters/Treant.md",
      "local": "created",
      "remote": "ADDED"
    },
    {
      "path": "reference/monsters/Troll.md",
      "local": "created",
      "remote": "ADDED"
    },
    {
      "path": "reference/monsters/Unicorn.md",
      "local": "created",
      "remote": "ADDED"
    },
    {
      "path": "reference/monsters/Vampires.md",
      "local": "created",
      "remote": "ADDED"
    },
    {
      "path": "reference/monsters/Wight.md",
      "local": "created",
      "remote": "ADDED"
    },
    {
      "path": "reference/monsters/Will-o-Wisp.md",
      "local": "created",
      "remote": "ADDED"
    },
    {
      "path": "reference/monsters/Wraith.md",
      "local": "created",
      "remote": "ADDED"
    },
    {
      "path": "reference/monsters/Wyvern.md",
      "local": "created",
      "remote": "ADDED"
    },
    {
      "path": "reference/monsters/Xorn.md",
      "local": "created",
      "remote": "ADDED"
    },
    {
      "path": "reference/monsters/Zombies.md",
      "local": "created",
      "remote": "ADDED"
    },
    {
      "path": "reference/npcs/Acolyte.md",
      "local": "created",
      "remote": "ADDED"
    },
    {
      "path": "reference/npcs/Archmage.md",
      "local": "created",
      "remote": "ADDED"
    },
    {
      "path": "reference/npcs/Assassin.md",
      "local": "created",
      "remote": "ADDED"
    },
    {
      "path": "reference/npcs/Bandit Captain.md",
      "local": "created",
      "remote": "ADDED"
    },
    {
      "path": "reference/npcs/Bandit.md",
      "local": "created",
      "remote": "ADDED"
    },
    {
      "path": "reference/npcs/Berserker.md",
      "local": "created",
      "remote": "ADDED"
    },
    {
      "path": "reference/npcs/Commoner.md",
      "local": "created",
      "remote": "ADDED"
    },
    {
      "path": "reference/npcs/Cult Fanatic.md",
      "local": "created",
      "remote": "ADDED"
    },
    {
      "path": "reference/npcs/Cultist.md",
      "local": "created",
      "remote": "ADDED"
    },
    {
      "path": "reference/npcs/Druid (NPC).md",
      "local": "created",
      "remote": "ADDED"
    },
    {
      "path": "reference/npcs/Gladiator.md",
      "local": "created",
      "remote": "ADDED"
    },
    {
      "path": "reference/npcs/Guard.md",
      "local": "created",
      "remote": "ADDED"
    },
    {
      "path": "reference/npcs/Knight.md",
      "local": "created",
      "remote": "ADDED"
    },
    {
      "path": "reference/npcs/Mage.md",
      "local": "created",
      "remote": "ADDED"
    },
    {
      "path": "reference/npcs/Noble.md",
      "local": "created",
      "remote": "ADDED"
    },
    {
      "path": "reference/npcs/Priest.md",
      "local": "created",
      "remote": "ADDED"
    },
    {
      "path": "reference/npcs/Scout.md",
      "local": "created",
      "remote": "ADDED"
    },
    {
      "path": "reference/npcs/Spy.md",
      "local": "created",
      "remote": "ADDED"
    },
    {
      "path": "reference/npcs/Thug.md",
      "local": "created",
      "remote": "ADDED"
    },
    {
      "path": "reference/npcs/Tribal Warrior.md",
      "local": "created",
      "remote": "ADDED"
    },
    {
      "path": "reference/npcs/Veteran.md",
      "local": "created",
      "remote": "ADDED"
    },
    {
      "path": "reference/spells/Acid Arrow.md",
      "local": "created",
      "remote": "ADDED"
    },
    {
      "path": "reference/spells/Acid Splash.md",
      "local": "created",
      "remote": "ADDED"
    },
    {
      "path": "reference/spells/Aid.md",
      "local": "created",
      "remote": "ADDED"
    },
    {
      "path": "reference/spells/Alarm.md",
      "local": "created",
      "remote": "ADDED"
    },
    {
      "path": "reference/spells/Alter Self.md",
      "local": "created",
      "remote": "ADDED"
    },
    {
      "path": "reference/spells/Animal Friendship.md",
      "local": "created",
      "remote": "ADDED"
    },
    {
      "path": "reference/spells/Animal Messenger.md",
      "local": "created",
      "remote": "ADDED"
    },
    {
      "path": "reference/spells/Animal Shapes.md",
      "local": "created",
      "remote": "ADDED"
    },
    {
      "path": "reference/spells/Animate Dead.md",
      "local": "created",
      "remote": "ADDED"
    },
    {
      "path": "reference/spells/Animate Objects.md",
      "local": "created",
      "remote": "ADDED"
    },
    {
      "path": "reference/spells/Antilife Shell.md",
      "local": "created",
      "remote": "ADDED"
    },
    {
      "path": "reference/spells/Antimagic Field.md",
      "local": "created",
      "remote": "ADDED"
    },
    {
      "path": "reference/spells/Antipathy slash Sympathy.md",
      "local": "created",
      "remote": "ADDED"
    },
    {
      "path": "reference/spells/Arcane Eye.md",
      "local": "created",
      "remote": "ADDED"
    },
    {
      "path": "reference/spells/Arcane Hand.md",
      "local": "created",
      "remote": "ADDED"
    },
    {
      "path": "reference/spells/Arcane Lock.md",
      "local": "created",
      "remote": "ADDED"
    },
    {
      "path": "reference/spells/Arcane Sword.md",
      "local": "created",
      "remote": "ADDED"
    },
    {
      "path": "reference/spells/Arcanists Magic Aura.md",
      "local": "created",
      "remote": "ADDED"
    },
    {
      "path": "reference/spells/Astral Projection.md",
      "local": "created",
      "remote": "ADDED"
    },
    {
      "path": "reference/spells/Augury.md",
      "local": "created",
      "remote": "ADDED"
    },
    {
      "path": "reference/spells/Awaken.md",
      "local": "created",
      "remote": "ADDED"
    },
    {
      "path": "reference/spells/Bane.md",
      "local": "created",
      "remote": "ADDED"
    },
    {
      "path": "reference/spells/Banishment.md",
      "local": "created",
      "remote": "ADDED"
    },
    {
      "path": "reference/spells/Barkskin.md",
      "local": "created",
      "remote": "ADDED"
    },
    {
      "path": "reference/spells/Beacon of Hope.md",
      "local": "created",
      "remote": "ADDED"
    },
    {
      "path": "reference/spells/Bestow Curse.md",
      "local": "created",
      "remote": "ADDED"
    },
    {
      "path": "reference/spells/Bigby's Hand.md",
      "local": "created",
      "remote": "ADDED"
    },
    {
      "path": "reference/spells/Black Tentacles.md",
      "local": "created",
      "remote": "ADDED"
    },
    {
      "path": "reference/spells/Blade Barrier.md",
      "local": "created",
      "remote": "ADDED"
    },
    {
      "path": "reference/spells/Bless.md",
      "local": "created",
      "remote": "ADDED"
    },
    {
      "path": "reference/spells/Blight.md",
      "local": "created",
      "remote": "ADDED"
    },
    {
      "path": "reference/spells/Blinding Smite.md",
      "local": "created",
      "remote": "ADDED"
    },
    {
      "path": "reference/spells/Blindness slash Deafness.md",
      "local": "created",
      "remote": "ADDED"
    },
    {
      "path": "reference/spells/Blink.md",
      "local": "created",
      "remote": "ADDED"
    },
    {
      "path": "reference/spells/Blur.md",
      "local": "created",
      "remote": "ADDED"
    },
    {
      "path": "reference/spells/Branding Smite.md",
      "local": "created",
      "remote": "ADDED"
    },
    {
      "path": "reference/spells/Burning Hands.md",
      "local": "created",
      "remote": "ADDED"
    },
    {
      "path": "reference/spells/Call Lightning.md",
      "local": "created",
      "remote": "ADDED"
    },
    {
      "path": "reference/spells/Calm Emotions.md",
      "local": "created",
      "remote": "ADDED"
    },
    {
      "path": "reference/spells/Chain Lightning.md",
      "local": "created",
      "remote": "ADDED"
    },
    {
      "path": "reference/spells/Charm Person.md",
      "local": "created",
      "remote": "ADDED"
    },
    {
      "path": "reference/spells/Chill Touch.md",
      "local": "created",
      "remote": "ADDED"
    },
    {
      "path": "reference/spells/Circle of Death.md",
      "local": "created",
      "remote": "ADDED"
    },
    {
      "path": "reference/spells/Clairvoyance.md",
      "local": "created",
      "remote": "ADDED"
    },
    {
      "path": "reference/spells/Clone.md",
      "local": "created",
      "remote": "ADDED"
    },
    {
      "path": "reference/spells/Cloudkill.md",
      "local": "created",
      "remote": "ADDED"
    },
    {
      "path": "reference/spells/Color Spray.md",
      "local": "created",
      "remote": "ADDED"
    },
    {
      "path": "reference/spells/Command.md",
      "local": "created",
      "remote": "ADDED"
    },
    {
      "path": "reference/spells/Commune with Nature.md",
      "local": "created",
      "remote": "ADDED"
    },
    {
      "path": "reference/spells/Commune.md",
      "local": "created",
      "remote": "ADDED"
    },
    {
      "path": "reference/spells/Comprehend Languages.md",
      "local": "created",
      "remote": "ADDED"
    },
    {
      "path": "reference/spells/Compulsion.md",
      "local": "created",
      "remote": "ADDED"
    },
    {
      "path": "reference/spells/Cone of Cold.md",
      "local": "created",
      "remote": "ADDED"
    },
    {
      "path": "reference/spells/Confusion.md",
      "local": "created",
      "remote": "ADDED"
    },
    {
      "path": "reference/spells/Conjure Animals.md",
      "local": "created",
      "remote": "ADDED"
    },
    {
      "path": "reference/spells/Conjure Celestial.md",
      "local": "created",
      "remote": "ADDED"
    },
    {
      "path": "reference/spells/Conjure Elemental.md",
      "local": "created",
      "remote": "ADDED"
    },
    {
      "path": "reference/spells/Conjure Fey.md",
      "local": "created",
      "remote": "ADDED"
    },
    {
      "path": "reference/spells/Conjure Minor Elementals.md",
      "local": "created",
      "remote": "ADDED"
    },
    {
      "path": "reference/spells/Conjure Woodland Beings.md",
      "local": "created",
      "remote": "ADDED"
    },
    {
      "path": "reference/spells/Contact Other Plane.md",
      "local": "created",
      "remote": "ADDED"
    },
    {
      "path": "reference/spells/Contagion.md",
      "local": "created",
      "remote": "ADDED"
    },
    {
      "path": "reference/spells/Contingency.md",
      "local": "created",
      "remote": "ADDED"
    },
    {
      "path": "reference/spells/Continual Flame.md",
      "local": "created",
      "remote": "ADDED"
    },
    {
      "path": "reference/spells/Control Water.md",
      "local": "created",
      "remote": "ADDED"
    },
    {
      "path": "reference/spells/Control Weather.md",
      "local": "created",
      "remote": "ADDED"
    },
    {
      "path": "reference/spells/Counterspell.md",
      "local": "created",
      "remote": "ADDED"
    },
    {
      "path": "reference/spells/Create Food and Water.md",
      "local": "created",
      "remote": "ADDED"
    },
    {
      "path": "reference/spells/Create Undead.md",
      "local": "created",
      "remote": "ADDED"
    },
    {
      "path": "reference/spells/Create or Destroy Water.md",
      "local": "created",
      "remote": "ADDED"
    },
    {
      "path": "reference/spells/Creation.md",
      "local": "created",
      "remote": "ADDED"
    },
    {
      "path": "reference/spells/Crown of Madness.md",
      "local": "created",
      "remote": "ADDED"
    },
    {
      "path": "reference/spells/Cure Wounds.md",
      "local": "created",
      "remote": "ADDED"
    },
    {
      "path": "reference/spells/Dancing Lights.md",
      "local": "created",
      "remote": "ADDED"
    },
    {
      "path": "reference/spells/Darkness.md",
      "local": "created",
      "remote": "ADDED"
    },
    {
      "path": "reference/spells/Darkvision.md",
      "local": "created",
      "remote": "ADDED"
    },
    {
      "path": "reference/spells/Daylight.md",
      "local": "created",
      "remote": "ADDED"
    },
    {
      "path": "reference/spells/Death Ward.md",
      "local": "created",
      "remote": "ADDED"
    },
    {
      "path": "reference/spells/Delayed Blast Fireball.md",
      "local": "created",
      "remote": "ADDED"
    },
    {
      "path": "reference/spells/Demiplane.md",
      "local": "created",
      "remote": "ADDED"
    },
    {
      "path": "reference/spells/Detect Evil and Good.md",
      "local": "created",
      "remote": "ADDED"
    },
    {
      "path": "reference/spells/Detect Magic.md",
      "local": "created",
      "remote": "ADDED"
    },
    {
      "path": "reference/spells/Detect Poison and Disease.md",
      "local": "created",
      "remote": "ADDED"
    },
    {
      "path": "reference/spells/Detect Thoughts.md",
      "local": "created",
      "remote": "ADDED"
    },
    {
      "path": "reference/spells/Dimension Door.md",
      "local": "created",
      "remote": "ADDED"
    },
    {
      "path": "reference/spells/Disguise Self.md",
      "local": "created",
      "remote": "ADDED"
    },
    {
      "path": "reference/spells/Disintegrate.md",
      "local": "created",
      "remote": "ADDED"
    },
    {
      "path": "reference/spells/Dispel Evil and Good.md",
      "local": "created",
      "remote": "ADDED"
    },
    {
      "path": "reference/spells/Dispel Magic.md",
      "local": "created",
      "remote": "ADDED"
    },
    {
      "path": "reference/spells/Divination.md",
      "local": "created",
      "remote": "ADDED"
    },
    {
      "path": "reference/spells/Divine Favor.md",
      "local": "created",
      "remote": "ADDED"
    },
    {
      "path": "reference/spells/Divine Word.md",
      "local": "created",
      "remote": "ADDED"
    },
    {
      "path": "reference/spells/Dominate Beast.md",
      "local": "created",
      "remote": "ADDED"
    },
    {
      "path": "reference/spells/Dominate Monster.md",
      "local": "created",
      "remote": "ADDED"
    },
    {
      "path": "reference/spells/Dominate Person.md",
      "local": "created",
      "remote": "ADDED"
    },
    {
      "path": "reference/spells/Dream.md",
      "local": "created",
      "remote": "ADDED"
    },
    {
      "path": "reference/spells/Druidcraft.md",
      "local": "created",
      "remote": "ADDED"
    },
    {
      "path": "reference/spells/Earth Tremor.md",
      "local": "created",
      "remote": "ADDED"
    },
    {
      "path": "reference/spells/Earthquake.md",
      "local": "created",
      "remote": "ADDED"
    },
    {
      "path": "reference/spells/Eldritch Blast.md",
      "local": "created",
      "remote": "ADDED"
    },
    {
      "path": "reference/spells/Enhance Ability.md",
      "local": "created",
      "remote": "ADDED"
    },
    {
      "path": "reference/spells/Enlarge slash Reduce.md",
      "local": "created",
      "remote": "ADDED"
    },
    {
      "path": "reference/spells/Entangle.md",
      "local": "created",
      "remote": "ADDED"
    },
    {
      "path": "reference/spells/Enthrall.md",
      "local": "created",
      "remote": "ADDED"
    },
    {
      "path": "reference/spells/Etherealness.md",
      "local": "created",
      "remote": "ADDED"
    },
    {
      "path": "reference/spells/Evard's Black Tentacles.md",
      "local": "created",
      "remote": "ADDED"
    },
    {
      "path": "reference/spells/Expeditious Retreat.md",
      "local": "created",
      "remote": "ADDED"
    },
    {
      "path": "reference/spells/Eyebite.md",
      "local": "created",
      "remote": "ADDED"
    },
    {
      "path": "reference/spells/Fabricate.md",
      "local": "created",
      "remote": "ADDED"
    },
    {
      "path": "reference/spells/Faerie Fire.md",
      "local": "created",
      "remote": "ADDED"
    },
    {
      "path": "reference/spells/Faithful Hound.md",
      "local": "created",
      "remote": "ADDED"
    },
    {
      "path": "reference/spells/False Life.md",
      "local": "created",
      "remote": "ADDED"
    },
    {
      "path": "reference/spells/Fear.md",
      "local": "created",
      "remote": "ADDED"
    },
    {
      "path": "reference/spells/Feather Fall.md",
      "local": "created",
      "remote": "ADDED"
    },
    {
      "path": "reference/spells/Feeblemind.md",
      "local": "created",
      "remote": "ADDED"
    },
    {
      "path": "reference/spells/Find Familiar.md",
      "local": "created",
      "remote": "ADDED"
    },
    {
      "path": "reference/spells/Find Steed.md",
      "local": "created",
      "remote": "ADDED"
    },
    {
      "path": "reference/spells/Find Traps.md",
      "local": "created",
      "remote": "ADDED"
    },
    {
      "path": "reference/spells/Find the Path.md",
      "local": "created",
      "remote": "ADDED"
    },
    {
      "path": "reference/spells/Finger of Death.md",
      "local": "created",
      "remote": "ADDED"
    },
    {
      "path": "reference/spells/Fire Bolt.md",
      "local": "created",
      "remote": "ADDED"
    },
    {
      "path": "reference/spells/Fire Shield.md",
      "local": "created",
      "remote": "ADDED"
    },
    {
      "path": "reference/spells/Fire Storm.md",
      "local": "created",
      "remote": "ADDED"
    },
    {
      "path": "reference/spells/Fireball.md",
      "local": "created",
      "remote": "ADDED"
    },
    {
      "path": "reference/spells/Flame Blade.md",
      "local": "created",
      "remote": "ADDED"
    },
    {
      "path": "reference/spells/Flame Strike.md",
      "local": "created",
      "remote": "ADDED"
    },
    {
      "path": "reference/spells/Flaming Sphere.md",
      "local": "created",
      "remote": "ADDED"
    },
    {
      "path": "reference/spells/Flesh to Stone.md",
      "local": "created",
      "remote": "ADDED"
    },
    {
      "path": "reference/spells/Floating Disk.md",
      "local": "created",
      "remote": "ADDED"
    },
    {
      "path": "reference/spells/Fly.md",
      "local": "created",
      "remote": "ADDED"
    },
    {
      "path": "reference/spells/Fog Cloud.md",
      "local": "created",
      "remote": "ADDED"
    },
    {
      "path": "reference/spells/Forbiddance.md",
      "local": "created",
      "remote": "ADDED"
    },
    {
      "path": "reference/spells/Forcecage.md",
      "local": "created",
      "remote": "ADDED"
    },
    {
      "path": "reference/spells/Foresight.md",
      "local": "created",
      "remote": "ADDED"
    },
    {
      "path": "reference/spells/Freedom of Movement.md",
      "local": "created",
      "remote": "ADDED"
    },
    {
      "path": "reference/spells/Freezing Sphere.md",
      "local": "created",
      "remote": "ADDED"
    },
    {
      "path": "reference/spells/Gaseous Form.md",
      "local": "created",
      "remote": "ADDED"
    },
    {
      "path": "reference/spells/Gate.md",
      "local": "created",
      "remote": "ADDED"
    },
    {
      "path": "reference/spells/Geas.md",
      "local": "created",
      "remote": "ADDED"
    },
    {
      "path": "reference/spells/Gentle Repose.md",
      "local": "created",
      "remote": "ADDED"
    },
    {
      "path": "reference/spells/Giant Insect.md",
      "local": "created",
      "remote": "ADDED"
    },
    {
      "path": "reference/spells/Glibness.md",
      "local": "created",
      "remote": "ADDED"
    },
    {
      "path": "reference/spells/Globe of Invulnerability.md",
      "local": "created",
      "remote": "ADDED"
    },
    {
      "path": "reference/spells/Glyph of Warding.md",
      "local": "created",
      "remote": "ADDED"
    },
    {
      "path": "reference/spells/Goodberry.md",
      "local": "created",
      "remote": "ADDED"
    },
    {
      "path": "reference/spells/Grease.md",
      "local": "created",
      "remote": "ADDED"
    },
    {
      "path": "reference/spells/Greater Invisibility.md",
      "local": "created",
      "remote": "ADDED"
    },
    {
      "path": "reference/spells/Greater Restoration.md",
      "local": "created",
      "remote": "ADDED"
    },
    {
      "path": "reference/spells/Guards and Wards.md",
      "local": "created",
      "remote": "ADDED"
    },
    {
      "path": "reference/spells/Guidance.md",
      "local": "created",
      "remote": "ADDED"
    },
    {
      "path": "reference/spells/Guiding Bolt.md",
      "local": "created",
      "remote": "ADDED"
    },
    {
      "path": "reference/spells/Gust of Wind.md",
      "local": "created",
      "remote": "ADDED"
    },
    {
      "path": "reference/spells/Hallow.md",
      "local": "created",
      "remote": "ADDED"
    },
    {
      "path": "reference/spells/Hallucinatory Terrain.md",
      "local": "created",
      "remote": "ADDED"
    },
    {
      "path": "reference/spells/Harm.md",
      "local": "created",
      "remote": "ADDED"
    },
    {
      "path": "reference/spells/Haste.md",
      "local": "created",
      "remote": "ADDED"
    },
    {
      "path": "reference/spells/Heal.md",
      "local": "created",
      "remote": "ADDED"
    },
    {
      "path": "reference/spells/Healing Word.md",
      "local": "created",
      "remote": "ADDED"
    },
    {
      "path": "reference/spells/Heat Metal.md",
      "local": "created",
      "remote": "ADDED"
    },
    {
      "path": "reference/spells/Hellish Rebuke.md",
      "local": "created",
      "remote": "ADDED"
    },
    {
      "path": "reference/spells/Heroes Feast.md",
      "local": "created",
      "remote": "ADDED"
    },
    {
      "path": "reference/spells/Heroism.md",
      "local": "created",
      "remote": "ADDED"
    },
    {
      "path": "reference/spells/Hideous Laughter.md",
      "local": "created",
      "remote": "ADDED"
    },
    {
      "path": "reference/spells/Hold Monster.md",
      "local": "created",
      "remote": "ADDED"
    },
    {
      "path": "reference/spells/Hold Person.md",
      "local": "created",
      "remote": "ADDED"
    },
    {
      "path": "reference/spells/Holy Aura.md",
      "local": "created",
      "remote": "ADDED"
    },
    {
      "path": "reference/spells/Hunter’s Mark.md",
      "local": "created",
      "remote": "ADDED"
    },
    {
      "path": "reference/spells/Hypnotic Pattern.md",
      "local": "created",
      "remote": "ADDED"
    },
    {
      "path": "reference/spells/Ice Storm.md",
      "local": "created",
      "remote": "ADDED"
    },
    {
      "path": "reference/spells/Identify.md",
      "local": "created",
      "remote": "ADDED"
    },
    {
      "path": "reference/spells/Illusory Script.md",
      "local": "created",
      "remote": "ADDED"
    },
    {
      "path": "reference/spells/Imprisonment.md",
      "local": "created",
      "remote": "ADDED"
    },
    {
      "path": "reference/spells/Incendiary Cloud.md",
      "local": "created",
      "remote": "ADDED"
    },
    {
      "path": "reference/spells/Infestation.md",
      "local": "created",
      "remote": "ADDED"
    },
    {
      "path": "reference/spells/Inflict Wounds.md",
      "local": "created",
      "remote": "ADDED"
    },
    {
      "path": "reference/spells/Insect Plague.md",
      "local": "created",
      "remote": "ADDED"
    },
    {
      "path": "reference/spells/Instant Summons.md",
      "local": "created",
      "remote": "ADDED"
    },
    {
      "path": "reference/spells/Invisibility.md",
      "local": "created",
      "remote": "ADDED"
    },
    {
      "path": "reference/spells/Irresistible Dance.md",
      "local": "created",
      "remote": "ADDED"
    },
    {
      "path": "reference/spells/Jump.md",
      "local": "created",
      "remote": "ADDED"
    },
    {
      "path": "reference/spells/Knock.md",
      "local": "created",
      "remote": "ADDED"
    },
    {
      "path": "reference/spells/Legend Lore.md",
      "local": "created",
      "remote": "ADDED"
    },
    {
      "path": "reference/spells/Lesser Restoration.md",
      "local": "created",
      "remote": "ADDED"
    },
    {
      "path": "reference/spells/Levitate.md",
      "local": "created",
      "remote": "ADDED"
    },
    {
      "path": "reference/spells/Light.md",
      "local": "created",
      "remote": "ADDED"
    },
    {
      "path": "reference/spells/Lightning Bolt.md",
      "local": "created",
      "remote": "ADDED"
    },
    {
      "path": "reference/spells/Locate Animals or Plants.md",
      "local": "created",
      "remote": "ADDED"
    },
    {
      "path": "reference/spells/Locate Creature.md",
      "local": "created",
      "remote": "ADDED"
    },
    {
      "path": "reference/spells/Locate Object.md",
      "local": "created",
      "remote": "ADDED"
    },
    {
      "path": "reference/spells/Longstrider.md",
      "local": "created",
      "remote": "ADDED"
    },
    {
      "path": "reference/spells/Mage Armor.md",
      "local": "created",
      "remote": "ADDED"
    },
    {
      "path": "reference/spells/Mage Hand.md",
      "local": "created",
      "remote": "ADDED"
    },
    {
      "path": "reference/spells/Magic Circle.md",
      "local": "created",
      "remote": "ADDED"
    },
    {
      "path": "reference/spells/Magic Jar.md",
      "local": "created",
      "remote": "ADDED"
    },
    {
      "path": "reference/spells/Magic Missile.md",
      "local": "created",
      "remote": "ADDED"
    },
    {
      "path": "reference/spells/Magic Mouth.md",
      "local": "created",
      "remote": "ADDED"
    },
    {
      "path": "reference/spells/Magic Weapon.md",
      "local": "created",
      "remote": "ADDED"
    },
    {
      "path": "reference/spells/Magnificent Mansion.md",
      "local": "created",
      "remote": "ADDED"
    },
    {
      "path": "reference/spells/Major Image.md",
      "local": "created",
      "remote": "ADDED"
    },
    {
      "path": "reference/spells/Mass Cure Wounds.md",
      "local": "created",
      "remote": "ADDED"
    },
    {
      "path": "reference/spells/Mass Heal.md",
      "local": "created",
      "remote": "ADDED"
    },
    {
      "path": "reference/spells/Mass Healing Word.md",
      "local": "created",
      "remote": "ADDED"
    },
    {
      "path": "reference/spells/Mass Suggestion.md",
      "local": "created",
      "remote": "ADDED"
    },
    {
      "path": "reference/spells/Maximilian's Earthen Grasp.md",
      "local": "created",
      "remote": "ADDED"
    },
    {
      "path": "reference/spells/Maze.md",
      "local": "created",
      "remote": "ADDED"
    },
    {
      "path": "reference/spells/Meld into Stone.md",
      "local": "created",
      "remote": "ADDED"
    },
    {
      "path": "reference/spells/Mending.md",
      "local": "created",
      "remote": "ADDED"
    },
    {
      "path": "reference/spells/Message.md",
      "local": "created",
      "remote": "ADDED"
    },
    {
      "path": "reference/spells/Meteor Swarm.md",
      "local": "created",
      "remote": "ADDED"
    },
    {
      "path": "reference/spells/Mind Blank.md",
      "local": "created",
      "remote": "ADDED"
    },
    {
      "path": "reference/spells/Minor Illusion.md",
      "local": "created",
      "remote": "ADDED"
    },
    {
      "path": "reference/spells/Mirage Arcane.md",
      "local": "created",
      "remote": "ADDED"
    },
    {
      "path": "reference/spells/Mirror Image.md",
      "local": "created",
      "remote": "ADDED"
    },
    {
      "path": "reference/spells/Mislead.md",
      "local": "created",
      "remote": "ADDED"
    },
    {
      "path": "reference/spells/Misty Step.md",
      "local": "created",
      "remote": "ADDED"
    },
    {
      "path": "reference/spells/Modify Memory.md",
      "local": "created",
      "remote": "ADDED"
    },
    {
      "path": "reference/spells/Moonbeam.md",
      "local": "created",
      "remote": "ADDED"
    },
    {
      "path": "reference/spells/Mordenkainen's Faithful Hound.md",
      "local": "created",
      "remote": "ADDED"
    },
    {
      "path": "reference/spells/Mordenkainen's Magnificent Mansion.md",
      "local": "created",
      "remote": "ADDED"
    },
    {
      "path": "reference/spells/Move Earth.md",
      "local": "created",
      "remote": "ADDED"
    },
    {
      "path": "reference/spells/Nondetection.md",
      "local": "created",
      "remote": "ADDED"
    },
    {
      "path": "reference/spells/Pass without Trace.md",
      "local": "created",
      "remote": "ADDED"
    },
    {
      "path": "reference/spells/Passwall.md",
      "local": "created",
      "remote": "ADDED"
    },
    {
      "path": "reference/spells/Phantasmal Killer.md",
      "local": "created",
      "remote": "ADDED"
    },
    {
      "path": "reference/spells/Phantom Steed.md",
      "local": "created",
      "remote": "ADDED"
    },
    {
      "path": "reference/spells/Planar Ally.md",
      "local": "created",
      "remote": "ADDED"
    },
    {
      "path": "reference/spells/Planar Binding.md",
      "local": "created",
      "remote": "ADDED"
    },
    {
      "path": "reference/spells/Plane Shift.md",
      "local": "created",
      "remote": "ADDED"
    },
    {
      "path": "reference/spells/Plant Growth.md",
      "local": "created",
      "remote": "ADDED"
    },
    {
      "path": "reference/spells/Poison Spray.md",
      "local": "created",
      "remote": "ADDED"
    },
    {
      "path": "reference/spells/Polymorph.md",
      "local": "created",
      "remote": "ADDED"
    },
    {
      "path": "reference/spells/Power Word Kill.md",
      "local": "created",
      "remote": "ADDED"
    },
    {
      "path": "reference/spells/Power Word Stun.md",
      "local": "created",
      "remote": "ADDED"
    },
    {
      "path": "reference/spells/Prayer of Healing.md",
      "local": "created",
      "remote": "ADDED"
    },
    {
      "path": "reference/spells/Prestidigitation.md",
      "local": "created",
      "remote": "ADDED"
    },
    {
      "path": "reference/spells/Prismatic Spray.md",
      "local": "created",
      "remote": "ADDED"
    },
    {
      "path": "reference/spells/Prismatic Wall.md",
      "local": "created",
      "remote": "ADDED"
    },
    {
      "path": "reference/spells/Private Sanctum.md",
      "local": "created",
      "remote": "ADDED"
    },
    {
      "path": "reference/spells/Produce Flame.md",
      "local": "created",
      "remote": "ADDED"
    },
    {
      "path": "reference/spells/Programmed Illusion.md",
      "local": "created",
      "remote": "ADDED"
    },
    {
      "path": "reference/spells/Project Image.md",
      "local": "created",
      "remote": "ADDED"
    },
    {
      "path": "reference/spells/Protection from Energy.md",
      "local": "created",
      "remote": "ADDED"
    },
    {
      "path": "reference/spells/Protection from Evil and Good.md",
      "local": "created",
      "remote": "ADDED"
    },
    {
      "path": "reference/spells/Protection from Poison.md",
      "local": "created",
      "remote": "ADDED"
    },
    {
      "path": "reference/spells/Purify Food and Drink.md",
      "local": "created",
      "remote": "ADDED"
    },
    {
      "path": "reference/spells/Raise Dead.md",
      "local": "created",
      "remote": "ADDED"
    },
    {
      "path": "reference/spells/Ray of Enfeeblement.md",
      "local": "created",
      "remote": "ADDED"
    },
    {
      "path": "reference/spells/Ray of Frost.md",
      "local": "created",
      "remote": "ADDED"
    },
    {
      "path": "reference/spells/Ray of Sickness.md",
      "local": "created",
      "remote": "ADDED"
    },
    {
      "path": "reference/spells/Regenerate.md",
      "local": "created",
      "remote": "ADDED"
    },
    {
      "path": "reference/spells/Reincarnate.md",
      "local": "created",
      "remote": "ADDED"
    },
    {
      "path": "reference/spells/Remove Curse.md",
      "local": "created",
      "remote": "ADDED"
    },
    {
      "path": "reference/spells/Resilient Sphere.md",
      "local": "created",
      "remote": "ADDED"
    },
    {
      "path": "reference/spells/Resistance.md",
      "local": "created",
      "remote": "ADDED"
    },
    {
      "path": "reference/spells/Resurrection.md",
      "local": "created",
      "remote": "ADDED"
    },
    {
      "path": "reference/spells/Reverse Gravity.md",
      "local": "created",
      "remote": "ADDED"
    },
    {
      "path": "reference/spells/Revivify.md",
      "local": "created",
      "remote": "ADDED"
    },
    {
      "path": "reference/spells/Rope Trick.md",
      "local": "created",
      "remote": "ADDED"
    },
    {
      "path": "reference/spells/Sacred Flame.md",
      "local": "created",
      "remote": "ADDED"
    },
    {
      "path": "reference/spells/Sanctuary.md",
      "local": "created",
      "remote": "ADDED"
    },
    {
      "path": "reference/spells/Scorching Ray.md",
      "local": "created",
      "remote": "ADDED"
    },
    {
      "path": "reference/spells/Scrying.md",
      "local": "created",
      "remote": "ADDED"
    },
    {
      "path": "reference/spells/Secret Chest.md",
      "local": "created",
      "remote": "ADDED"
    },
    {
      "path": "reference/spells/See Invisibility.md",
      "local": "created",
      "remote": "ADDED"
    },
    {
      "path": "reference/spells/Seeming.md",
      "local": "created",
      "remote": "ADDED"
    },
    {
      "path": "reference/spells/Sending.md",
      "local": "created",
      "remote": "ADDED"
    },
    {
      "path": "reference/spells/Sequester.md",
      "local": "created",
      "remote": "ADDED"
    },
    {
      "path": "reference/spells/Shapechange.md",
      "local": "created",
      "remote": "ADDED"
    },
    {
      "path": "reference/spells/Shatter.md",
      "local": "created",
      "remote": "ADDED"
    },
    {
      "path": "reference/spells/Shield of Faith.md",
      "local": "created",
      "remote": "ADDED"
    },
    {
      "path": "reference/spells/Shield.md",
      "local": "created",
      "remote": "ADDED"
    },
    {
      "path": "reference/spells/Shillelagh.md",
      "local": "created",
      "remote": "ADDED"
    },
    {
      "path": "reference/spells/Shocking Grasp.md",
      "local": "created",
      "remote": "ADDED"
    },
    {
      "path": "reference/spells/Silence.md",
      "local": "created",
      "remote": "ADDED"
    },
    {
      "path": "reference/spells/Silent Image.md",
      "local": "created",
      "remote": "ADDED"
    },
    {
      "path": "reference/spells/Simulacrum.md",
      "local": "created",
      "remote": "ADDED"
    },
    {
      "path": "reference/spells/Sleep.md",
      "local": "created",
      "remote": "ADDED"
    },
    {
      "path": "reference/spells/Sleet Storm.md",
      "local": "created",
      "remote": "ADDED"
    },
    {
      "path": "reference/spells/Slow.md",
      "local": "created",
      "remote": "ADDED"
    },
    {
      "path": "reference/spells/Spare the Dying.md",
      "local": "created",
      "remote": "ADDED"
    },
    {
      "path": "reference/spells/Speak with Animals.md",
      "local": "created",
      "remote": "ADDED"
    },
    {
      "path": "reference/spells/Speak with Dead.md",
      "local": "created",
      "remote": "ADDED"
    },
    {
      "path": "reference/spells/Speak with Plants.md",
      "local": "created",
      "remote": "ADDED"
    },
    {
      "path": "reference/spells/Spider Climb.md",
      "local": "created",
      "remote": "ADDED"
    },
    {
      "path": "reference/spells/Spike Growth.md",
      "local": "created",
      "remote": "ADDED"
    },
    {
      "path": "reference/spells/Spirit Guardians.md",
      "local": "created",
      "remote": "ADDED"
    },
    {
      "path": "reference/spells/Spiritual Weapon.md",
      "local": "created",
      "remote": "ADDED"
    },
    {
      "path": "reference/spells/Staggering Smite.md",
      "local": "created",
      "remote": "ADDED"
    },
    {
      "path": "reference/spells/Stinking Cloud.md",
      "local": "created",
      "remote": "ADDED"
    },
    {
      "path": "reference/spells/Stone Shape.md",
      "local": "created",
      "remote": "ADDED"
    },
    {
      "path": "reference/spells/Stoneskin.md",
      "local": "created",
      "remote": "ADDED"
    },
    {
      "path": "reference/spells/Storm of Vengeance.md",
      "local": "created",
      "remote": "ADDED"
    },
    {
      "path": "reference/spells/Suggestion.md",
      "local": "created",
      "remote": "ADDED"
    },
    {
      "path": "reference/spells/Sunbeam.md",
      "local": "created",
      "remote": "ADDED"
    },
    {
      "path": "reference/spells/Sunburst.md",
      "local": "created",
      "remote": "ADDED"
    },
    {
      "path": "reference/spells/Symbol.md",
      "local": "created",
      "remote": "ADDED"
    },
    {
      "path": "reference/spells/Telekinesis.md",
      "local": "created",
      "remote": "ADDED"
    },
    {
      "path": "reference/spells/Telepathic Bond.md",
      "local": "created",
      "remote": "ADDED"
    },
    {
      "path": "reference/spells/Teleport.md",
      "local": "created",
      "remote": "ADDED"
    },
    {
      "path": "reference/spells/Teleportation Circle.md",
      "local": "created",
      "remote": "ADDED"
    },
    {
      "path": "reference/spells/Tenser's Floating Disk.md",
      "local": "created",
      "remote": "ADDED"
    },
    {
      "path": "reference/spells/Thaumaturgy.md",
      "local": "created",
      "remote": "ADDED"
    },
    {
      "path": "reference/spells/Thorn Whip.md",
      "local": "created",
      "remote": "ADDED"
    },
    {
      "path": "reference/spells/Thunderous Smite.md",
      "local": "created",
      "remote": "ADDED"
    },
    {
      "path": "reference/spells/Thunderwave.md",
      "local": "created",
      "remote": "ADDED"
    },
    {
      "path": "reference/spells/Time Stop.md",
      "local": "created",
      "remote": "ADDED"
    },
    {
      "path": "reference/spells/Tiny Hut.md",
      "local": "created",
      "remote": "ADDED"
    },
    {
      "path": "reference/spells/Tongues.md",
      "local": "created",
      "remote": "ADDED"
    },
    {
      "path": "reference/spells/Transport via Plants.md",
      "local": "created",
      "remote": "ADDED"
    },
    {
      "path": "reference/spells/Tree Stride.md",
      "local": "created",
      "remote": "ADDED"
    },
    {
      "path": "reference/spells/True Polymorph.md",
      "local": "created",
      "remote": "ADDED"
    },
    {
      "path": "reference/spells/True Resurrection.md",
      "local": "created",
      "remote": "ADDED"
    },
    {
      "path": "reference/spells/True Seeing.md",
      "local": "created",
      "remote": "ADDED"
    },
    {
      "path": "reference/spells/True Strike.md",
      "local": "created",
      "remote": "ADDED"
    },
    {
      "path": "reference/spells/Unseen Servant.md",
      "local": "created",
      "remote": "ADDED"
    },
    {
      "path": "reference/spells/Vampiric Touch.md",
      "local": "created",
      "remote": "ADDED"
    },
    {
      "path": "reference/spells/Vicious Mockery.md",
      "local": "created",
      "remote": "ADDED"
    },
    {
      "path": "reference/spells/Wall of Fire.md",
      "local": "created",
      "remote": "ADDED"
    },
    {
      "path": "reference/spells/Wall of Force.md",
      "local": "created",
      "remote": "ADDED"
    },
    {
      "path": "reference/spells/Wall of Ice.md",
      "local": "created",
      "remote": "ADDED"
    },
    {
      "path": "reference/spells/Wall of Stone.md",
      "local": "created",
      "remote": "ADDED"
    },
    {
      "path": "reference/spells/Wall of Thorns.md",
      "local": "created",
      "remote": "ADDED"
    },
    {
      "path": "reference/spells/Warding Bond.md",
      "local": "created",
      "remote": "ADDED"
    },
    {
      "path": "reference/spells/Water Breathing.md",
      "local": "created",
      "remote": "ADDED"
    },
    {
      "path": "reference/spells/Water Walk.md",
      "local": "created",
      "remote": "ADDED"
    },
    {
      "path": "reference/spells/Web.md",
      "local": "created",
      "remote": "ADDED"
    },
    {
      "path": "reference/spells/Weird.md",
      "local": "created",
      "remote": "ADDED"
    },
    {
      "path": "reference/spells/Wind Walk.md",
      "local": "created",
      "remote": "ADDED"
    },
    {
      "path": "reference/spells/Wind Wall.md",
      "local": "created",
      "remote": "ADDED"
    },
    {
      "path": "reference/spells/Wish.md",
      "local": "created",
      "remote": "ADDED"
    },
    {
      "path": "reference/spells/Witch Bolt.md",
      "local": "created",
      "remote": "ADDED"
    },
    {
      "path": "reference/spells/Word of Recall.md",
      "local": "created",
      "remote": "ADDED"
    },
    {
      "path": "reference/spells/Zone of Truth.md",
      "local": "created",
      "remote": "ADDED"
    }
  ]
}
[2026-05-25T12:13:23.629Z] [FitSync] Error resolving conflict for file: {
  "path": "Assets/Images/Maps/Revenloft Moors/Old Bonegrinder/01 - Old Bonegrinder Day (Ground Floor).webp",
  "localStatus": "created",
  "remoteStatus": "ADDED",
  "error": "Maximum call stack size exceeded"
}
[2026-05-25T12:13:24.628Z] [FitSync] Error resolving conflict for file: {
  "path": "Assets/Images/Maps/Druidic Groves/Wizard of Wines Winery/01 - Wizard of Wines Winery Day (Ground Floor).webp",
  "localStatus": "created",
  "remoteStatus": "ADDED",
  "error": "Maximum call stack size exceeded"
}
[2026-05-25T12:13:27.532Z] [FitSync] Error resolving conflict for file: {
  "path": "Assets/Images/Maps/Castle Ravenloft/Court of the Count/01 - Castle Ravenloft (1st Floor).webp",
  "localStatus": "created",
  "remoteStatus": "ADDED",
  "error": "Maximum call stack size exceeded"
}
[2026-05-25T12:13:28.918Z] [FitSync] Error resolving conflict for file: {
  "path": "Assets/Images/Maps/Castle Ravenloft/Dungeons & Catacombs/03 - Castle Ravenloft Lower Dungeon (No Golems).webp",
  "localStatus": "created",
  "remoteStatus": "ADDED",
  "error": "Maximum call stack size exceeded"
}
[2026-05-25T12:13:30.134Z] [FitSync] Error resolving conflict for file: {
  "path": "Assets/Images/Maps/Castle Ravenloft/Larders of Ill Omen/03 - Castle Ravenloft (Upper Dungeon - Hall of Bones Overlay with Argynvost).webp",
  "localStatus": "created",
  "remoteStatus": "ADDED",
  "error": "Maximum call stack size exceeded"
}
[2026-05-25T12:13:33.805Z] [FitSync] Error resolving conflict for file: {
  "path": "Assets/Images/Maps/Castle Ravenloft/Main Floor/01 - Castle Ravenloft (Ground Floor).webp",
  "localStatus": "created",
  "remoteStatus": "ADDED",
  "error": "Maximum call stack size exceeded"
}
[2026-05-25T12:13:34.943Z] [FitSync] Error resolving conflict for file: {
  "path": "Assets/Images/Maps/Castle Ravenloft/Spires of Ravenloft/12 - Castle Ravenloft (Roof - No Lighting).webp",
  "localStatus": "created",
  "remoteStatus": "ADDED",
  "error": "Maximum call stack size exceeded"
}
[2026-05-25T12:13:36.636Z] [FitSync] Error resolving conflict for file: {
  "path": "Assets/Images/Maps/Mound Ghakis/Amber Temple/02 - The Amber Temple (Upper Level - without Illusion).webp",
  "localStatus": "created",
  "remoteStatus": "ADDED",
  "error": "Maximum call stack size exceeded"
}
[2026-05-25T12:13:40.136Z] [FitSync] Error resolving conflict for file: {
  "path": "Assets/Images/Maps/Castle Ravenloft/Main Floor/03 - Castle Ravenloft (Ground Floor - No Lighting).webp",
  "localStatus": "created",
  "remoteStatus": "ADDED",
  "error": "Maximum call stack size exceeded"
}
[2026-05-25T12:13:41.754Z] [FitSync] Error resolving conflict for file: {
  "path": "Assets/Images/Maps/Castle Ravenloft/Dungeons & Catacombs/06 - Castle Ravenloft Lower Dungeon (No Golems - No Items - No Lighting).webp",
  "localStatus": "created",
  "remoteStatus": "ADDED",
  "error": "Maximum call stack size exceeded"
}
[2026-05-25T12:13:43.291Z] [FitSync] Error resolving conflict for file: {
  "path": "Assets/Images/Maps/Castle Ravenloft/Dungeons & Catacombs/05 - Castle Ravenloft Lower Dungeon (No Golems - No Items).webp",
  "localStatus": "created",
  "remoteStatus": "ADDED",
  "error": "Maximum call stack size exceeded"
}
[2026-05-25T12:13:43.682Z] [FitSync] Error resolving conflict for file: {
  "path": "Assets/Images/Maps/Vallaki Valley/East Gate/01 - Vallaki East Gate Day (Ground).webp",
  "localStatus": "created",
  "remoteStatus": "ADDED",
  "error": "Maximum call stack size exceeded"
}
[2026-05-25T12:13:44.770Z] [FitSync] Error resolving conflict for file: {
  "path": "Assets/Images/Maps/Castle Ravenloft/Spires of Ravenloft/06 - Castle Ravenloft (5th Floor - No Lighting).webp",
  "localStatus": "created",
  "remoteStatus": "ADDED",
  "error": "Maximum call stack size exceeded"
}
[2026-05-25T12:13:46.301Z] [FitSync] Error resolving conflict for file: {
  "path": "Assets/Images/Maps/Castle Ravenloft/Dungeons & Catacombs/01 - Castle Ravenloft Lower Dungeon.webp",
  "localStatus": "created",
  "remoteStatus": "ADDED",
  "error": "Maximum call stack size exceeded"
}
[2026-05-25T12:13:47.672Z] [FitSync] Error resolving conflict for file: {
  "path": "Assets/Images/Maps/Castle Ravenloft/Spires of Ravenloft/09 - Castle Ravenloft (7th Floor).webp",
  "localStatus": "created",
  "remoteStatus": "ADDED",
  "error": "Maximum call stack size exceeded"
}
[2026-05-25T12:13:48.727Z] [FitSync] Error resolving conflict for file: {
  "path": "Assets/Images/Maps/Druidic Groves/Wizard of Wines Winery/02 - Wizard of Wines Winery Day (1st Floor).webp",
  "localStatus": "created",
  "remoteStatus": "ADDED",
  "error": "Maximum call stack size exceeded"
}
[2026-05-25T12:13:49.649Z] [FitSync] Error resolving conflict for file: {
  "path": "Assets/Images/Maps/Castle Ravenloft/Spires of Ravenloft/11 - Castle Ravenloft (Roof).webp",
  "localStatus": "created",
  "remoteStatus": "ADDED",
  "error": "Maximum call stack size exceeded"
}
[2026-05-25T12:13:50.910Z] [FitSync] Error resolving conflict for file: {
  "path": "Assets/Images/Maps/Castle Ravenloft/Dungeons & Catacombs/04 - Castle Ravenloft Lower Dungeon (No Golems - No Lighting).webp",
  "localStatus": "created",
  "remoteStatus": "ADDED",
  "error": "Maximum call stack size exceeded"
}
[2026-05-25T12:13:52.187Z] [FitSync] Error resolving conflict for file: {
  "path": "Assets/Images/Maps/Castle Ravenloft/Dungeons & Catacombs/02 - Castle Ravenloft Lower Dungeon (No Lighting).webp",
  "localStatus": "created",
  "remoteStatus": "ADDED",
  "error": "Maximum call stack size exceeded"
}
[2026-05-25T12:13:52.983Z] [FitSync] Error resolving conflict for file: {
  "path": "Assets/Images/Maps/Castle Ravenloft/Spires of Ravenloft/07 - Castle Ravenloft (6th Floor).webp",
  "localStatus": "created",
  "remoteStatus": "ADDED",
  "error": "Maximum call stack size exceeded"
}
[2026-05-25T12:13:54.842Z] [FitSync] Error resolving conflict for file: {
  "path": "Assets/Images/Maps/Castle Ravenloft/Court of the Count/02 - Castle Ravenloft (1st Floor - No Lighting).webp",
  "localStatus": "created",
  "remoteStatus": "ADDED",
  "error": "Maximum call stack size exceeded"
}
[2026-05-25T12:13:55.583Z] [FitSync] Error resolving conflict for file: {
  "path": "Assets/Images/Maps/Castle Ravenloft/Spires of Ravenloft/04 - Castle Ravenloft (4th Floor - No Lighting).webp",
  "localStatus": "created",
  "remoteStatus": "ADDED",
  "error": "Maximum call stack size exceeded"
}
[2026-05-25T12:13:56.379Z] [FitSync] Error resolving conflict for file: {
  "path": "Assets/Images/Maps/Mound Ghakis/Amber Temple/01 - The Amber Temple (Upper Level - with Illusion).webp",
  "localStatus": "created",
  "remoteStatus": "ADDED",
  "error": "Maximum call stack size exceeded"
}
[2026-05-25T12:13:58.438Z] [FitSync] Error resolving conflict for file: {
  "path": "Assets/Images/Maps/Castle Ravenloft/Main Floor/04 - Castle Ravenloft (Ground Floor - Original Table Placement, No Lighting).webp",
  "localStatus": "created",
  "remoteStatus": "ADDED",
  "error": "Maximum call stack size exceeded"
}
[2026-05-25T12:13:59.100Z] [FitSync] Error resolving conflict for file: {
  "path": "Assets/Images/Maps/Castle Ravenloft/Larders of Ill Omen/02 - Castle Ravenloft (Upper Dungeon - No Lighting).webp",
  "localStatus": "created",
  "remoteStatus": "ADDED",
  "error": "Maximum call stack size exceeded"
}
[2026-05-25T12:13:59.126Z] [FitSync] Error resolving conflict for file: {
  "path": "Assets/Images/Items/green-copper-ewer.webp",
  "localStatus": "created",
  "remoteStatus": "ADDED",
  "error": "Maximum call stack size exceeded"
}
[2026-05-25T12:13:59.127Z] [Plugin] Sync failed: {
  "errorType": "unknown",
  "errorMessage": "RangeError: Maximum call stack size exceeded",
  "errorDetails": {
    "originalError": {}
  },
  "fullMessage": "Sync failed: RangeError: Maximum call stack size exceeded"
}
[2026-05-25T12:13:59.822Z] [FitSync] Error resolving conflict for file: {
  "path": "Assets/Images/Maps/Castle Ravenloft/Larders of Ill Omen/04 - Castle Ravenloft (Upper Dungeon - Hall of Bones Overlay with Argynvost - No Lighting).webp",
  "localStatus": "created",
  "remoteStatus": "ADDED",
  "error": "Maximum call stack size exceeded"
}
[2026-05-25T12:13:59.849Z] [FitSync] Error resolving conflict for file: {
  "path": "Assets/Images/Items/adventurere-battleaxe.webp",
  "localStatus": "created",
  "remoteStatus": "ADDED",
  "error": "Maximum call stack size exceeded"
}
[2026-05-25T12:14:00.568Z] [FitSync] Error resolving conflict for file: {
  "path": "Assets/Images/Maps/Castle Ravenloft/Larders of Ill Omen/06 - Castle Ravenloft (Upper Dungeon - Hall of Bones Overlay without Argynvost - No Lighting).webp",
  "localStatus": "created",
  "remoteStatus": "ADDED",
  "error": "Maximum call stack size exceeded"
}
[2026-05-25T12:14:01.308Z] [FitSync] Error resolving conflict for file: {
  "path": "Assets/Images/Maps/Castle Ravenloft/Larders of Ill Omen/05 - Castle Ravenloft (Upper Dungeon - Hall of Bones Overlay without Argynvost).webp",
  "localStatus": "created",
  "remoteStatus": "ADDED",
  "error": "Maximum call stack size exceeded"
}
[2026-05-25T12:14:01.312Z] [FitSync] Error resolving conflict for file: {
  "path": "Assets/Images/Maps/Wolfrun/Van Richten's Tower/06 - Van Richten's Tower (Roof with Lightning).jpg",
  "localStatus": "created",
  "remoteStatus": "ADDED",
  "error": "Cannot read properties of undefined (reading 'replace')"
}
[2026-05-25T12:14:03.832Z] [FitSync] Error resolving conflict for file: {
  "path": "Assets/Images/Maps/Castle Ravenloft/Court of the Count/01 - Castle Ravenloft (1st Floor).webp",
  "localStatus": "created",
  "remoteStatus": "ADDED",
  "error": "Maximum call stack size exceeded"
}
[2026-05-25T12:14:04.565Z] [FitSync] Error resolving conflict for file: {
  "path": "Assets/Images/Maps/Castle Ravenloft/Larders of Ill Omen/01 - Castle Ravenloft (Upper Dungeon).webp",
  "localStatus": "created",
  "remoteStatus": "ADDED",
  "error": "Maximum call stack size exceeded"
}
[2026-05-25T12:14:04.984Z] [FitSync] Error resolving conflict for file: {
  "path": "Assets/Images/Maps/Bogs of Berez/Swamp Fane/01 - The Swamp Fane (Base).webp",
  "localStatus": "created",
  "remoteStatus": "ADDED",
  "error": "Maximum call stack size exceeded"
}
[2026-05-25T12:14:05.467Z] [FitSync] Error resolving conflict for file: {
  "path": "Assets/Images/Maps/Bogs of Berez/Marina's Monument/Marina's Monument.webp",
  "localStatus": "created",
  "remoteStatus": "ADDED",
  "error": "Maximum call stack size exceeded"
}
[2026-05-25T12:14:05.965Z] [FitSync] Error resolving conflict for file: {
  "path": "Assets/Images/Maps/Bogs of Berez/Swamp Encounter/Swamp Encounter Day.webp",
  "localStatus": "created",
  "remoteStatus": "ADDED",
  "error": "Maximum call stack size exceeded"
}
[2026-05-25T12:14:05.999Z] [FitSync] Error resolving conflict for file: {
  "path": "Assets/Images/Maps/Bogs of Berez/creeping-hut.webp",
  "localStatus": "created",
  "remoteStatus": "ADDED",
  "error": "Maximum call stack size exceeded"
}
[2026-05-25T12:14:06.101Z] [FitSync] Error resolving conflict for file: {
  "path": "Assets/Images/Maps/Bogs of Berez/Swamp Fane/02 - The Swamp Fane (with Runes).webp",
  "localStatus": "created",
  "remoteStatus": "ADDED",
  "error": "Maximum call stack size exceeded"
}
[2026-05-25T12:14:06.337Z] [FitSync] Error resolving conflict for file: {
  "path": "Assets/Images/Maps/Bogs of Berez/Swamps Edge/Swamp_s Edge Day.webp",
  "localStatus": "created",
  "remoteStatus": "ADDED",
  "error": "Maximum call stack size exceeded"
}
[2026-05-25T12:14:06.358Z] [FitSync] Error resolving conflict for file: {
  "path": "Assets/Images/Maps/Bogs of Berez/creeping-hut-dm.webp",
  "localStatus": "created",
  "remoteStatus": "ADDED",
  "error": "Maximum call stack size exceeded"
}
[2026-05-25T12:14:06.621Z] [FitSync] Error resolving conflict for file: {
  "path": "Assets/Images/Maps/Bogs of Berez/Berez Churchyard/01 - Berez - Churchyard.webp",
  "localStatus": "created",
  "remoteStatus": "ADDED",
  "error": "Maximum call stack size exceeded"
}
[2026-05-25T12:14:06.771Z] [FitSync] Error resolving conflict for file: {
  "path": "Assets/Images/Maps/Bogs of Berez/Berez Churchyard/02 - Berez - Churchyard (Raising the Stakes Variant).webp",
  "localStatus": "created",
  "remoteStatus": "ADDED",
  "error": "Maximum call stack size exceeded"
}
[2026-05-25T12:14:06.926Z] [FitSync] Error resolving conflict for file: {
  "path": "Assets/Images/Maps/Bogs of Berez/Swamp Fane/03 - The Swamp Fane (with Runes Activated).webp",
  "localStatus": "created",
  "remoteStatus": "ADDED",
  "error": "Maximum call stack size exceeded"
}
[2026-05-25T12:14:07.479Z] [FitSync] Error resolving conflict for file: {
  "path": "Assets/Images/Maps/01 - Old Svalich Road Encounter Day.webp",
  "localStatus": "created",
  "remoteStatus": "ADDED",
  "error": "Maximum call stack size exceeded"
}
[2026-05-25T12:14:34.173Z] [FitSync] Error resolving conflict for file: {
  "path": "Assets/Images/Maps/Castle Ravenloft/Dungeons & Catacombs/01 - Castle Ravenloft Lower Dungeon.webp",
  "localStatus": "created",
  "remoteStatus": "ADDED",
  "error": "Maximum call stack size exceeded"
}
[2026-05-25T12:14:41.690Z] [FitSync] Error resolving conflict for file: {
  "path": "Assets/Images/Maps/Forest Fane/02 - The Forest Fane Day (Shrine).webp",
  "localStatus": "created",
  "remoteStatus": "ADDED",
  "error": "Maximum call stack size exceeded"
}
[2026-05-25T12:14:56.718Z] [FitSync] Error resolving conflict for file: {
  "path": "Assets/Images/Maps/Druidic Groves/Wizard of Wines Winery/04 - Wizard of Wines Winery (Cellar).webp",
  "localStatus": "created",
  "remoteStatus": "ADDED",
  "error": "Maximum call stack size exceeded"
}
[2026-05-25T12:15:15.996Z] [FitSync] Error resolving conflict for file: {
  "path": "Assets/Images/Maps/Druidic Groves/Yester Hill - Copse of the Gulthias Tree/02 - Copse of the Gulthias Tree (Mountain Fane).webp",
  "localStatus": "created",
  "remoteStatus": "ADDED",
  "error": "Maximum call stack size exceeded"
}
[2026-05-25T12:15:36.481Z] [FitSync] Error resolving conflict for file: {
  "path": "Assets/Images/Maps/Vallaki Valley/Lake Zarovich/01 - Lake Zarovich Day (with Boats).webp",
  "localStatus": "created",
  "remoteStatus": "ADDED",
  "error": "Maximum call stack size exceeded"
}
[2026-05-25T12:15:36.616Z] [FitSync] Error resolving conflict for file: {
  "path": "Assets/Images/Maps/Vallaki Valley/Lake Zarovich/02 - Lake Zarovich Day (no Boats).webp",
  "localStatus": "created",
  "remoteStatus": "ADDED",
  "error": "Maximum call stack size exceeded"
}
[2026-05-25T12:15:44.894Z] [FitSync] Error resolving conflict for file: {
  "path": "reference/monsters/Wight.md",
  "localStatus": "created",
  "remoteStatus": "ADDED",
  "error": "Failed to fetch"
}
[2026-05-25T12:15:48.441Z] [FitSync] Error resolving conflict for file: {
  "path": "reference/spells/Floating Disk.md",
  "localStatus": "created",
  "remoteStatus": "ADDED",
  "error": "Failed to fetch"
}
[2026-05-25T12:15:51.390Z] [FitSync] Error resolving conflict for file: {
  "path": "Assets/Images/Maps/Mound Ghakis/Tsolenka Pass Gate/08 - Tsolenka Pass Gate (Roof with Fire, without Vrocks).webp",
  "localStatus": "created",
  "remoteStatus": "ADDED",
  "error": "Maximum call stack size exceeded"
}
[2026-05-25T12:15:52.906Z] [FitSync] Error resolving conflict for file: {
  "path": "reference/monsters/Wyvern.md",
  "localStatus": "created",
  "remoteStatus": "ADDED",
  "error": "Failed to fetch"
}
[2026-05-25T12:15:55.703Z] [FitSync] Error resolving conflict for file: {
  "path": "Assets/Images/Maps/Mound Ghakis/Tsolenka Pass Gate/07 - Tsolenka Pass Gate (Roof with Fire & Vrocks).webp",
  "localStatus": "created",
  "remoteStatus": "ADDED",
  "error": "Maximum call stack size exceeded"
}
[2026-05-25T12:15:58.309Z] [FitSync] Error resolving conflict for file: {
  "path": "Assets/Images/Maps/Mound Ghakis/Tsolenka Pass Gate/02 - Tsolenka Pass Gate (Ground without Fire).webp",
  "localStatus": "created",
  "remoteStatus": "ADDED",
  "error": "Maximum call stack size exceeded"
}
[2026-05-25T12:15:59.951Z] [FitSync] Error resolving conflict for file: {
  "path": "reference/npcs/Commoner.md",
  "localStatus": "created",
  "remoteStatus": "ADDED",
  "error": "Failed to fetch"
}
[2026-05-25T12:15:59.951Z] [FitSync] Error resolving conflict for file: {
  "path": "reference/npcs/Cult Fanatic.md",
  "localStatus": "created",
  "remoteStatus": "ADDED",
  "error": "Failed to fetch"
}
[2026-05-25T12:15:59.966Z] [FitSync] Error resolving conflict for file: {
  "path": "reference/npcs/Cultist.md",
  "localStatus": "created",
  "remoteStatus": "ADDED",
  "error": "Failed to fetch"
}
[2026-05-25T12:15:59.966Z] [FitSync] Error resolving conflict for file: {
  "path": "reference/npcs/Druid (NPC).md",
  "localStatus": "created",
  "remoteStatus": "ADDED",
  "error": "Failed to fetch"
}
[2026-05-25T12:15:59.966Z] [FitSync] Error resolving conflict for file: {
  "path": "reference/npcs/Gladiator.md",
  "localStatus": "created",
  "remoteStatus": "ADDED",
  "error": "Failed to fetch"
}
[2026-05-25T12:15:59.966Z] [FitSync] Error resolving conflict for file: {
  "path": "reference/npcs/Guard.md",
  "localStatus": "created",
  "remoteStatus": "ADDED",
  "error": "Failed to fetch"
}
[2026-05-25T12:15:59.967Z] [FitSync] Error resolving conflict for file: {
  "path": "reference/npcs/Knight.md",
  "localStatus": "created",
  "remoteStatus": "ADDED",
  "error": "Failed to fetch"
}
[2026-05-25T12:15:59.982Z] [FitSync] Error resolving conflict for file: {
  "path": "reference/npcs/Mage.md",
  "localStatus": "created",
  "remoteStatus": "ADDED",
  "error": "Failed to fetch"
}
[2026-05-25T12:15:59.982Z] [FitSync] Error resolving conflict for file: {
  "path": "reference/npcs/Noble.md",
  "localStatus": "created",
  "remoteStatus": "ADDED",
  "error": "Failed to fetch"
}
[2026-05-25T12:15:59.982Z] [FitSync] Error resolving conflict for file: {
  "path": "reference/npcs/Priest.md",
  "localStatus": "created",
  "remoteStatus": "ADDED",
  "error": "Failed to fetch"
}
[2026-05-25T12:15:59.983Z] [FitSync] Error resolving conflict for file: {
  "path": "reference/npcs/Scout.md",
  "localStatus": "created",
  "remoteStatus": "ADDED",
  "error": "Failed to fetch"
}
[2026-05-25T12:15:59.983Z] [FitSync] Error resolving conflict for file: {
  "path": "reference/npcs/Spy.md",
  "localStatus": "created",
  "remoteStatus": "ADDED",
  "error": "Failed to fetch"
}
[2026-05-25T12:15:59.993Z] [FitSync] Error resolving conflict for file: {
  "path": "reference/npcs/Thug.md",
  "localStatus": "created",
  "remoteStatus": "ADDED",
  "error": "Failed to fetch"
}
[2026-05-25T12:15:59.993Z] [FitSync] Error resolving conflict for file: {
  "path": "reference/npcs/Tribal Warrior.md",
  "localStatus": "created",
  "remoteStatus": "ADDED",
  "error": "Failed to fetch"
}
[2026-05-25T12:15:59.993Z] [FitSync] Error resolving conflict for file: {
  "path": "reference/npcs/Veteran.md",
  "localStatus": "created",
  "remoteStatus": "ADDED",
  "error": "Failed to fetch"
}
[2026-05-25T12:15:59.993Z] [FitSync] Error resolving conflict for file: {
  "path": "reference/spells/Acid Arrow.md",
  "localStatus": "created",
  "remoteStatus": "ADDED",
  "error": "Failed to fetch"
}
[2026-05-25T12:15:59.993Z] [FitSync] Error resolving conflict for file: {
  "path": "reference/spells/Acid Splash.md",
  "localStatus": "created",
  "remoteStatus": "ADDED",
  "error": "Failed to fetch"
}
[2026-05-25T12:15:59.993Z] [FitSync] Error resolving conflict for file: {
  "path": "reference/spells/Aid.md",
  "localStatus": "created",
  "remoteStatus": "ADDED",
  "error": "Failed to fetch"
}
[2026-05-25T12:16:00.041Z] [FitSync] Error resolving conflict for file: {
  "path": "Assets/Images/Maps/Vallaki Valley/Wachterhaus/03 - Wachterhaus (Cellar).webp",
  "localStatus": "created",
  "remoteStatus": "ADDED",
  "error": "Maximum call stack size exceeded"
}
[2026-05-25T12:16:00.042Z] [FitSync] Error resolving conflict for file: {
  "path": "reference/spells/Alter Self.md",
  "localStatus": "created",
  "remoteStatus": "ADDED",
  "error": "Failed to fetch"
}
[2026-05-25T12:16:00.042Z] [FitSync] Error resolving conflict for file: {
  "path": "reference/spells/Animal Friendship.md",
  "localStatus": "created",
  "remoteStatus": "ADDED",
  "error": "Failed to fetch"
}
[2026-05-25T12:16:00.042Z] [FitSync] Error resolving conflict for file: {
  "path": "reference/spells/Animal Messenger.md",
  "localStatus": "created",
  "remoteStatus": "ADDED",
  "error": "Failed to fetch"
}
[2026-05-25T12:16:00.042Z] [FitSync] Error resolving conflict for file: {
  "path": "reference/spells/Animal Shapes.md",
  "localStatus": "created",
  "remoteStatus": "ADDED",
  "error": "Failed to fetch"
}
[2026-05-25T12:16:00.042Z] [FitSync] Error resolving conflict for file: {
  "path": "reference/spells/Animate Dead.md",
  "localStatus": "created",
  "remoteStatus": "ADDED",
  "error": "Failed to fetch"
}
[2026-05-25T12:16:00.049Z] [FitSync] Error resolving conflict for file: {
  "path": "reference/spells/Animate Objects.md",
  "localStatus": "created",
  "remoteStatus": "ADDED",
  "error": "Failed to fetch"
}
[2026-05-25T12:16:00.049Z] [FitSync] Error resolving conflict for file: {
  "path": "reference/spells/Antilife Shell.md",
  "localStatus": "created",
  "remoteStatus": "ADDED",
  "error": "Failed to fetch"
}
[2026-05-25T12:16:00.049Z] [FitSync] Error resolving conflict for file: {
  "path": "reference/spells/Antimagic Field.md",
  "localStatus": "created",
  "remoteStatus": "ADDED",
  "error": "Failed to fetch"
}
[2026-05-25T12:16:00.049Z] [FitSync] Error resolving conflict for file: {
  "path": "reference/spells/Antipathy slash Sympathy.md",
  "localStatus": "created",
  "remoteStatus": "ADDED",
  "error": "Failed to fetch"
}
[2026-05-25T12:16:00.049Z] [FitSync] Error resolving conflict for file: {
  "path": "reference/spells/Arcane Eye.md",
  "localStatus": "created",
  "remoteStatus": "ADDED",
  "error": "Failed to fetch"
}
[2026-05-25T12:16:00.049Z] [FitSync] Error resolving conflict for file: {
  "path": "reference/spells/Arcane Hand.md",
  "localStatus": "created",
  "remoteStatus": "ADDED",
  "error": "Failed to fetch"
}
[2026-05-25T12:16:00.049Z] [FitSync] Error resolving conflict for file: {
  "path": "reference/spells/Arcane Lock.md",
  "localStatus": "created",
  "remoteStatus": "ADDED",
  "error": "Failed to fetch"
}
[2026-05-25T12:16:00.050Z] [FitSync] Error resolving conflict for file: {
  "path": "reference/spells/Arcane Sword.md",
  "localStatus": "created",
  "remoteStatus": "ADDED",
  "error": "Failed to fetch"
}
[2026-05-25T12:16:00.050Z] [FitSync] Error resolving conflict for file: {
  "path": "reference/spells/Arcanists Magic Aura.md",
  "localStatus": "created",
  "remoteStatus": "ADDED",
  "error": "Failed to fetch"
}
[2026-05-25T12:16:00.050Z] [FitSync] Error resolving conflict for file: {
  "path": "reference/spells/Astral Projection.md",
  "localStatus": "created",
  "remoteStatus": "ADDED",
  "error": "Failed to fetch"
}
[2026-05-25T12:16:00.051Z] [FitSync] Error resolving conflict for file: {
  "path": "reference/spells/Augury.md",
  "localStatus": "created",
  "remoteStatus": "ADDED",
  "error": "Failed to fetch"
}
[2026-05-25T12:16:00.051Z] [FitSync] Error resolving conflict for file: {
  "path": "reference/spells/Awaken.md",
  "localStatus": "created",
  "remoteStatus": "ADDED",
  "error": "Failed to fetch"
}
[2026-05-25T12:16:00.053Z] [FitSync] Error resolving conflict for file: {
  "path": "reference/spells/Bane.md",
  "localStatus": "created",
  "remoteStatus": "ADDED",
  "error": "Failed to fetch"
}
[2026-05-25T12:16:00.053Z] [FitSync] Error resolving conflict for file: {
  "path": "reference/spells/Banishment.md",
  "localStatus": "created",
  "remoteStatus": "ADDED",
  "error": "Failed to fetch"
}
[2026-05-25T12:16:00.063Z] [FitSync] Error resolving conflict for file: {
  "path": "reference/spells/Barkskin.md",
  "localStatus": "created",
  "remoteStatus": "ADDED",
  "error": "Failed to fetch"
}
[2026-05-25T12:16:00.063Z] [FitSync] Error resolving conflict for file: {
  "path": "reference/spells/Beacon of Hope.md",
  "localStatus": "created",
  "remoteStatus": "ADDED",
  "error": "Failed to fetch"
}
[2026-05-25T12:16:00.063Z] [FitSync] Error resolving conflict for file: {
  "path": "reference/spells/Bestow Curse.md",
  "localStatus": "created",
  "remoteStatus": "ADDED",
  "error": "Failed to fetch"
}
[2026-05-25T12:16:00.063Z] [FitSync] Error resolving conflict for file: {
  "path": "reference/spells/Bigby's Hand.md",
  "localStatus": "created",
  "remoteStatus": "ADDED",
  "error": "Failed to fetch"
}
[2026-05-25T12:16:00.073Z] [FitSync] Error resolving conflict for file: {
  "path": "reference/spells/Black Tentacles.md",
  "localStatus": "created",
  "remoteStatus": "ADDED",
  "error": "Failed to fetch"
}
[2026-05-25T12:16:00.089Z] [FitSync] Error resolving conflict for file: {
  "path": "reference/spells/Blade Barrier.md",
  "localStatus": "created",
  "remoteStatus": "ADDED",
  "error": "Failed to fetch"
}
[2026-05-25T12:16:00.090Z] [FitSync] Error resolving conflict for file: {
  "path": "reference/spells/Bless.md",
  "localStatus": "created",
  "remoteStatus": "ADDED",
  "error": "Failed to fetch"
}
[2026-05-25T12:16:00.090Z] [FitSync] Error resolving conflict for file: {
  "path": "reference/spells/Blight.md",
  "localStatus": "created",
  "remoteStatus": "ADDED",
  "error": "Failed to fetch"
}
[2026-05-25T12:16:00.090Z] [FitSync] Error resolving conflict for file: {
  "path": "reference/spells/Blinding Smite.md",
  "localStatus": "created",
  "remoteStatus": "ADDED",
  "error": "Failed to fetch"
}
[2026-05-25T12:16:00.105Z] [FitSync] Error resolving conflict for file: {
  "path": "reference/spells/Blindness slash Deafness.md",
  "localStatus": "created",
  "remoteStatus": "ADDED",
  "error": "Failed to fetch"
}
[2026-05-25T12:16:00.106Z] [FitSync] Error resolving conflict for file: {
  "path": "reference/spells/Blink.md",
  "localStatus": "created",
  "remoteStatus": "ADDED",
  "error": "Failed to fetch"
}
[2026-05-25T12:16:00.106Z] [FitSync] Error resolving conflict for file: {
  "path": "reference/spells/Blur.md",
  "localStatus": "created",
  "remoteStatus": "ADDED",
  "error": "Failed to fetch"
}
[2026-05-25T12:16:00.106Z] [FitSync] Error resolving conflict for file: {
  "path": "reference/spells/Branding Smite.md",
  "localStatus": "created",
  "remoteStatus": "ADDED",
  "error": "Failed to fetch"
}
[2026-05-25T12:16:00.107Z] [FitSync] Error resolving conflict for file: {
  "path": "reference/spells/Burning Hands.md",
  "localStatus": "created",
  "remoteStatus": "ADDED",
  "error": "Failed to fetch"
}
[2026-05-25T12:16:00.107Z] [FitSync] Error resolving conflict for file: {
  "path": "reference/spells/Call Lightning.md",
  "localStatus": "created",
  "remoteStatus": "ADDED",
  "error": "Failed to fetch"
}
[2026-05-25T12:16:00.107Z] [FitSync] Error resolving conflict for file: {
  "path": "reference/spells/Calm Emotions.md",
  "localStatus": "created",
  "remoteStatus": "ADDED",
  "error": "Failed to fetch"
}
[2026-05-25T12:16:00.123Z] [FitSync] Error resolving conflict for file: {
  "path": "reference/spells/Chain Lightning.md",
  "localStatus": "created",
  "remoteStatus": "ADDED",
  "error": "Failed to fetch"
}
[2026-05-25T12:16:00.123Z] [FitSync] Error resolving conflict for file: {
  "path": "reference/spells/Charm Person.md",
  "localStatus": "created",
  "remoteStatus": "ADDED",
  "error": "Failed to fetch"
}
[2026-05-25T12:16:00.123Z] [FitSync] Error resolving conflict for file: {
  "path": "reference/spells/Chill Touch.md",
  "localStatus": "created",
  "remoteStatus": "ADDED",
  "error": "Failed to fetch"
}
[2026-05-25T12:16:00.123Z] [FitSync] Error resolving conflict for file: {
  "path": "reference/spells/Circle of Death.md",
  "localStatus": "created",
  "remoteStatus": "ADDED",
  "error": "Failed to fetch"
}
[2026-05-25T12:16:00.123Z] [FitSync] Error resolving conflict for file: {
  "path": "reference/spells/Clairvoyance.md",
  "localStatus": "created",
  "remoteStatus": "ADDED",
  "error": "Failed to fetch"
}
[2026-05-25T12:16:00.133Z] [FitSync] Error resolving conflict for file: {
  "path": "reference/spells/Clone.md",
  "localStatus": "created",
  "remoteStatus": "ADDED",
  "error": "Failed to fetch"
}
[2026-05-25T12:16:00.134Z] [FitSync] Error resolving conflict for file: {
  "path": "reference/spells/Cloudkill.md",
  "localStatus": "created",
  "remoteStatus": "ADDED",
  "error": "Failed to fetch"
}
[2026-05-25T12:16:00.134Z] [FitSync] Error resolving conflict for file: {
  "path": "reference/spells/Color Spray.md",
  "localStatus": "created",
  "remoteStatus": "ADDED",
  "error": "Failed to fetch"
}
[2026-05-25T12:16:00.135Z] [FitSync] Error resolving conflict for file: {
  "path": "reference/spells/Command.md",
  "localStatus": "created",
  "remoteStatus": "ADDED",
  "error": "Failed to fetch"
}
[2026-05-25T12:16:00.135Z] [FitSync] Error resolving conflict for file: {
  "path": "reference/spells/Commune with Nature.md",
  "localStatus": "created",
  "remoteStatus": "ADDED",
  "error": "Failed to fetch"
}
[2026-05-25T12:16:00.135Z] [FitSync] Error resolving conflict for file: {
  "path": "reference/spells/Commune.md",
  "localStatus": "created",
  "remoteStatus": "ADDED",
  "error": "Failed to fetch"
}
[2026-05-25T12:16:00.135Z] [FitSync] Error resolving conflict for file: {
  "path": "reference/spells/Comprehend Languages.md",
  "localStatus": "created",
  "remoteStatus": "ADDED",
  "error": "Failed to fetch"
}
[2026-05-25T12:16:00.151Z] [FitSync] Error resolving conflict for file: {
  "path": "reference/spells/Compulsion.md",
  "localStatus": "created",
  "remoteStatus": "ADDED",
  "error": "Failed to fetch"
}
[2026-05-25T12:16:00.153Z] [FitSync] Error resolving conflict for file: {
  "path": "reference/spells/Cone of Cold.md",
  "localStatus": "created",
  "remoteStatus": "ADDED",
  "error": "Failed to fetch"
}
[2026-05-25T12:16:00.163Z] [FitSync] Error resolving conflict for file: {
  "path": "reference/spells/Confusion.md",
  "localStatus": "created",
  "remoteStatus": "ADDED",
  "error": "Failed to fetch"
}
[2026-05-25T12:16:00.163Z] [FitSync] Error resolving conflict for file: {
  "path": "reference/spells/Conjure Animals.md",
  "localStatus": "created",
  "remoteStatus": "ADDED",
  "error": "Failed to fetch"
}
[2026-05-25T12:16:00.163Z] [FitSync] Error resolving conflict for file: {
  "path": "reference/spells/Conjure Celestial.md",
  "localStatus": "created",
  "remoteStatus": "ADDED",
  "error": "Failed to fetch"
}
[2026-05-25T12:16:00.163Z] [FitSync] Error resolving conflict for file: {
  "path": "reference/spells/Conjure Elemental.md",
  "localStatus": "created",
  "remoteStatus": "ADDED",
  "error": "Failed to fetch"
}
[2026-05-25T12:16:00.163Z] [FitSync] Error resolving conflict for file: {
  "path": "reference/spells/Conjure Fey.md",
  "localStatus": "created",
  "remoteStatus": "ADDED",
  "error": "Failed to fetch"
}
[2026-05-25T12:16:00.163Z] [FitSync] Error resolving conflict for file: {
  "path": "reference/spells/Conjure Minor Elementals.md",
  "localStatus": "created",
  "remoteStatus": "ADDED",
  "error": "Failed to fetch"
}
[2026-05-25T12:16:00.163Z] [FitSync] Error resolving conflict for file: {
  "path": "reference/spells/Conjure Woodland Beings.md",
  "localStatus": "created",
  "remoteStatus": "ADDED",
  "error": "Failed to fetch"
}
[2026-05-25T12:16:00.183Z] [FitSync] Error resolving conflict for file: {
  "path": "reference/spells/Contact Other Plane.md",
  "localStatus": "created",
  "remoteStatus": "ADDED",
  "error": "Failed to fetch"
}
[2026-05-25T12:16:00.183Z] [FitSync] Error resolving conflict for file: {
  "path": "reference/spells/Contagion.md",
  "localStatus": "created",
  "remoteStatus": "ADDED",
  "error": "Failed to fetch"
}
[2026-05-25T12:16:00.183Z] [FitSync] Error resolving conflict for file: {
  "path": "reference/spells/Contingency.md",
  "localStatus": "created",
  "remoteStatus": "ADDED",
  "error": "Failed to fetch"
}
[2026-05-25T12:16:00.194Z] [FitSync] Error resolving conflict for file: {
  "path": "Assets/Images/People/Myrtle.jpg",
  "localStatus": "created",
  "remoteStatus": "ADDED",
  "error": "Failed to fetch"
}
[2026-05-25T12:16:00.194Z] [FitSync] Error resolving conflict for file: {
  "path": "Assets/Images/People/Parriwimple.jpg",
  "localStatus": "created",
  "remoteStatus": "ADDED",
  "error": "Failed to fetch"
}
[2026-05-25T12:16:00.194Z] [FitSync] Error resolving conflict for file: {
  "path": "reference/spells/Control Weather.md",
  "localStatus": "created",
  "remoteStatus": "ADDED",
  "error": "Failed to fetch"
}
[2026-05-25T12:16:00.213Z] [FitSync] Error resolving conflict for file: {
  "path": "reference/spells/Counterspell.md",
  "localStatus": "created",
  "remoteStatus": "ADDED",
  "error": "Failed to fetch"
}
[2026-05-25T12:16:00.213Z] [FitSync] Error resolving conflict for file: {
  "path": "reference/spells/Create Food and Water.md",
  "localStatus": "created",
  "remoteStatus": "ADDED",
  "error": "Failed to fetch"
}
[2026-05-25T12:16:00.214Z] [FitSync] Error resolving conflict for file: {
  "path": "reference/spells/Create Undead.md",
  "localStatus": "created",
  "remoteStatus": "ADDED",
  "error": "Failed to fetch"
}
[2026-05-25T12:16:00.214Z] [FitSync] Error resolving conflict for file: {
  "path": "reference/spells/Create or Destroy Water.md",
  "localStatus": "created",
  "remoteStatus": "ADDED",
  "error": "Failed to fetch"
}
[2026-05-25T12:16:00.229Z] [FitSync] Error resolving conflict for file: {
  "path": "reference/spells/Creation.md",
  "localStatus": "created",
  "remoteStatus": "ADDED",
  "error": "Failed to fetch"
}
[2026-05-25T12:16:00.229Z] [FitSync] Error resolving conflict for file: {
  "path": "reference/spells/Crown of Madness.md",
  "localStatus": "created",
  "remoteStatus": "ADDED",
  "error": "Failed to fetch"
}
[2026-05-25T12:16:00.229Z] [FitSync] Error resolving conflict for file: {
  "path": "reference/spells/Cure Wounds.md",
  "localStatus": "created",
  "remoteStatus": "ADDED",
  "error": "Failed to fetch"
}
[2026-05-25T12:16:00.229Z] [FitSync] Error resolving conflict for file: {
  "path": "reference/spells/Dancing Lights.md",
  "localStatus": "created",
  "remoteStatus": "ADDED",
  "error": "Failed to fetch"
}
[2026-05-25T12:16:00.229Z] [FitSync] Error resolving conflict for file: {
  "path": "reference/spells/Darkness.md",
  "localStatus": "created",
  "remoteStatus": "ADDED",
  "error": "Failed to fetch"
}
[2026-05-25T12:16:00.244Z] [FitSync] Error resolving conflict for file: {
  "path": "reference/spells/Darkvision.md",
  "localStatus": "created",
  "remoteStatus": "ADDED",
  "error": "Failed to fetch"
}
[2026-05-25T12:16:00.244Z] [FitSync] Error resolving conflict for file: {
  "path": "reference/spells/Daylight.md",
  "localStatus": "created",
  "remoteStatus": "ADDED",
  "error": "Failed to fetch"
}
[2026-05-25T12:16:00.259Z] [FitSync] Error resolving conflict for file: {
  "path": "reference/spells/Death Ward.md",
  "localStatus": "created",
  "remoteStatus": "ADDED",
  "error": "Failed to fetch"
}
[2026-05-25T12:16:00.259Z] [FitSync] Error resolving conflict for file: {
  "path": "reference/spells/Delayed Blast Fireball.md",
  "localStatus": "created",
  "remoteStatus": "ADDED",
  "error": "Failed to fetch"
}
[2026-05-25T12:16:00.259Z] [FitSync] Error resolving conflict for file: {
  "path": "reference/spells/Demiplane.md",
  "localStatus": "created",
  "remoteStatus": "ADDED",
  "error": "Failed to fetch"
}
[2026-05-25T12:16:00.259Z] [FitSync] Error resolving conflict for file: {
  "path": "reference/spells/Detect Evil and Good.md",
  "localStatus": "created",
  "remoteStatus": "ADDED",
  "error": "Failed to fetch"
}
[2026-05-25T12:16:00.259Z] [FitSync] Error resolving conflict for file: {
  "path": "reference/spells/Detect Magic.md",
  "localStatus": "created",
  "remoteStatus": "ADDED",
  "error": "Failed to fetch"
}
[2026-05-25T12:16:00.260Z] [FitSync] Error resolving conflict for file: {
  "path": "reference/spells/Detect Poison and Disease.md",
  "localStatus": "created",
  "remoteStatus": "ADDED",
  "error": "Failed to fetch"
}
[2026-05-25T12:16:00.272Z] [FitSync] Error resolving conflict for file: {
  "path": "reference/spells/Detect Thoughts.md",
  "localStatus": "created",
  "remoteStatus": "ADDED",
  "error": "Failed to fetch"
}
[2026-05-25T12:16:00.273Z] [FitSync] Error resolving conflict for file: {
  "path": "reference/spells/Dimension Door.md",
  "localStatus": "created",
  "remoteStatus": "ADDED",
  "error": "Failed to fetch"
}
[2026-05-25T12:16:00.273Z] [FitSync] Error resolving conflict for file: {
  "path": "reference/spells/Disguise Self.md",
  "localStatus": "created",
  "remoteStatus": "ADDED",
  "error": "Failed to fetch"
}
[2026-05-25T12:16:00.273Z] [FitSync] Error resolving conflict for file: {
  "path": "reference/spells/Disintegrate.md",
  "localStatus": "created",
  "remoteStatus": "ADDED",
  "error": "Failed to fetch"
}
[2026-05-25T12:16:00.273Z] [FitSync] Error resolving conflict for file: {
  "path": "reference/spells/Dispel Evil and Good.md",
  "localStatus": "created",
  "remoteStatus": "ADDED",
  "error": "Failed to fetch"
}
[2026-05-25T12:16:00.289Z] [FitSync] Error resolving conflict for file: {
  "path": "reference/spells/Dispel Magic.md",
  "localStatus": "created",
  "remoteStatus": "ADDED",
  "error": "Failed to fetch"
}
[2026-05-25T12:16:00.289Z] [FitSync] Error resolving conflict for file: {
  "path": "reference/spells/Divination.md",
  "localStatus": "created",
  "remoteStatus": "ADDED",
  "error": "Failed to fetch"
}
[2026-05-25T12:16:00.289Z] [FitSync] Error resolving conflict for file: {
  "path": "reference/spells/Divine Favor.md",
  "localStatus": "created",
  "remoteStatus": "ADDED",
  "error": "Failed to fetch"
}
[2026-05-25T12:16:00.289Z] [FitSync] Error resolving conflict for file: {
  "path": "reference/spells/Divine Word.md",
  "localStatus": "created",
  "remoteStatus": "ADDED",
  "error": "Failed to fetch"
}
[2026-05-25T12:16:00.304Z] [FitSync] Error resolving conflict for file: {
  "path": "reference/spells/Dominate Beast.md",
  "localStatus": "created",
  "remoteStatus": "ADDED",
  "error": "Failed to fetch"
}
[2026-05-25T12:16:00.305Z] [FitSync] Error resolving conflict for file: {
  "path": "reference/spells/Dominate Monster.md",
  "localStatus": "created",
  "remoteStatus": "ADDED",
  "error": "Failed to fetch"
}
[2026-05-25T12:16:00.305Z] [FitSync] Error resolving conflict for file: {
  "path": "reference/spells/Dominate Person.md",
  "localStatus": "created",
  "remoteStatus": "ADDED",
  "error": "Failed to fetch"
}
[2026-05-25T12:16:00.305Z] [FitSync] Error resolving conflict for file: {
  "path": "reference/spells/Dream.md",
  "localStatus": "created",
  "remoteStatus": "ADDED",
  "error": "Failed to fetch"
}
[2026-05-25T12:16:00.321Z] [FitSync] Error resolving conflict for file: {
  "path": "reference/spells/Druidcraft.md",
  "localStatus": "created",
  "remoteStatus": "ADDED",
  "error": "Failed to fetch"
}
[2026-05-25T12:16:00.321Z] [FitSync] Error resolving conflict for file: {
  "path": "reference/spells/Earth Tremor.md",
  "localStatus": "created",
  "remoteStatus": "ADDED",
  "error": "Failed to fetch"
}
[2026-05-25T12:16:00.321Z] [FitSync] Error resolving conflict for file: {
  "path": "reference/spells/Earthquake.md",
  "localStatus": "created",
  "remoteStatus": "ADDED",
  "error": "Failed to fetch"
}
[2026-05-25T12:16:00.322Z] [FitSync] Error resolving conflict for file: {
  "path": "reference/spells/Eldritch Blast.md",
  "localStatus": "created",
  "remoteStatus": "ADDED",
  "error": "Failed to fetch"
}
[2026-05-25T12:16:00.322Z] [FitSync] Error resolving conflict for file: {
  "path": "reference/spells/Enhance Ability.md",
  "localStatus": "created",
  "remoteStatus": "ADDED",
  "error": "Failed to fetch"
}
[2026-05-25T12:16:00.332Z] [FitSync] Error resolving conflict for file: {
  "path": "reference/spells/Enlarge slash Reduce.md",
  "localStatus": "created",
  "remoteStatus": "ADDED",
  "error": "Failed to fetch"
}
[2026-05-25T12:16:00.333Z] [FitSync] Error resolving conflict for file: {
  "path": "reference/spells/Entangle.md",
  "localStatus": "created",
  "remoteStatus": "ADDED",
  "error": "Failed to fetch"
}
[2026-05-25T12:16:00.333Z] [FitSync] Error resolving conflict for file: {
  "path": "reference/spells/Enthrall.md",
  "localStatus": "created",
  "remoteStatus": "ADDED",
  "error": "Failed to fetch"
}
[2026-05-25T12:16:00.334Z] [FitSync] Error resolving conflict for file: {
  "path": "reference/spells/Etherealness.md",
  "localStatus": "created",
  "remoteStatus": "ADDED",
  "error": "Failed to fetch"
}
[2026-05-25T12:16:00.351Z] [FitSync] Error resolving conflict for file: {
  "path": "reference/spells/Evard's Black Tentacles.md",
  "localStatus": "created",
  "remoteStatus": "ADDED",
  "error": "Failed to fetch"
}
[2026-05-25T12:16:00.351Z] [FitSync] Error resolving conflict for file: {
  "path": "reference/spells/Expeditious Retreat.md",
  "localStatus": "created",
  "remoteStatus": "ADDED",
  "error": "Failed to fetch"
}
[2026-05-25T12:16:00.351Z] [FitSync] Error resolving conflict for file: {
  "path": "reference/spells/Eyebite.md",
  "localStatus": "created",
  "remoteStatus": "ADDED",
  "error": "Failed to fetch"
}
[2026-05-25T12:16:00.352Z] [FitSync] Error resolving conflict for file: {
  "path": "reference/spells/Fabricate.md",
  "localStatus": "created",
  "remoteStatus": "ADDED",
  "error": "Failed to fetch"
}
[2026-05-25T12:16:00.367Z] [FitSync] Error resolving conflict for file: {
  "path": "reference/spells/Faerie Fire.md",
  "localStatus": "created",
  "remoteStatus": "ADDED",
  "error": "Failed to fetch"
}
[2026-05-25T12:16:00.368Z] [FitSync] Error resolving conflict for file: {
  "path": "reference/spells/Faithful Hound.md",
  "localStatus": "created",
  "remoteStatus": "ADDED",
  "error": "Failed to fetch"
}
[2026-05-25T12:16:00.371Z] [FitSync] Error resolving conflict for file: {
  "path": "reference/spells/False Life.md",
  "localStatus": "created",
  "remoteStatus": "ADDED",
  "error": "Failed to fetch"
}
[2026-05-25T12:16:00.372Z] [FitSync] Error resolving conflict for file: {
  "path": "reference/spells/Fear.md",
  "localStatus": "created",
  "remoteStatus": "ADDED",
  "error": "Failed to fetch"
}
[2026-05-25T12:16:00.372Z] [FitSync] Error resolving conflict for file: {
  "path": "reference/spells/Feather Fall.md",
  "localStatus": "created",
  "remoteStatus": "ADDED",
  "error": "Failed to fetch"
}
[2026-05-25T12:16:00.372Z] [FitSync] Error resolving conflict for file: {
  "path": "reference/spells/Feeblemind.md",
  "localStatus": "created",
  "remoteStatus": "ADDED",
  "error": "Failed to fetch"
}
[2026-05-25T12:16:00.389Z] [FitSync] Error resolving conflict for file: {
  "path": "reference/spells/Find Familiar.md",
  "localStatus": "created",
  "remoteStatus": "ADDED",
  "error": "Failed to fetch"
}
[2026-05-25T12:16:00.390Z] [FitSync] Error resolving conflict for file: {
  "path": "reference/spells/Find Steed.md",
  "localStatus": "created",
  "remoteStatus": "ADDED",
  "error": "Failed to fetch"
}
[2026-05-25T12:16:00.390Z] [FitSync] Error resolving conflict for file: {
  "path": "reference/spells/Find Traps.md",
  "localStatus": "created",
  "remoteStatus": "ADDED",
  "error": "Failed to fetch"
}
[2026-05-25T12:16:00.412Z] [FitSync] Error resolving conflict for file: {
  "path": "reference/spells/Find the Path.md",
  "localStatus": "created",
  "remoteStatus": "ADDED",
  "error": "Failed to fetch"
}
[2026-05-25T12:16:00.412Z] [FitSync] Error resolving conflict for file: {
  "path": "reference/spells/Finger of Death.md",
  "localStatus": "created",
  "remoteStatus": "ADDED",
  "error": "Failed to fetch"
}
[2026-05-25T12:16:00.413Z] [FitSync] Error resolving conflict for file: {
  "path": "reference/spells/Fire Bolt.md",
  "localStatus": "created",
  "remoteStatus": "ADDED",
  "error": "Failed to fetch"
}
[2026-05-25T12:16:00.413Z] [FitSync] Error resolving conflict for file: {
  "path": "reference/spells/Fire Shield.md",
  "localStatus": "created",
  "remoteStatus": "ADDED",
  "error": "Failed to fetch"
}
[2026-05-25T12:16:00.413Z] [FitSync] Error resolving conflict for file: {
  "path": "reference/spells/Fire Storm.md",
  "localStatus": "created",
  "remoteStatus": "ADDED",
  "error": "Failed to fetch"
}
[2026-05-25T12:16:00.413Z] [FitSync] Error resolving conflict for file: {
  "path": "reference/spells/Fireball.md",
  "localStatus": "created",
  "remoteStatus": "ADDED",
  "error": "Failed to fetch"
}
[2026-05-25T12:16:00.429Z] [FitSync] Error resolving conflict for file: {
  "path": "reference/spells/Flame Blade.md",
  "localStatus": "created",
  "remoteStatus": "ADDED",
  "error": "Failed to fetch"
}
[2026-05-25T12:16:00.430Z] [FitSync] Error resolving conflict for file: {
  "path": "reference/spells/Flame Strike.md",
  "localStatus": "created",
  "remoteStatus": "ADDED",
  "error": "Failed to fetch"
}
[2026-05-25T12:16:00.430Z] [FitSync] Error resolving conflict for file: {
  "path": "reference/spells/Flaming Sphere.md",
  "localStatus": "created",
  "remoteStatus": "ADDED",
  "error": "Failed to fetch"
}
[2026-05-25T12:16:00.462Z] [FitSync] Error resolving conflict for file: {
  "path": "reference/spells/Fly.md",
  "localStatus": "created",
  "remoteStatus": "ADDED",
  "error": "Failed to fetch"
}
[2026-05-25T12:16:00.462Z] [FitSync] Error resolving conflict for file: {
  "path": "reference/spells/Fog Cloud.md",
  "localStatus": "created",
  "remoteStatus": "ADDED",
  "error": "Failed to fetch"
}
[2026-05-25T12:16:00.462Z] [FitSync] Error resolving conflict for file: {
  "path": "reference/spells/Forbiddance.md",
  "localStatus": "created",
  "remoteStatus": "ADDED",
  "error": "Failed to fetch"
}
[2026-05-25T12:16:00.462Z] [FitSync] Error resolving conflict for file: {
  "path": "reference/spells/Forcecage.md",
  "localStatus": "created",
  "remoteStatus": "ADDED",
  "error": "Failed to fetch"
}
[2026-05-25T12:16:00.462Z] [FitSync] Error resolving conflict for file: {
  "path": "reference/spells/Foresight.md",
  "localStatus": "created",
  "remoteStatus": "ADDED",
  "error": "Failed to fetch"
}
[2026-05-25T12:16:00.475Z] [FitSync] Error resolving conflict for file: {
  "path": "reference/spells/Freedom of Movement.md",
  "localStatus": "created",
  "remoteStatus": "ADDED",
  "error": "Failed to fetch"
}
[2026-05-25T12:16:00.490Z] [FitSync] Error resolving conflict for file: {
  "path": "reference/spells/Freezing Sphere.md",
  "localStatus": "created",
  "remoteStatus": "ADDED",
  "error": "Failed to fetch"
}
[2026-05-25T12:16:00.490Z] [FitSync] Error resolving conflict for file: {
  "path": "reference/spells/Gaseous Form.md",
  "localStatus": "created",
  "remoteStatus": "ADDED",
  "error": "Failed to fetch"
}
[2026-05-25T12:16:00.490Z] [FitSync] Error resolving conflict for file: {
  "path": "reference/spells/Gate.md",
  "localStatus": "created",
  "remoteStatus": "ADDED",
  "error": "Failed to fetch"
}
[2026-05-25T12:16:00.505Z] [FitSync] Error resolving conflict for file: {
  "path": "reference/spells/Geas.md",
  "localStatus": "created",
  "remoteStatus": "ADDED",
  "error": "Failed to fetch"
}
[2026-05-25T12:16:00.550Z] [FitSync] Error resolving conflict for file: {
  "path": "reference/spells/Gentle Repose.md",
  "localStatus": "created",
  "remoteStatus": "ADDED",
  "error": "Failed to fetch"
}
[2026-05-25T12:16:00.628Z] [FitSync] Error resolving conflict for file: {
  "path": "reference/spells/Glibness.md",
  "localStatus": "created",
  "remoteStatus": "ADDED",
  "error": "Failed to fetch"
}
[2026-05-25T12:16:00.628Z] [FitSync] Error resolving conflict for file: {
  "path": "reference/spells/Globe of Invulnerability.md",
  "localStatus": "created",
  "remoteStatus": "ADDED",
  "error": "Failed to fetch"
}
[2026-05-25T12:16:00.646Z] [FitSync] Error resolving conflict for file: {
  "path": "reference/spells/Glyph of Warding.md",
  "localStatus": "created",
  "remoteStatus": "ADDED",
  "error": "Failed to fetch"
}
[2026-05-25T12:16:00.661Z] [FitSync] Error resolving conflict for file: {
  "path": "reference/spells/Goodberry.md",
  "localStatus": "created",
  "remoteStatus": "ADDED",
  "error": "Failed to fetch"
}
[2026-05-25T12:16:00.678Z] [FitSync] Error resolving conflict for file: {
  "path": "reference/spells/Grease.md",
  "localStatus": "created",
  "remoteStatus": "ADDED",
  "error": "Failed to fetch"
}
[2026-05-25T12:16:00.678Z] [FitSync] Error resolving conflict for file: {
  "path": "reference/spells/Greater Invisibility.md",
  "localStatus": "created",
  "remoteStatus": "ADDED",
  "error": "Failed to fetch"
}
[2026-05-25T12:16:00.687Z] [FitSync] Error resolving conflict for file: {
  "path": "reference/spells/Greater Restoration.md",
  "localStatus": "created",
  "remoteStatus": "ADDED",
  "error": "Failed to fetch"
}
[2026-05-25T12:16:00.687Z] [FitSync] Error resolving conflict for file: {
  "path": "reference/spells/Guards and Wards.md",
  "localStatus": "created",
  "remoteStatus": "ADDED",
  "error": "Failed to fetch"
}
[2026-05-25T12:16:00.708Z] [FitSync] Error resolving conflict for file: {
  "path": "reference/spells/Guidance.md",
  "localStatus": "created",
  "remoteStatus": "ADDED",
  "error": "Failed to fetch"
}
[2026-05-25T12:16:00.727Z] [FitSync] Error resolving conflict for file: {
  "path": "reference/spells/Guiding Bolt.md",
  "localStatus": "created",
  "remoteStatus": "ADDED",
  "error": "Failed to fetch"
}
[2026-05-25T12:16:00.727Z] [FitSync] Error resolving conflict for file: {
  "path": "reference/spells/Gust of Wind.md",
  "localStatus": "created",
  "remoteStatus": "ADDED",
  "error": "Failed to fetch"
}
[2026-05-25T12:16:00.738Z] [FitSync] Error resolving conflict for file: {
  "path": "reference/spells/Hallow.md",
  "localStatus": "created",
  "remoteStatus": "ADDED",
  "error": "Failed to fetch"
}
[2026-05-25T12:16:00.739Z] [FitSync] Error resolving conflict for file: {
  "path": "reference/spells/Hallucinatory Terrain.md",
  "localStatus": "created",
  "remoteStatus": "ADDED",
  "error": "Failed to fetch"
}
[2026-05-25T12:16:00.750Z] [FitSync] Error resolving conflict for file: {
  "path": "reference/spells/Harm.md",
  "localStatus": "created",
  "remoteStatus": "ADDED",
  "error": "Failed to fetch"
}
[2026-05-25T12:16:00.751Z] [FitSync] Error resolving conflict for file: {
  "path": "reference/spells/Haste.md",
  "localStatus": "created",
  "remoteStatus": "ADDED",
  "error": "Failed to fetch"
}
[2026-05-25T12:16:00.751Z] [FitSync] Error resolving conflict for file: {
  "path": "reference/spells/Heal.md",
  "localStatus": "created",
  "remoteStatus": "ADDED",
  "error": "Failed to fetch"
}
[2026-05-25T12:16:00.751Z] [FitSync] Error resolving conflict for file: {
  "path": "reference/spells/Healing Word.md",
  "localStatus": "created",
  "remoteStatus": "ADDED",
  "error": "Failed to fetch"
}
[2026-05-25T12:16:00.773Z] [FitSync] Error resolving conflict for file: {
  "path": "reference/spells/Heat Metal.md",
  "localStatus": "created",
  "remoteStatus": "ADDED",
  "error": "Failed to fetch"
}
[2026-05-25T12:16:00.773Z] [FitSync] Error resolving conflict for file: {
  "path": "reference/spells/Hellish Rebuke.md",
  "localStatus": "created",
  "remoteStatus": "ADDED",
  "error": "Failed to fetch"
}
[2026-05-25T12:16:00.773Z] [FitSync] Error resolving conflict for file: {
  "path": "reference/spells/Heroes Feast.md",
  "localStatus": "created",
  "remoteStatus": "ADDED",
  "error": "Failed to fetch"
}
[2026-05-25T12:16:00.789Z] [FitSync] Error resolving conflict for file: {
  "path": "reference/spells/Heroism.md",
  "localStatus": "created",
  "remoteStatus": "ADDED",
  "error": "Failed to fetch"
}
[2026-05-25T12:16:00.789Z] [FitSync] Error resolving conflict for file: {
  "path": "reference/spells/Hideous Laughter.md",
  "localStatus": "created",
  "remoteStatus": "ADDED",
  "error": "Failed to fetch"
}
[2026-05-25T12:16:00.804Z] [FitSync] Error resolving conflict for file: {
  "path": "reference/spells/Hold Monster.md",
  "localStatus": "created",
  "remoteStatus": "ADDED",
  "error": "Failed to fetch"
}
[2026-05-25T12:16:00.804Z] [FitSync] Error resolving conflict for file: {
  "path": "reference/spells/Hold Person.md",
  "localStatus": "created",
  "remoteStatus": "ADDED",
  "error": "Failed to fetch"
}
[2026-05-25T12:16:00.816Z] [FitSync] Error resolving conflict for file: {
  "path": "reference/spells/Holy Aura.md",
  "localStatus": "created",
  "remoteStatus": "ADDED",
  "error": "Failed to fetch"
}
[2026-05-25T12:16:00.838Z] [FitSync] Error resolving conflict for file: {
  "path": "reference/spells/Hunter’s Mark.md",
  "localStatus": "created",
  "remoteStatus": "ADDED",
  "error": "Failed to fetch"
}
[2026-05-25T12:16:00.838Z] [FitSync] Error resolving conflict for file: {
  "path": "reference/spells/Hypnotic Pattern.md",
  "localStatus": "created",
  "remoteStatus": "ADDED",
  "error": "Failed to fetch"
}
[2026-05-25T12:16:00.838Z] [FitSync] Error resolving conflict for file: {
  "path": "reference/spells/Ice Storm.md",
  "localStatus": "created",
  "remoteStatus": "ADDED",
  "error": "Failed to fetch"
}
[2026-05-25T12:16:00.838Z] [FitSync] Error resolving conflict for file: {
  "path": "reference/spells/Identify.md",
  "localStatus": "created",
  "remoteStatus": "ADDED",
  "error": "Failed to fetch"
}
[2026-05-25T12:16:00.839Z] [FitSync] Error resolving conflict for file: {
  "path": "reference/spells/Illusory Script.md",
  "localStatus": "created",
  "remoteStatus": "ADDED",
  "error": "Failed to fetch"
}
[2026-05-25T12:16:00.839Z] [FitSync] Error resolving conflict for file: {
  "path": "reference/spells/Imprisonment.md",
  "localStatus": "created",
  "remoteStatus": "ADDED",
  "error": "Failed to fetch"
}
[2026-05-25T12:16:00.850Z] [FitSync] Error resolving conflict for file: {
  "path": "reference/spells/Incendiary Cloud.md",
  "localStatus": "created",
  "remoteStatus": "ADDED",
  "error": "Failed to fetch"
}
[2026-05-25T12:16:00.867Z] [FitSync] Error resolving conflict for file: {
  "path": "reference/spells/Infestation.md",
  "localStatus": "created",
  "remoteStatus": "ADDED",
  "error": "Failed to fetch"
}
[2026-05-25T12:16:00.867Z] [FitSync] Error resolving conflict for file: {
  "path": "reference/spells/Inflict Wounds.md",
  "localStatus": "created",
  "remoteStatus": "ADDED",
  "error": "Failed to fetch"
}
[2026-05-25T12:16:00.867Z] [FitSync] Error resolving conflict for file: {
  "path": "reference/spells/Insect Plague.md",
  "localStatus": "created",
  "remoteStatus": "ADDED",
  "error": "Failed to fetch"
}
[2026-05-25T12:16:00.867Z] [FitSync] Error resolving conflict for file: {
  "path": "reference/spells/Instant Summons.md",
  "localStatus": "created",
  "remoteStatus": "ADDED",
  "error": "Failed to fetch"
}
[2026-05-25T12:16:00.867Z] [FitSync] Error resolving conflict for file: {
  "path": "reference/spells/Invisibility.md",
  "localStatus": "created",
  "remoteStatus": "ADDED",
  "error": "Failed to fetch"
}
[2026-05-25T12:16:00.867Z] [FitSync] Error resolving conflict for file: {
  "path": "reference/spells/Irresistible Dance.md",
  "localStatus": "created",
  "remoteStatus": "ADDED",
  "error": "Failed to fetch"
}
[2026-05-25T12:16:00.867Z] [FitSync] Error resolving conflict for file: {
  "path": "reference/spells/Jump.md",
  "localStatus": "created",
  "remoteStatus": "ADDED",
  "error": "Failed to fetch"
}
[2026-05-25T12:16:00.879Z] [FitSync] Error resolving conflict for file: {
  "path": "reference/spells/Knock.md",
  "localStatus": "created",
  "remoteStatus": "ADDED",
  "error": "Failed to fetch"
}
[2026-05-25T12:16:00.880Z] [FitSync] Error resolving conflict for file: {
  "path": "reference/spells/Legend Lore.md",
  "localStatus": "created",
  "remoteStatus": "ADDED",
  "error": "Failed to fetch"
}
[2026-05-25T12:16:00.912Z] [FitSync] Error resolving conflict for file: {
  "path": "reference/spells/Locate Animals or Plants.md",
  "localStatus": "created",
  "remoteStatus": "ADDED",
  "error": "Failed to fetch"
}
[2026-05-25T12:16:00.912Z] [FitSync] Error resolving conflict for file: {
  "path": "reference/spells/Locate Creature.md",
  "localStatus": "created",
  "remoteStatus": "ADDED",
  "error": "Failed to fetch"
}
[2026-05-25T12:16:00.912Z] [FitSync] Error resolving conflict for file: {
  "path": "reference/spells/Locate Object.md",
  "localStatus": "created",
  "remoteStatus": "ADDED",
  "error": "Failed to fetch"
}
[2026-05-25T12:16:00.912Z] [FitSync] Error resolving conflict for file: {
  "path": "reference/spells/Longstrider.md",
  "localStatus": "created",
  "remoteStatus": "ADDED",
  "error": "Failed to fetch"
}
[2026-05-25T12:16:00.912Z] [FitSync] Error resolving conflict for file: {
  "path": "reference/spells/Mage Armor.md",
  "localStatus": "created",
  "remoteStatus": "ADDED",
  "error": "Failed to fetch"
}
[2026-05-25T12:16:00.912Z] [FitSync] Error resolving conflict for file: {
  "path": "reference/spells/Mage Hand.md",
  "localStatus": "created",
  "remoteStatus": "ADDED",
  "error": "Failed to fetch"
}
[2026-05-25T12:16:00.913Z] [FitSync] Error resolving conflict for file: {
  "path": "reference/spells/Magic Circle.md",
  "localStatus": "created",
  "remoteStatus": "ADDED",
  "error": "Failed to fetch"
}
[2026-05-25T12:16:00.928Z] [FitSync] Error resolving conflict for file: {
  "path": "reference/spells/Magic Jar.md",
  "localStatus": "created",
  "remoteStatus": "ADDED",
  "error": "Failed to fetch"
}
[2026-05-25T12:16:00.928Z] [FitSync] Error resolving conflict for file: {
  "path": "reference/spells/Magic Missile.md",
  "localStatus": "created",
  "remoteStatus": "ADDED",
  "error": "Failed to fetch"
}
[2026-05-25T12:16:00.928Z] [FitSync] Error resolving conflict for file: {
  "path": "reference/spells/Magic Mouth.md",
  "localStatus": "created",
  "remoteStatus": "ADDED",
  "error": "Failed to fetch"
}
[2026-05-25T12:16:00.928Z] [FitSync] Error resolving conflict for file: {
  "path": "reference/spells/Magic Weapon.md",
  "localStatus": "created",
  "remoteStatus": "ADDED",
  "error": "Failed to fetch"
}
[2026-05-25T12:16:00.929Z] [FitSync] Error resolving conflict for file: {
  "path": "reference/spells/Magnificent Mansion.md",
  "localStatus": "created",
  "remoteStatus": "ADDED",
  "error": "Failed to fetch"
}
[2026-05-25T12:16:00.929Z] [FitSync] Error resolving conflict for file: {
  "path": "reference/spells/Major Image.md",
  "localStatus": "created",
  "remoteStatus": "ADDED",
  "error": "Failed to fetch"
}
[2026-05-25T12:16:00.929Z] [FitSync] Error resolving conflict for file: {
  "path": "reference/spells/Mass Cure Wounds.md",
  "localStatus": "created",
  "remoteStatus": "ADDED",
  "error": "Failed to fetch"
}
[2026-05-25T12:16:00.941Z] [FitSync] Error resolving conflict for file: {
  "path": "reference/spells/Mass Heal.md",
  "localStatus": "created",
  "remoteStatus": "ADDED",
  "error": "Failed to fetch"
}
[2026-05-25T12:16:00.941Z] [FitSync] Error resolving conflict for file: {
  "path": "reference/spells/Mass Healing Word.md",
  "localStatus": "created",
  "remoteStatus": "ADDED",
  "error": "Failed to fetch"
}
[2026-05-25T12:16:00.942Z] [FitSync] Error resolving conflict for file: {
  "path": "reference/spells/Mass Suggestion.md",
  "localStatus": "created",
  "remoteStatus": "ADDED",
  "error": "Failed to fetch"
}
[2026-05-25T12:16:00.942Z] [FitSync] Error resolving conflict for file: {
  "path": "reference/spells/Maximilian's Earthen Grasp.md",
  "localStatus": "created",
  "remoteStatus": "ADDED",
  "error": "Failed to fetch"
}
[2026-05-25T12:16:00.960Z] [FitSync] Error resolving conflict for file: {
  "path": "reference/spells/Maze.md",
  "localStatus": "created",
  "remoteStatus": "ADDED",
  "error": "Failed to fetch"
}
[2026-05-25T12:16:00.961Z] [FitSync] Error resolving conflict for file: {
  "path": "reference/spells/Meld into Stone.md",
  "localStatus": "created",
  "remoteStatus": "ADDED",
  "error": "Failed to fetch"
}
[2026-05-25T12:16:00.961Z] [FitSync] Error resolving conflict for file: {
  "path": "reference/spells/Mending.md",
  "localStatus": "created",
  "remoteStatus": "ADDED",
  "error": "Failed to fetch"
}
[2026-05-25T12:16:00.961Z] [FitSync] Error resolving conflict for file: {
  "path": "reference/spells/Message.md",
  "localStatus": "created",
  "remoteStatus": "ADDED",
  "error": "Failed to fetch"
}
[2026-05-25T12:16:00.961Z] [FitSync] Error resolving conflict for file: {
  "path": "reference/spells/Meteor Swarm.md",
  "localStatus": "created",
  "remoteStatus": "ADDED",
  "error": "Failed to fetch"
}
[2026-05-25T12:16:00.973Z] [FitSync] Error resolving conflict for file: {
  "path": "reference/spells/Mind Blank.md",
  "localStatus": "created",
  "remoteStatus": "ADDED",
  "error": "Failed to fetch"
}
[2026-05-25T12:16:00.973Z] [FitSync] Error resolving conflict for file: {
  "path": "reference/spells/Minor Illusion.md",
  "localStatus": "created",
  "remoteStatus": "ADDED",
  "error": "Failed to fetch"
}
[2026-05-25T12:16:00.973Z] [FitSync] Error resolving conflict for file: {
  "path": "reference/spells/Mirage Arcane.md",
  "localStatus": "created",
  "remoteStatus": "ADDED",
  "error": "Failed to fetch"
}
[2026-05-25T12:16:00.973Z] [FitSync] Error resolving conflict for file: {
  "path": "reference/spells/Mirror Image.md",
  "localStatus": "created",
  "remoteStatus": "ADDED",
  "error": "Failed to fetch"
}
[2026-05-25T12:16:00.973Z] [FitSync] Error resolving conflict for file: {
  "path": "reference/spells/Mislead.md",
  "localStatus": "created",
  "remoteStatus": "ADDED",
  "error": "Failed to fetch"
}
[2026-05-25T12:16:00.980Z] [FitSync] Error resolving conflict for file: {
  "path": "reference/spells/Misty Step.md",
  "localStatus": "created",
  "remoteStatus": "ADDED",
  "error": "Failed to fetch"
}
[2026-05-25T12:16:00.980Z] [FitSync] Error resolving conflict for file: {
  "path": "reference/spells/Modify Memory.md",
  "localStatus": "created",
  "remoteStatus": "ADDED",
  "error": "Failed to fetch"
}
[2026-05-25T12:16:00.988Z] [FitSync] Error resolving conflict for file: {
  "path": "reference/spells/Moonbeam.md",
  "localStatus": "created",
  "remoteStatus": "ADDED",
  "error": "Failed to fetch"
}
[2026-05-25T12:16:00.989Z] [FitSync] Error resolving conflict for file: {
  "path": "reference/spells/Mordenkainen's Faithful Hound.md",
  "localStatus": "created",
  "remoteStatus": "ADDED",
  "error": "Failed to fetch"
}
[2026-05-25T12:16:00.989Z] [FitSync] Error resolving conflict for file: {
  "path": "reference/spells/Mordenkainen's Magnificent Mansion.md",
  "localStatus": "created",
  "remoteStatus": "ADDED",
  "error": "Failed to fetch"
}
[2026-05-25T12:16:01.007Z] [FitSync] Error resolving conflict for file: {
  "path": "reference/spells/Move Earth.md",
  "localStatus": "created",
  "remoteStatus": "ADDED",
  "error": "Failed to fetch"
}
[2026-05-25T12:16:01.007Z] [FitSync] Error resolving conflict for file: {
  "path": "reference/spells/Nondetection.md",
  "localStatus": "created",
  "remoteStatus": "ADDED",
  "error": "Failed to fetch"
}
[2026-05-25T12:16:01.008Z] [FitSync] Error resolving conflict for file: {
  "path": "reference/spells/Pass without Trace.md",
  "localStatus": "created",
  "remoteStatus": "ADDED",
  "error": "Failed to fetch"
}
[2026-05-25T12:16:01.008Z] [FitSync] Error resolving conflict for file: {
  "path": "reference/spells/Passwall.md",
  "localStatus": "created",
  "remoteStatus": "ADDED",
  "error": "Failed to fetch"
}
[2026-05-25T12:16:01.008Z] [FitSync] Error resolving conflict for file: {
  "path": "reference/spells/Phantasmal Killer.md",
  "localStatus": "created",
  "remoteStatus": "ADDED",
  "error": "Failed to fetch"
}
[2026-05-25T12:16:01.008Z] [FitSync] Error resolving conflict for file: {
  "path": "reference/spells/Phantom Steed.md",
  "localStatus": "created",
  "remoteStatus": "ADDED",
  "error": "Failed to fetch"
}
[2026-05-25T12:16:01.011Z] [FitSync] Error resolving conflict for file: {
  "path": "reference/spells/Planar Ally.md",
  "localStatus": "created",
  "remoteStatus": "ADDED",
  "error": "Failed to fetch"
}
[2026-05-25T12:16:01.012Z] [FitSync] Error resolving conflict for file: {
  "path": "reference/spells/Planar Binding.md",
  "localStatus": "created",
  "remoteStatus": "ADDED",
  "error": "Failed to fetch"
}
[2026-05-25T12:16:01.012Z] [FitSync] Error resolving conflict for file: {
  "path": "reference/spells/Plane Shift.md",
  "localStatus": "created",
  "remoteStatus": "ADDED",
  "error": "Failed to fetch"
}
[2026-05-25T12:16:01.012Z] [FitSync] Error resolving conflict for file: {
  "path": "reference/spells/Plant Growth.md",
  "localStatus": "created",
  "remoteStatus": "ADDED",
  "error": "Failed to fetch"
}
[2026-05-25T12:16:01.019Z] [FitSync] Error resolving conflict for file: {
  "path": "reference/spells/Poison Spray.md",
  "localStatus": "created",
  "remoteStatus": "ADDED",
  "error": "Failed to fetch"
}
[2026-05-25T12:16:01.019Z] [FitSync] Error resolving conflict for file: {
  "path": "reference/spells/Polymorph.md",
  "localStatus": "created",
  "remoteStatus": "ADDED",
  "error": "Failed to fetch"
}
[2026-05-25T12:16:01.034Z] [FitSync] Error resolving conflict for file: {
  "path": "reference/spells/Power Word Kill.md",
  "localStatus": "created",
  "remoteStatus": "ADDED",
  "error": "Failed to fetch"
}
[2026-05-25T12:16:01.034Z] [FitSync] Error resolving conflict for file: {
  "path": "reference/spells/Power Word Stun.md",
  "localStatus": "created",
  "remoteStatus": "ADDED",
  "error": "Failed to fetch"
}
[2026-05-25T12:16:01.034Z] [FitSync] Error resolving conflict for file: {
  "path": "reference/spells/Prayer of Healing.md",
  "localStatus": "created",
  "remoteStatus": "ADDED",
  "error": "Failed to fetch"
}
[2026-05-25T12:16:01.034Z] [FitSync] Error resolving conflict for file: {
  "path": "reference/spells/Prestidigitation.md",
  "localStatus": "created",
  "remoteStatus": "ADDED",
  "error": "Failed to fetch"
}
[2026-05-25T12:16:01.052Z] [FitSync] Error resolving conflict for file: {
  "path": "reference/spells/Prismatic Spray.md",
  "localStatus": "created",
  "remoteStatus": "ADDED",
  "error": "Failed to fetch"
}
[2026-05-25T12:16:01.052Z] [FitSync] Error resolving conflict for file: {
  "path": "reference/spells/Prismatic Wall.md",
  "localStatus": "created",
  "remoteStatus": "ADDED",
  "error": "Failed to fetch"
}
[2026-05-25T12:16:01.067Z] [FitSync] Error resolving conflict for file: {
  "path": "reference/spells/Private Sanctum.md",
  "localStatus": "created",
  "remoteStatus": "ADDED",
  "error": "Failed to fetch"
}
[2026-05-25T12:16:01.067Z] [FitSync] Error resolving conflict for file: {
  "path": "reference/spells/Produce Flame.md",
  "localStatus": "created",
  "remoteStatus": "ADDED",
  "error": "Failed to fetch"
}
[2026-05-25T12:16:01.067Z] [FitSync] Error resolving conflict for file: {
  "path": "reference/spells/Programmed Illusion.md",
  "localStatus": "created",
  "remoteStatus": "ADDED",
  "error": "Failed to fetch"
}
[2026-05-25T12:16:01.067Z] [FitSync] Error resolving conflict for file: {
  "path": "reference/spells/Project Image.md",
  "localStatus": "created",
  "remoteStatus": "ADDED",
  "error": "Failed to fetch"
}
[2026-05-25T12:16:01.067Z] [FitSync] Error resolving conflict for file: {
  "path": "reference/spells/Protection from Energy.md",
  "localStatus": "created",
  "remoteStatus": "ADDED",
  "error": "Failed to fetch"
}
[2026-05-25T12:16:01.067Z] [FitSync] Error resolving conflict for file: {
  "path": "reference/spells/Protection from Evil and Good.md",
  "localStatus": "created",
  "remoteStatus": "ADDED",
  "error": "Failed to fetch"
}
[2026-05-25T12:16:01.082Z] [FitSync] Error resolving conflict for file: {
  "path": "reference/spells/Protection from Poison.md",
  "localStatus": "created",
  "remoteStatus": "ADDED",
  "error": "Failed to fetch"
}
[2026-05-25T12:16:01.084Z] [FitSync] Error resolving conflict for file: {
  "path": "reference/spells/Purify Food and Drink.md",
  "localStatus": "created",
  "remoteStatus": "ADDED",
  "error": "Failed to fetch"
}
[2026-05-25T12:16:01.084Z] [FitSync] Error resolving conflict for file: {
  "path": "reference/spells/Raise Dead.md",
  "localStatus": "created",
  "remoteStatus": "ADDED",
  "error": "Failed to fetch"
}
[2026-05-25T12:16:01.084Z] [FitSync] Error resolving conflict for file: {
  "path": "reference/spells/Ray of Enfeeblement.md",
  "localStatus": "created",
  "remoteStatus": "ADDED",
  "error": "Failed to fetch"
}
[2026-05-25T12:16:01.084Z] [FitSync] Error resolving conflict for file: {
  "path": "reference/spells/Ray of Frost.md",
  "localStatus": "created",
  "remoteStatus": "ADDED",
  "error": "Failed to fetch"
}
[2026-05-25T12:16:01.100Z] [FitSync] Error resolving conflict for file: {
  "path": "reference/spells/Ray of Sickness.md",
  "localStatus": "created",
  "remoteStatus": "ADDED",
  "error": "Failed to fetch"
}
[2026-05-25T12:16:01.100Z] [FitSync] Error resolving conflict for file: {
  "path": "reference/spells/Regenerate.md",
  "localStatus": "created",
  "remoteStatus": "ADDED",
  "error": "Failed to fetch"
}
[2026-05-25T12:16:01.100Z] [FitSync] Error resolving conflict for file: {
  "path": "reference/spells/Reincarnate.md",
  "localStatus": "created",
  "remoteStatus": "ADDED",
  "error": "Failed to fetch"
}
[2026-05-25T12:16:01.100Z] [FitSync] Error resolving conflict for file: {
  "path": "reference/spells/Remove Curse.md",
  "localStatus": "created",
  "remoteStatus": "ADDED",
  "error": "Failed to fetch"
}
[2026-05-25T12:16:01.100Z] [FitSync] Error resolving conflict for file: {
  "path": "reference/spells/Resilient Sphere.md",
  "localStatus": "created",
  "remoteStatus": "ADDED",
  "error": "Failed to fetch"
}
[2026-05-25T12:16:01.101Z] [FitSync] Error resolving conflict for file: {
  "path": "reference/spells/Resistance.md",
  "localStatus": "created",
  "remoteStatus": "ADDED",
  "error": "Failed to fetch"
}
[2026-05-25T12:16:01.101Z] [FitSync] Error resolving conflict for file: {
  "path": "reference/spells/Resurrection.md",
  "localStatus": "created",
  "remoteStatus": "ADDED",
  "error": "Failed to fetch"
}
[2026-05-25T12:16:01.114Z] [FitSync] Error resolving conflict for file: {
  "path": "reference/spells/Reverse Gravity.md",
  "localStatus": "created",
  "remoteStatus": "ADDED",
  "error": "Failed to fetch"
}
[2026-05-25T12:16:01.131Z] [FitSync] Error resolving conflict for file: {
  "path": "reference/spells/Revivify.md",
  "localStatus": "created",
  "remoteStatus": "ADDED",
  "error": "Failed to fetch"
}
[2026-05-25T12:16:01.132Z] [FitSync] Error resolving conflict for file: {
  "path": "reference/spells/Rope Trick.md",
  "localStatus": "created",
  "remoteStatus": "ADDED",
  "error": "Failed to fetch"
}
[2026-05-25T12:16:01.132Z] [FitSync] Error resolving conflict for file: {
  "path": "reference/spells/Sacred Flame.md",
  "localStatus": "created",
  "remoteStatus": "ADDED",
  "error": "Failed to fetch"
}
[2026-05-25T12:16:01.132Z] [FitSync] Error resolving conflict for file: {
  "path": "reference/spells/Sanctuary.md",
  "localStatus": "created",
  "remoteStatus": "ADDED",
  "error": "Failed to fetch"
}
[2026-05-25T12:16:01.132Z] [FitSync] Error resolving conflict for file: {
  "path": "reference/spells/Scorching Ray.md",
  "localStatus": "created",
  "remoteStatus": "ADDED",
  "error": "Failed to fetch"
}
[2026-05-25T12:16:01.132Z] [FitSync] Error resolving conflict for file: {
  "path": "reference/spells/Scrying.md",
  "localStatus": "created",
  "remoteStatus": "ADDED",
  "error": "Failed to fetch"
}
[2026-05-25T12:16:01.146Z] [FitSync] Error resolving conflict for file: {
  "path": "reference/spells/Secret Chest.md",
  "localStatus": "created",
  "remoteStatus": "ADDED",
  "error": "Failed to fetch"
}
[2026-05-25T12:16:01.146Z] [FitSync] Error resolving conflict for file: {
  "path": "reference/spells/See Invisibility.md",
  "localStatus": "created",
  "remoteStatus": "ADDED",
  "error": "Failed to fetch"
}
[2026-05-25T12:16:01.146Z] [FitSync] Error resolving conflict for file: {
  "path": "reference/spells/Seeming.md",
  "localStatus": "created",
  "remoteStatus": "ADDED",
  "error": "Failed to fetch"
}
[2026-05-25T12:16:01.146Z] [FitSync] Error resolving conflict for file: {
  "path": "reference/spells/Sending.md",
  "localStatus": "created",
  "remoteStatus": "ADDED",
  "error": "Failed to fetch"
}
[2026-05-25T12:16:01.161Z] [FitSync] Error resolving conflict for file: {
  "path": "reference/spells/Sequester.md",
  "localStatus": "created",
  "remoteStatus": "ADDED",
  "error": "Failed to fetch"
}
[2026-05-25T12:16:01.161Z] [FitSync] Error resolving conflict for file: {
  "path": "reference/spells/Shapechange.md",
  "localStatus": "created",
  "remoteStatus": "ADDED",
  "error": "Failed to fetch"
}
[2026-05-25T12:16:01.174Z] [FitSync] Error resolving conflict for file: {
  "path": "reference/spells/Shatter.md",
  "localStatus": "created",
  "remoteStatus": "ADDED",
  "error": "Failed to fetch"
}
[2026-05-25T12:16:01.175Z] [FitSync] Error resolving conflict for file: {
  "path": "reference/spells/Shield of Faith.md",
  "localStatus": "created",
  "remoteStatus": "ADDED",
  "error": "Failed to fetch"
}
[2026-05-25T12:16:01.175Z] [FitSync] Error resolving conflict for file: {
  "path": "reference/spells/Shield.md",
  "localStatus": "created",
  "remoteStatus": "ADDED",
  "error": "Failed to fetch"
}
[2026-05-25T12:16:01.175Z] [FitSync] Error resolving conflict for file: {
  "path": "reference/spells/Shillelagh.md",
  "localStatus": "created",
  "remoteStatus": "ADDED",
  "error": "Failed to fetch"
}
[2026-05-25T12:16:01.191Z] [FitSync] Error resolving conflict for file: {
  "path": "reference/spells/Shocking Grasp.md",
  "localStatus": "created",
  "remoteStatus": "ADDED",
  "error": "Failed to fetch"
}
[2026-05-25T12:16:01.207Z] [FitSync] Error resolving conflict for file: {
  "path": "reference/spells/Silence.md",
  "localStatus": "created",
  "remoteStatus": "ADDED",
  "error": "Failed to fetch"
}
[2026-05-25T12:16:01.207Z] [FitSync] Error resolving conflict for file: {
  "path": "reference/spells/Silent Image.md",
  "localStatus": "created",
  "remoteStatus": "ADDED",
  "error": "Failed to fetch"
}
[2026-05-25T12:16:01.222Z] [FitSync] Error resolving conflict for file: {
  "path": "reference/spells/Simulacrum.md",
  "localStatus": "created",
  "remoteStatus": "ADDED",
  "error": "Failed to fetch"
}
[2026-05-25T12:16:01.222Z] [FitSync] Error resolving conflict for file: {
  "path": "reference/spells/Sleep.md",
  "localStatus": "created",
  "remoteStatus": "ADDED",
  "error": "Failed to fetch"
}
[2026-05-25T12:16:01.223Z] [FitSync] Error resolving conflict for file: {
  "path": "reference/spells/Sleet Storm.md",
  "localStatus": "created",
  "remoteStatus": "ADDED",
  "error": "Failed to fetch"
}
[2026-05-25T12:16:01.238Z] [FitSync] Error resolving conflict for file: {
  "path": "reference/spells/Slow.md",
  "localStatus": "created",
  "remoteStatus": "ADDED",
  "error": "Failed to fetch"
}
[2026-05-25T12:16:01.254Z] [FitSync] Error resolving conflict for file: {
  "path": "reference/spells/Spare the Dying.md",
  "localStatus": "created",
  "remoteStatus": "ADDED",
  "error": "Failed to fetch"
}
[2026-05-25T12:16:01.254Z] [FitSync] Error resolving conflict for file: {
  "path": "reference/spells/Speak with Animals.md",
  "localStatus": "created",
  "remoteStatus": "ADDED",
  "error": "Failed to fetch"
}
[2026-05-25T12:16:01.269Z] [FitSync] Error resolving conflict for file: {
  "path": "reference/spells/Speak with Dead.md",
  "localStatus": "created",
  "remoteStatus": "ADDED",
  "error": "Failed to fetch"
}
[2026-05-25T12:16:01.299Z] [FitSync] Error resolving conflict for file: {
  "path": "reference/spells/Speak with Plants.md",
  "localStatus": "created",
  "remoteStatus": "ADDED",
  "error": "Failed to fetch"
}
[2026-05-25T12:16:01.304Z] [FitSync] Error resolving conflict for file: {
  "path": "reference/spells/Spider Climb.md",
  "localStatus": "created",
  "remoteStatus": "ADDED",
  "error": "Failed to fetch"
}
[2026-05-25T12:16:01.345Z] [FitSync] Error resolving conflict for file: {
  "path": "reference/spells/Spike Growth.md",
  "localStatus": "created",
  "remoteStatus": "ADDED",
  "error": "Failed to fetch"
}
[2026-05-25T12:16:01.345Z] [FitSync] Error resolving conflict for file: {
  "path": "reference/spells/Spirit Guardians.md",
  "localStatus": "created",
  "remoteStatus": "ADDED",
  "error": "Failed to fetch"
}
[2026-05-25T12:16:01.345Z] [FitSync] Error resolving conflict for file: {
  "path": "reference/spells/Spiritual Weapon.md",
  "localStatus": "created",
  "remoteStatus": "ADDED",
  "error": "Failed to fetch"
}
[2026-05-25T12:16:01.345Z] [FitSync] Error resolving conflict for file: {
  "path": "reference/spells/Staggering Smite.md",
  "localStatus": "created",
  "remoteStatus": "ADDED",
  "error": "Failed to fetch"
}
[2026-05-25T12:16:01.345Z] [FitSync] Error resolving conflict for file: {
  "path": "reference/spells/Stinking Cloud.md",
  "localStatus": "created",
  "remoteStatus": "ADDED",
  "error": "Failed to fetch"
}
[2026-05-25T12:16:01.345Z] [FitSync] Error resolving conflict for file: {
  "path": "reference/spells/Stone Shape.md",
  "localStatus": "created",
  "remoteStatus": "ADDED",
  "error": "Failed to fetch"
}
[2026-05-25T12:16:01.345Z] [FitSync] Error resolving conflict for file: {
  "path": "reference/spells/Stoneskin.md",
  "localStatus": "created",
  "remoteStatus": "ADDED",
  "error": "Failed to fetch"
}
[2026-05-25T12:16:01.362Z] [FitSync] Error resolving conflict for file: {
  "path": "reference/spells/Storm of Vengeance.md",
  "localStatus": "created",
  "remoteStatus": "ADDED",
  "error": "Failed to fetch"
}
[2026-05-25T12:16:01.370Z] [FitSync] Error resolving conflict for file: {
  "path": "reference/spells/Suggestion.md",
  "localStatus": "created",
  "remoteStatus": "ADDED",
  "error": "Failed to fetch"
}
[2026-05-25T12:16:01.370Z] [FitSync] Error resolving conflict for file: {
  "path": "reference/spells/Sunbeam.md",
  "localStatus": "created",
  "remoteStatus": "ADDED",
  "error": "Failed to fetch"
}
[2026-05-25T12:16:01.370Z] [FitSync] Error resolving conflict for file: {
  "path": "reference/spells/Sunburst.md",
  "localStatus": "created",
  "remoteStatus": "ADDED",
  "error": "Failed to fetch"
}
[2026-05-25T12:16:01.393Z] [FitSync] Error resolving conflict for file: {
  "path": "reference/spells/Symbol.md",
  "localStatus": "created",
  "remoteStatus": "ADDED",
  "error": "Failed to fetch"
}
[2026-05-25T12:16:01.393Z] [FitSync] Error resolving conflict for file: {
  "path": "reference/spells/Telekinesis.md",
  "localStatus": "created",
  "remoteStatus": "ADDED",
  "error": "Failed to fetch"
}
[2026-05-25T12:16:01.408Z] [FitSync] Error resolving conflict for file: {
  "path": "reference/spells/Telepathic Bond.md",
  "localStatus": "created",
  "remoteStatus": "ADDED",
  "error": "Failed to fetch"
}
[2026-05-25T12:16:01.521Z] [FitSync] Error resolving conflict for file: {
  "path": "reference/spells/Tenser's Floating Disk.md",
  "localStatus": "created",
  "remoteStatus": "ADDED",
  "error": "Failed to fetch"
}
[2026-05-25T12:16:01.521Z] [FitSync] Error resolving conflict for file: {
  "path": "reference/spells/Thaumaturgy.md",
  "localStatus": "created",
  "remoteStatus": "ADDED",
  "error": "Failed to fetch"
}
[2026-05-25T12:16:01.522Z] [FitSync] Error resolving conflict for file: {
  "path": "reference/spells/Thorn Whip.md",
  "localStatus": "created",
  "remoteStatus": "ADDED",
  "error": "Failed to fetch"
}
[2026-05-25T12:16:01.522Z] [FitSync] Error resolving conflict for file: {
  "path": "reference/spells/Thunderous Smite.md",
  "localStatus": "created",
  "remoteStatus": "ADDED",
  "error": "Failed to fetch"
}
[2026-05-25T12:16:01.523Z] [FitSync] Error resolving conflict for file: {
  "path": "reference/spells/Thunderwave.md",
  "localStatus": "created",
  "remoteStatus": "ADDED",
  "error": "Failed to fetch"
}
[2026-05-25T12:16:01.523Z] [FitSync] Error resolving conflict for file: {
  "path": "reference/spells/Time Stop.md",
  "localStatus": "created",
  "remoteStatus": "ADDED",
  "error": "Failed to fetch"
}
[2026-05-25T12:16:01.523Z] [FitSync] Error resolving conflict for file: {
  "path": "reference/spells/Tiny Hut.md",
  "localStatus": "created",
  "remoteStatus": "ADDED",
  "error": "Failed to fetch"
}
[2026-05-25T12:16:01.523Z] [FitSync] Error resolving conflict for file: {
  "path": "reference/spells/Tongues.md",
  "localStatus": "created",
  "remoteStatus": "ADDED",
  "error": "Failed to fetch"
}
[2026-05-25T12:16:01.523Z] [FitSync] Error resolving conflict for file: {
  "path": "reference/spells/Transport via Plants.md",
  "localStatus": "created",
  "remoteStatus": "ADDED",
  "error": "Failed to fetch"
}
[2026-05-25T12:16:01.523Z] [FitSync] Error resolving conflict for file: {
  "path": "reference/spells/Tree Stride.md",
  "localStatus": "created",
  "remoteStatus": "ADDED",
  "error": "Failed to fetch"
}
[2026-05-25T12:16:01.523Z] [FitSync] Error resolving conflict for file: {
  "path": "reference/spells/True Polymorph.md",
  "localStatus": "created",
  "remoteStatus": "ADDED",
  "error": "Failed to fetch"
}
[2026-05-25T12:16:01.523Z] [FitSync] Error resolving conflict for file: {
  "path": "reference/spells/True Resurrection.md",
  "localStatus": "created",
  "remoteStatus": "ADDED",
  "error": "Failed to fetch"
}
[2026-05-25T12:16:01.523Z] [FitSync] Error resolving conflict for file: {
  "path": "reference/spells/True Seeing.md",
  "localStatus": "created",
  "remoteStatus": "ADDED",
  "error": "Failed to fetch"
}
[2026-05-25T12:16:01.523Z] [FitSync] Error resolving conflict for file: {
  "path": "reference/spells/True Strike.md",
  "localStatus": "created",
  "remoteStatus": "ADDED",
  "error": "Failed to fetch"
}
[2026-05-25T12:16:01.523Z] [FitSync] Error resolving conflict for file: {
  "path": "reference/spells/Unseen Servant.md",
  "localStatus": "created",
  "remoteStatus": "ADDED",
  "error": "Failed to fetch"
}
[2026-05-25T12:16:01.523Z] [FitSync] Error resolving conflict for file: {
  "path": "reference/spells/Vampiric Touch.md",
  "localStatus": "created",
  "remoteStatus": "ADDED",
  "error": "Failed to fetch"
}
[2026-05-25T12:16:01.523Z] [FitSync] Error resolving conflict for file: {
  "path": "reference/spells/Vicious Mockery.md",
  "localStatus": "created",
  "remoteStatus": "ADDED",
  "error": "Failed to fetch"
}
[2026-05-25T12:16:01.523Z] [FitSync] Error resolving conflict for file: {
  "path": "reference/spells/Wall of Fire.md",
  "localStatus": "created",
  "remoteStatus": "ADDED",
  "error": "Failed to fetch"
}
[2026-05-25T12:16:01.535Z] [FitSync] Error resolving conflict for file: {
  "path": "reference/spells/Wall of Force.md",
  "localStatus": "created",
  "remoteStatus": "ADDED",
  "error": "Failed to fetch"
}
[2026-05-25T12:16:01.535Z] [FitSync] Error resolving conflict for file: {
  "path": "reference/spells/Wall of Ice.md",
  "localStatus": "created",
  "remoteStatus": "ADDED",
  "error": "Failed to fetch"
}
[2026-05-25T12:16:01.856Z] [FitSync] Error resolving conflict for file: {
  "path": "Assets/Images/Maps/Mound Ghakis/Tsolenka Pass Gate/03 - Tsolenka Pass Gate (1st Floor with Fire & Vrocks).webp",
  "localStatus": "created",
  "remoteStatus": "ADDED",
  "error": "Maximum call stack size exceeded"
}
[2026-05-25T12:16:01.861Z] [FitSync] Error resolving conflict for file: {
  "path": "reference/spells/Wall of Thorns.md",
  "localStatus": "created",
  "remoteStatus": "ADDED",
  "error": "Failed to fetch"
}
[2026-05-25T12:16:01.862Z] [FitSync] Error resolving conflict for file: {
  "path": "reference/spells/Warding Bond.md",
  "localStatus": "created",
  "remoteStatus": "ADDED",
  "error": "Failed to fetch"
}
[2026-05-25T12:16:01.862Z] [FitSync] Error resolving conflict for file: {
  "path": "reference/spells/Water Breathing.md",
  "localStatus": "created",
  "remoteStatus": "ADDED",
  "error": "Failed to fetch"
}
[2026-05-25T12:16:01.862Z] [FitSync] Error resolving conflict for file: {
  "path": "reference/spells/Water Walk.md",
  "localStatus": "created",
  "remoteStatus": "ADDED",
  "error": "Failed to fetch"
}
[2026-05-25T12:16:01.862Z] [FitSync] Error resolving conflict for file: {
  "path": "reference/spells/Web.md",
  "localStatus": "created",
  "remoteStatus": "ADDED",
  "error": "Failed to fetch"
}
[2026-05-25T12:16:01.862Z] [FitSync] Error resolving conflict for file: {
  "path": "reference/spells/Weird.md",
  "localStatus": "created",
  "remoteStatus": "ADDED",
  "error": "Failed to fetch"
}
[2026-05-25T12:16:01.862Z] [FitSync] Error resolving conflict for file: {
  "path": "reference/spells/Wind Walk.md",
  "localStatus": "created",
  "remoteStatus": "ADDED",
  "error": "Failed to fetch"
}
[2026-05-25T12:16:01.862Z] [FitSync] Error resolving conflict for file: {
  "path": "reference/spells/Wind Wall.md",
  "localStatus": "created",
  "remoteStatus": "ADDED",
  "error": "Failed to fetch"
}
[2026-05-25T12:16:01.862Z] [FitSync] Error resolving conflict for file: {
  "path": "reference/spells/Wish.md",
  "localStatus": "created",
  "remoteStatus": "ADDED",
  "error": "Failed to fetch"
}
[2026-05-25T12:16:01.862Z] [FitSync] Error resolving conflict for file: {
  "path": "reference/spells/Witch Bolt.md",
  "localStatus": "created",
  "remoteStatus": "ADDED",
  "error": "Failed to fetch"
}
[2026-05-25T12:16:01.862Z] [FitSync] Error resolving conflict for file: {
  "path": "reference/spells/Word of Recall.md",
  "localStatus": "created",
  "remoteStatus": "ADDED",
  "error": "Failed to fetch"
}
[2026-05-25T12:16:01.862Z] [FitSync] Error resolving conflict for file: {
  "path": "reference/spells/Zone of Truth.md",
  "localStatus": "created",
  "remoteStatus": "ADDED",
  "error": "Failed to fetch"
}
[2026-05-25T12:16:03.708Z] [FitSync] Error resolving conflict for file: {
  "path": "Assets/Images/Maps/Castle Ravenloft/Dungeons & Catacombs/02 - Castle Ravenloft Lower Dungeon (No Lighting).webp",
  "localStatus": "created",
  "remoteStatus": "ADDED",
  "error": "Maximum call stack size exceeded"
}
[2026-05-25T12:16:04.246Z] [FitSync] Error resolving conflict for file: {
  "path": "Assets/Images/Maps/Mound Ghakis/Tsolenka Pass Gate/09 - Tsolenka Pass Gate (Roof without Fire, with Vrocks).webp",
  "localStatus": "created",
  "remoteStatus": "ADDED",
  "error": "Maximum call stack size exceeded"
}
[2026-05-25T12:16:04.667Z] [FitSync] Error resolving conflict for file: {
  "path": "Assets/Images/Maps/Mound Ghakis/Tsolenka Pass Gate/01 - Tsolenka Pass Gate (Ground with Fire).webp",
  "localStatus": "created",
  "remoteStatus": "ADDED",
  "error": "Maximum call stack size exceeded"
}
[2026-05-25T12:16:05.114Z] [FitSync] Error resolving conflict for file: {
  "path": "Assets/Images/Maps/Vallaki Valley/Coffin Maker's Shop/02 - Coffin Maker_s Shop Day (1st Floor).webp",
  "localStatus": "created",
  "remoteStatus": "ADDED",
  "error": "Maximum call stack size exceeded"
}
[2026-05-25T12:16:05.647Z] [FitSync] Error resolving conflict for file: {
  "path": "Assets/Images/Maps/Mound Ghakis/Tsolenka Pass Bridge/02 - Tsolenka Pass Bridge (Arches).webp",
  "localStatus": "created",
  "remoteStatus": "ADDED",
  "error": "Maximum call stack size exceeded"
}
[2026-05-25T12:16:06.097Z] [FitSync] Error resolving conflict for file: {
  "path": "Assets/Images/Maps/Vallaki Valley/Coffin Maker's Shop/01 - Coffin Maker_s Shop Day (Ground Floor).webp",
  "localStatus": "created",
  "remoteStatus": "ADDED",
  "error": "Maximum call stack size exceeded"
}
[2026-05-25T12:16:06.673Z] [FitSync] Error resolving conflict for file: {
  "path": "Assets/Images/Maps/Mound Ghakis/Tsolenka Pass Gate/06 - Tsolenka Pass Gate (1st Floor without Fire & Vrocks).webp",
  "localStatus": "created",
  "remoteStatus": "ADDED",
  "error": "Maximum call stack size exceeded"
}
[2026-05-25T12:16:07.182Z] [FitSync] Error resolving conflict for file: {
  "path": "Assets/Images/Maps/Vallaki Valley/Coffin Maker's Shop/03 - Coffin Maker_s shop Day (Roof).webp",
  "localStatus": "created",
  "remoteStatus": "ADDED",
  "error": "Maximum call stack size exceeded"
}
[2026-05-25T12:16:07.787Z] [FitSync] Error resolving conflict for file: {
  "path": "Assets/Images/Maps/Mound Ghakis/Tsolenka Pass Gate/04 - Tsolenka Pass Gate (1st Floor with Fire, without Vrocks).webp",
  "localStatus": "created",
  "remoteStatus": "ADDED",
  "error": "Maximum call stack size exceeded"
}
[2026-05-25T12:16:11.708Z] [FitSync] Error resolving conflict for file: {
  "path": "Assets/Images/Maps/Vallaki Valley/Kasimir's Hovel/02 - Kasimir_s Hovel Day (Roof).webp",
  "localStatus": "created",
  "remoteStatus": "ADDED",
  "error": "Maximum call stack size exceeded"
}
[2026-05-25T12:16:12.503Z] [FitSync] Error resolving conflict for file: {
  "path": "Assets/Images/Maps/Mound Ghakis/Tsolenka Pass Bridge/01 - Tsolenka Pass Bridge (Ground).webp",
  "localStatus": "created",
  "remoteStatus": "ADDED",
  "error": "Maximum call stack size exceeded"
}
[2026-05-25T12:16:14.052Z] [FitSync] Error resolving conflict for file: {
  "path": "Assets/Images/Maps/Vallaki Valley/Kasimir's Hovel/01 - Kasimir_s Hovel Day (Ground Floor).webp",
  "localStatus": "created",
  "remoteStatus": "ADDED",
  "error": "Maximum call stack size exceeded"
}
[2026-05-25T12:16:14.786Z] [FitSync] Error resolving conflict for file: {
  "path": "Assets/Images/Maps/Vallaki Valley/Blue Water Inn/02 - Blue Water Inn Day (1st Floor).webp",
  "localStatus": "created",
  "remoteStatus": "ADDED",
  "error": "Maximum call stack size exceeded"
}
[2026-05-25T12:16:18.280Z] [FitSync] Error resolving conflict for file: {
  "path": "Assets/Images/Maps/Castle Ravenloft/Dungeons & Catacombs/03 - Castle Ravenloft Lower Dungeon (No Golems).webp",
  "localStatus": "created",
  "remoteStatus": "ADDED",
  "error": "Maximum call stack size exceeded"
}
[2026-05-25T12:16:18.613Z] [FitSync] Error resolving conflict for file: {
  "path": "Assets/Images/Maps/Vallaki Valley/Burgomaster's Mansion/02 - Burgomaster_s Mansion Day (1st Floor).webp",
  "localStatus": "created",
  "remoteStatus": "ADDED",
  "error": "Maximum call stack size exceeded"
}
[2026-05-25T12:16:21.431Z] [FitSync] Error resolving conflict for file: {
  "path": "Assets/Images/Maps/Vallaki Valley/Blue Water Inn/03 - Blue Water Inn Day (Roof).webp",
  "localStatus": "created",
  "remoteStatus": "ADDED",
  "error": "Maximum call stack size exceeded"
}
[2026-05-25T12:16:25.386Z] [FitSync] Error resolving conflict for file: {
  "path": "Assets/Images/Maps/Vallaki Valley/Burgomaster's Mansion/03 - Burgomaster_s Mansion Day (Attic).webp",
  "localStatus": "created",
  "remoteStatus": "ADDED",
  "error": "Maximum call stack size exceeded"
}
[2026-05-25T12:16:27.088Z] [FitSync] Error resolving conflict for file: {
  "path": "Assets/Images/Maps/Vallaki Valley/Blue Water Inn/01 - Blue Water Inn Day (Ground).webp",
  "localStatus": "created",
  "remoteStatus": "ADDED",
  "error": "Maximum call stack size exceeded"
}
[2026-05-25T12:16:30.510Z] [FitSync] Error resolving conflict for file: {
  "path": "Assets/Images/Maps/Vallaki Valley/Burgomaster's Mansion/04 - Burgomaster_s Mansion Day (Teleportation Circle).webp",
  "localStatus": "created",
  "remoteStatus": "ADDED",
  "error": "Maximum call stack size exceeded"
}
[2026-05-25T12:16:30.846Z] [FitSync] Error resolving conflict for file: {
  "path": "Assets/Images/Maps/Vallaki Valley/Burgomaster's Mansion/01 - Burgomaster_s Mansion Day (Ground Floor).webp",
  "localStatus": "created",
  "remoteStatus": "ADDED",
  "error": "Maximum call stack size exceeded"
}
[2026-05-25T12:16:31.345Z] [FitSync] Error resolving conflict for file: {
  "path": "Assets/Images/Maps/Vallaki Valley/Burgomaster's Mansion/05 - Burgomaster_s Mansion Day (Roof).webp",
  "localStatus": "created",
  "remoteStatus": "ADDED",
  "error": "Maximum call stack size exceeded"
}
[2026-05-25T12:16:31.662Z] [FitSync] Error resolving conflict for file: {
  "path": "Assets/Images/Maps/Mound Ghakis/Tsolenka Pass Gate/10 - Tsolenka Pass Gate (Roof without Fire & Vrocks).webp",
  "localStatus": "created",
  "remoteStatus": "ADDED",
  "error": "Maximum call stack size exceeded"
}
[2026-05-25T12:16:32.080Z] [FitSync] Error resolving conflict for file: {
  "path": "Assets/Images/Maps/Vallaki Valley/East Gate/01 - Vallaki East Gate Day (Ground).webp",
  "localStatus": "created",
  "remoteStatus": "ADDED",
  "error": "Maximum call stack size exceeded"
}
[2026-05-25T12:16:40.798Z] [FitSync] Error resolving conflict for file: {
  "path": "Assets/Images/Maps/Revenloft Moors/River Ivlis Crossroads Day.webp",
  "localStatus": "created",
  "remoteStatus": "ADDED",
  "error": "Maximum call stack size exceeded"
}
[2026-05-25T12:16:41.911Z] [FitSync] Error resolving conflict for file: {
  "path": "Assets/Images/Maps/Mound Ghakis/Amber Temple/02 - The Amber Temple (Upper Level - without Illusion).webp",
  "localStatus": "created",
  "remoteStatus": "ADDED",
  "error": "Maximum call stack size exceeded"
}
[2026-05-25T12:16:42.640Z] [FitSync] Error resolving conflict for file: {
  "path": "Assets/Images/Maps/Revenloft Moors/Tser Pool Encampment Day.webp",
  "localStatus": "created",
  "remoteStatus": "ADDED",
  "error": "Maximum call stack size exceeded"
}
[2026-05-25T12:16:47.854Z] [FitSync] Error resolving conflict for file: {
  "path": "Assets/Images/Maps/Revenloft Moors/Old Bonegrinder/02 - Old Bonegrinder Day Alt (Ground Floor - Clean).webp",
  "localStatus": "created",
  "remoteStatus": "ADDED",
  "error": "Maximum call stack size exceeded"
}
[2026-05-25T12:16:48.142Z] [FitSync] Error resolving conflict for file: {
  "path": "Assets/Images/Maps/Mound Ghakis/Tsolenka Pass Gate/05 - Tsolenka Pass Gate (1st Floor without Fire, with Vrocks).webp",
  "localStatus": "created",
  "remoteStatus": "ADDED",
  "error": "Maximum call stack size exceeded"
}
[2026-05-25T12:16:52.329Z] [FitSync] Error resolving conflict for file: {
  "path": "Assets/Images/Maps/Revenloft Moors/Tser Falls Day.webp",
  "localStatus": "created",
  "remoteStatus": "ADDED",
  "error": "Maximum call stack size exceeded"
}
[2026-05-25T12:16:54.530Z] [FitSync] Error resolving conflict for file: {
  "path": "Assets/Images/Maps/Druidic Groves/Yester Hill - Berserker Cairns/01 - Berserker_s Cairn Day.webp",
  "localStatus": "created",
  "remoteStatus": "ADDED",
  "error": "Maximum call stack size exceeded"
}
[2026-05-25T12:16:56.229Z] [FitSync] Error resolving conflict for file: {
  "path": "Assets/Images/Maps/Vallaki Valley/Vallaki Town Square/01 - Vallaki Town Square Day.webp",
  "localStatus": "created",
  "remoteStatus": "ADDED",
  "error": "Maximum call stack size exceeded"
}
[2026-05-25T12:17:01.721Z] [FitSync] Error resolving conflict for file: {
  "path": "Assets/Images/Maps/Castle Ravenloft/Dungeons & Catacombs/07 - Castle Ravenloft Lower Dungeon (Crypts 14, 31, & 35).webp",
  "localStatus": "created",
  "remoteStatus": "ADDED",
  "error": "Maximum call stack size exceeded"
}
[2026-05-25T12:17:05.982Z] [FitSync] Error resolving conflict for file: {
  "path": "Assets/Images/Maps/Vallaki Valley/Vallaki Town Square/03 - Vallaki Town Square Day (Festival of the Blazing Sun - Rain).webp",
  "localStatus": "created",
  "remoteStatus": "ADDED",
  "error": "Maximum call stack size exceeded"
}
[2026-05-25T12:17:06.339Z] [FitSync] Error resolving conflict for file: {
  "path": "Assets/Images/Maps/Vallaki Valley/East Gate/02 - Vallaki East Gate Day (Palisade Walkway).webp",
  "localStatus": "created",
  "remoteStatus": "ADDED",
  "error": "Maximum call stack size exceeded"
}
[2026-05-25T12:17:07.312Z] [FitSync] Error resolving conflict for file: {
  "path": "Assets/Images/Maps/Mound Ghakis/Amber Temple/03 - The Amber Temple (Lower Level).webp",
  "localStatus": "created",
  "remoteStatus": "ADDED",
  "error": "Maximum call stack size exceeded"
}
[2026-05-25T12:17:07.922Z] [FitSync] Error resolving conflict for file: {
  "path": "Assets/Images/Maps/Revenloft Moors/Old Bonegrinder/01 - Old Bonegrinder Day (Ground Floor).webp",
  "localStatus": "created",
  "remoteStatus": "ADDED",
  "error": "Maximum call stack size exceeded"
}
[2026-05-25T12:17:08.395Z] [FitSync] Error resolving conflict for file: {
  "path": "Assets/Images/Maps/Vallaki Valley/St Andral's Church/01 - St Andral_s Church Day (Ground).webp",
  "localStatus": "created",
  "remoteStatus": "ADDED",
  "error": "Maximum call stack size exceeded"
}
[2026-05-25T12:17:08.800Z] [FitSync] Error resolving conflict for file: {
  "path": "Assets/Images/Maps/Druidic Groves/Yester Hill - Copse of the Gulthias Tree/01 - Copse of the Gulthias Tree Day (Ground).webp",
  "localStatus": "created",
  "remoteStatus": "ADDED",
  "error": "Maximum call stack size exceeded"
}
[2026-05-25T12:17:08.841Z] [FitSync] Error resolving conflict for file: {
  "path": "Assets/Images/People/Ezmerelda_dAvenir.webp",
  "localStatus": "created",
  "remoteStatus": "ADDED",
  "error": "Maximum call stack size exceeded"
}
[2026-05-25T12:17:09.306Z] [FitSync] Error resolving conflict for file: {
  "path": "Assets/Images/Maps/Revenloft Moors/Old Bonegrinder/04 - Old Bonegrinder Day (2nd Floor).webp",
  "localStatus": "created",
  "remoteStatus": "ADDED",
  "error": "Maximum call stack size exceeded"
}
[2026-05-25T12:17:11.190Z] [FitSync] Error resolving conflict for file: {
  "path": "Assets/Images/Maps/Vallaki Valley/Vallaki Town Square/02 - Vallaki Town Square Day (Festival of the Blazing Sun).webp",
  "localStatus": "created",
  "remoteStatus": "ADDED",
  "error": "Maximum call stack size exceeded"
}
[2026-05-25T12:17:19.365Z] [FitSync] Error resolving conflict for file: {
  "path": "Assets/Images/Maps/Vallaki Valley/St Andral's Church/02 - St Andral_s Church Day (Roof).webp",
  "localStatus": "created",
  "remoteStatus": "ADDED",
  "error": "Maximum call stack size exceeded"
}
[2026-05-25T12:17:21.340Z] [FitSync] Error resolving conflict for file: {
  "path": "Assets/Images/Maps/Castle Ravenloft/Larders of Ill Omen/01 - Castle Ravenloft (Upper Dungeon).webp",
  "localStatus": "created",
  "remoteStatus": "ADDED",
  "error": "Maximum call stack size exceeded"
}
[2026-05-25T12:17:22.315Z] [FitSync] Error resolving conflict for file: {
  "path": "Assets/Images/Maps/Wolfrun/Krezk Gate/01 - Krezk Gate (Ground).webp",
  "localStatus": "created",
  "remoteStatus": "ADDED",
  "error": "Maximum call stack size exceeded"
}
[2026-05-25T12:17:23.501Z] [FitSync] Error resolving conflict for file: {
  "path": "Assets/Images/Maps/Wolfrun/Abbey of Saint Markovia/04 - Abbey of Saint Markovia (Wine Cellar).webp",
  "localStatus": "created",
  "remoteStatus": "ADDED",
  "error": "Maximum call stack size exceeded"
}
[2026-05-25T12:17:25.229Z] [FitSync] Error resolving conflict for file: {
  "path": "Assets/Images/Maps/Revenloft Moors/Old Bonegrinder/03 - Old Bonegrinder Day (1st Floor).webp",
  "localStatus": "created",
  "remoteStatus": "ADDED",
  "error": "Maximum call stack size exceeded"
}
[2026-05-25T12:17:26.108Z] [FitSync] Error resolving conflict for file: {
  "path": "Assets/Images/Maps/Revenloft Moors/Old Bonegrinder/05 - Old Bonegrinder Day (Attic).webp",
  "localStatus": "created",
  "remoteStatus": "ADDED",
  "error": "Maximum call stack size exceeded"
}
[2026-05-25T12:17:26.734Z] [FitSync] Error resolving conflict for file: {
  "path": "Assets/Images/Maps/Vallaki Valley/Vistani Camp/01 - Vistani Camp Day (Ground).webp",
  "localStatus": "created",
  "remoteStatus": "ADDED",
  "error": "Maximum call stack size exceeded"
}
[2026-05-25T12:17:27.424Z] [FitSync] Error resolving conflict for file: {
  "path": "Assets/Images/Maps/Revenloft Moors/Old Bonegrinder/06 - Old Bonegrinder Day (Roof).webp",
  "localStatus": "created",
  "remoteStatus": "ADDED",
  "error": "Maximum call stack size exceeded"
}
[2026-05-25T12:17:28.562Z] [FitSync] Error resolving conflict for file: {
  "path": "Assets/Images/Maps/Forest Fane/01 -The Forest Fane Day (Megaliths).webp",
  "localStatus": "created",
  "remoteStatus": "ADDED",
  "error": "Maximum call stack size exceeded"
}
[2026-05-25T12:17:30.414Z] [FitSync] Error resolving conflict for file: {
  "path": "Assets/Images/Maps/Castle Ravenloft/Larders of Ill Omen/02 - Castle Ravenloft (Upper Dungeon - No Lighting).webp",
  "localStatus": "created",
  "remoteStatus": "ADDED",
  "error": "Maximum call stack size exceeded"
}
[2026-05-25T12:17:30.497Z] [FitSync] Error resolving conflict for file: {
  "path": "Assets/Images/People/vladimir.webp",
  "localStatus": "created",
  "remoteStatus": "ADDED",
  "error": "Maximum call stack size exceeded"
}
[2026-05-25T12:17:32.115Z] [FitSync] Error resolving conflict for file: {
  "path": "Assets/Images/Maps/Castle Ravenloft/Larders of Ill Omen/04 - Castle Ravenloft (Upper Dungeon - Hall of Bones Overlay with Argynvost - No Lighting).webp",
  "localStatus": "created",
  "remoteStatus": "ADDED",
  "error": "Maximum call stack size exceeded"
}
[2026-05-25T12:17:33.878Z] [FitSync] Error resolving conflict for file: {
  "path": "Assets/Images/Maps/Castle Ravenloft/Larders of Ill Omen/06 - Castle Ravenloft (Upper Dungeon - Hall of Bones Overlay without Argynvost - No Lighting).webp",
  "localStatus": "created",
  "remoteStatus": "ADDED",
  "error": "Maximum call stack size exceeded"
}
[2026-05-25T12:17:35.712Z] [FitSync] Error resolving conflict for file: {
  "path": "Assets/Images/Maps/Castle Ravenloft/Spires of Ravenloft/08 - Castle Ravenloft (6th Floor - No Lighting).webp",
  "localStatus": "created",
  "remoteStatus": "ADDED",
  "error": "Maximum call stack size exceeded"
}
[2026-05-25T12:17:36.756Z] [FitSync] Error resolving conflict for file: {
  "path": "Assets/Images/Maps/Castle Ravenloft/Larders of Ill Omen/03 - Castle Ravenloft (Upper Dungeon - Hall of Bones Overlay with Argynvost).webp",
  "localStatus": "created",
  "remoteStatus": "ADDED",
  "error": "Maximum call stack size exceeded"
}
[2026-05-25T12:17:37.795Z] [FitSync] Error resolving conflict for file: {
  "path": "Assets/Images/Maps/Castle Ravenloft/Larders of Ill Omen/05 - Castle Ravenloft (Upper Dungeon - Hall of Bones Overlay without Argynvost).webp",
  "localStatus": "created",
  "remoteStatus": "ADDED",
  "error": "Maximum call stack size exceeded"
}
[2026-05-25T12:17:39.509Z] [FitSync] Error resolving conflict for file: {
  "path": "Assets/Images/Maps/Castle Ravenloft/Dungeons & Catacombs/04 - Castle Ravenloft Lower Dungeon (No Golems - No Lighting).webp",
  "localStatus": "created",
  "remoteStatus": "ADDED",
  "error": "Maximum call stack size exceeded"
}
[2026-05-25T12:17:39.812Z] [FitSync] Error resolving conflict for file: {
  "path": "Assets/Images/Maps/Vallaki Valley/Wachterhaus/04 - Wachterhaus Day (Roof).webp",
  "localStatus": "created",
  "remoteStatus": "ADDED",
  "error": "Maximum call stack size exceeded"
}
[2026-05-25T12:17:39.836Z] [FitSync] Error resolving conflict for file: {
  "path": "Assets/Images/People/willemina.webp",
  "localStatus": "created",
  "remoteStatus": "ADDED",
  "error": "Maximum call stack size exceeded"
}
[2026-05-25T12:17:43.485Z] [FitSync] Error resolving conflict for file: {
  "path": "Assets/Images/Maps/Castle Ravenloft/Main Floor/02 - Castle Ravenloft (Ground Floor - Original Table Placement).webp",
  "localStatus": "created",
  "remoteStatus": "ADDED",
  "error": "Maximum call stack size exceeded"
}
[2026-05-25T12:17:44.764Z] [FitSync] Error resolving conflict for file: {
  "path": "Assets/Images/Maps/Druidic Groves/Yester Hill - Druid's Circle/01 - Druid_s Circle Day.webp",
  "localStatus": "created",
  "remoteStatus": "ADDED",
  "error": "Maximum call stack size exceeded"
}
[2026-05-25T12:17:45.890Z] [FitSync] Error resolving conflict for file: {
  "path": "Assets/Images/Maps/Castle Ravenloft/Spires of Ravenloft/05 - Castle Ravenloft (5th Floor).webp",
  "localStatus": "created",
  "remoteStatus": "ADDED",
  "error": "Maximum call stack size exceeded"
}
[2026-05-25T12:17:49.290Z] [FitSync] Error resolving conflict for file: {
  "path": "Assets/Images/Maps/Castle Ravenloft/Main Floor/04 - Castle Ravenloft (Ground Floor - Original Table Placement, No Lighting).webp",
  "localStatus": "created",
  "remoteStatus": "ADDED",
  "error": "Maximum call stack size exceeded"
}
[2026-05-25T12:17:50.580Z] [FitSync] Error resolving conflict for file: {
  "path": "Assets/Images/Maps/Castle Ravenloft/Spires of Ravenloft/12 - Castle Ravenloft (Roof - No Lighting).webp",
  "localStatus": "created",
  "remoteStatus": "ADDED",
  "error": "Maximum call stack size exceeded"
}
[2026-05-25T12:17:52.230Z] [FitSync] Error resolving conflict for file: {
  "path": "Assets/Images/Maps/Castle Ravenloft/Dungeons & Catacombs/05 - Castle Ravenloft Lower Dungeon (No Golems - No Items).webp",
  "localStatus": "created",
  "remoteStatus": "ADDED",
  "error": "Maximum call stack size exceeded"
}
[2026-05-25T12:17:56.048Z] [FitSync] Error resolving conflict for file: {
  "path": "Assets/Images/Maps/Castle Ravenloft/Main Floor/03 - Castle Ravenloft (Ground Floor - No Lighting).webp",
  "localStatus": "created",
  "remoteStatus": "ADDED",
  "error": "Maximum call stack size exceeded"
}
[2026-05-25T12:17:57.041Z] [FitSync] Error resolving conflict for file: {
  "path": "Assets/Images/Maps/Castle Ravenloft/Spires of Ravenloft/07 - Castle Ravenloft (6th Floor).webp",
  "localStatus": "created",
  "remoteStatus": "ADDED",
  "error": "Maximum call stack size exceeded"
}
[2026-05-25T12:17:58.199Z] [FitSync] Error resolving conflict for file: {
  "path": "Assets/Images/Maps/Castle Ravenloft/Spires of Ravenloft/06 - Castle Ravenloft (5th Floor - No Lighting).webp",
  "localStatus": "created",
  "remoteStatus": "ADDED",
  "error": "Maximum call stack size exceeded"
}
[2026-05-25T12:17:59.579Z] [FitSync] Error resolving conflict for file: {
  "path": "Assets/Images/Maps/Castle Ravenloft/Spires of Ravenloft/01 - Castle Ravenloft (3rd Floor).webp",
  "localStatus": "created",
  "remoteStatus": "ADDED",
  "error": "Maximum call stack size exceeded"
}
[2026-05-25T12:18:02.404Z] [FitSync] Error resolving conflict for file: {
  "path": "Assets/Images/Maps/Castle Ravenloft/Main Floor/01 - Castle Ravenloft (Ground Floor).webp",
  "localStatus": "created",
  "remoteStatus": "ADDED",
  "error": "Maximum call stack size exceeded"
}
[2026-05-25T12:18:03.149Z] [FitSync] Error resolving conflict for file: {
  "path": "Assets/Images/Maps/Castle Ravenloft/Spires of Ravenloft/11 - Castle Ravenloft (Roof).webp",
  "localStatus": "created",
  "remoteStatus": "ADDED",
  "error": "Maximum call stack size exceeded"
}
[2026-05-25T12:18:04.035Z] [FitSync] Error resolving conflict for file: {
  "path": "Assets/Images/Maps/Castle Ravenloft/Spires of Ravenloft/04 - Castle Ravenloft (4th Floor - No Lighting).webp",
  "localStatus": "created",
  "remoteStatus": "ADDED",
  "error": "Maximum call stack size exceeded"
}
[2026-05-25T12:18:04.727Z] [FitSync] Error resolving conflict for file: {
  "path": "Assets/Images/Maps/Druidic Groves/Wizard of Wines Winery/02 - Wizard of Wines Winery Day (1st Floor).webp",
  "localStatus": "created",
  "remoteStatus": "ADDED",
  "error": "Maximum call stack size exceeded"
}
[2026-05-25T12:18:05.676Z] [FitSync] Error resolving conflict for file: {
  "path": "Assets/Images/Maps/Mound Ghakis/Amber Temple/01 - The Amber Temple (Upper Level - with Illusion).webp",
  "localStatus": "created",
  "remoteStatus": "ADDED",
  "error": "Maximum call stack size exceeded"
}
[2026-05-25T12:18:06.462Z] [FitSync] Error resolving conflict for file: {
  "path": "Assets/Images/Maps/Druidic Groves/Wizard of Wines Winery/01 - Wizard of Wines Winery Day (Ground Floor).webp",
  "localStatus": "created",
  "remoteStatus": "ADDED",
  "error": "Maximum call stack size exceeded"
}
[2026-05-25T12:18:08.521Z] [FitSync] Error resolving conflict for file: {
  "path": "Assets/Images/Maps/Castle Ravenloft/Court of the Count/02 - Castle Ravenloft (1st Floor - No Lighting).webp",
  "localStatus": "created",
  "remoteStatus": "ADDED",
  "error": "Maximum call stack size exceeded"
}
[2026-05-25T12:18:09.186Z] [FitSync] Error resolving conflict for file: {
  "path": "Assets/Images/Maps/Druidic Groves/Wizard of Wines Winery/03 - Wizard of Wines Winery Day (Roof).webp",
  "localStatus": "created",
  "remoteStatus": "ADDED",
  "error": "Maximum call stack size exceeded"
}
[2026-05-25T12:18:10.036Z] [FitSync] Error resolving conflict for file: {
  "path": "Assets/Images/Maps/Castle Ravenloft/Spires of Ravenloft/02 - Castle Ravenloft (3rd Floor - No Lighting).webp",
  "localStatus": "created",
  "remoteStatus": "ADDED",
  "error": "Maximum call stack size exceeded"
}
[2026-05-25T12:18:10.767Z] [FitSync] Error resolving conflict for file: {
  "path": "Assets/Images/Maps/Castle Ravenloft/Spires of Ravenloft/05 - Castle Ravenloft (5th Floor - No Heart of Sorrow).webp",
  "localStatus": "created",
  "remoteStatus": "ADDED",
  "error": "Maximum call stack size exceeded"
}
[2026-05-25T12:18:11.274Z] [FitSync] Error resolving conflict for file: {
  "path": "Assets/Images/Maps/Wolfrun/Krezk Gate/02 - Krezk Gate (Walkway).webp",
  "localStatus": "created",
  "remoteStatus": "ADDED",
  "error": "Maximum call stack size exceeded"
}
[2026-05-25T12:18:12.101Z] [FitSync] Error resolving conflict for file: {
  "path": "Assets/Images/Maps/Castle Ravenloft/Spires of Ravenloft/03 - Castle Ravenloft (4th Floor).webp",
  "localStatus": "created",
  "remoteStatus": "ADDED",
  "error": "Maximum call stack size exceeded"
}
[2026-05-25T12:18:12.965Z] [FitSync] Error resolving conflict for file: {
  "path": "Assets/Images/Maps/Castle Ravenloft/Spires of Ravenloft/06 - Castle Ravenloft (5th Floor - No Heart of Sorrow - No Lighting).webp",
  "localStatus": "created",
  "remoteStatus": "ADDED",
  "error": "Maximum call stack size exceeded"
}
[2026-05-25T12:18:13.809Z] [FitSync] Error resolving conflict for file: {
  "path": "Assets/Images/Maps/Castle Ravenloft/Spires of Ravenloft/09 - Castle Ravenloft (7th Floor).webp",
  "localStatus": "created",
  "remoteStatus": "ADDED",
  "error": "Maximum call stack size exceeded"
}
[2026-05-25T12:18:14.678Z] [FitSync] Error resolving conflict for file: {
  "path": "Assets/Images/Maps/Castle Ravenloft/Spires of Ravenloft/10 - Castle Ravenloft (7th Floor - No Lighting).webp",
  "localStatus": "created",
  "remoteStatus": "ADDED",
  "error": "Maximum call stack size exceeded"
}
[2026-05-25T12:18:15.877Z] [FitSync] Error resolving conflict for file: {
  "path": "Assets/Images/Maps/Castle Ravenloft/Dungeons & Catacombs/06 - Castle Ravenloft Lower Dungeon (No Golems - No Items - No Lighting).webp",
  "localStatus": "created",
  "remoteStatus": "ADDED",
  "error": "Maximum call stack size exceeded"
}
[2026-05-25T12:18:16.343Z] [FitSync] Error resolving conflict for file: {
  "path": "Assets/Music/Into The Mists - An Epic Curse Of Strahd Soundtrack By Travis Savoie - 013 He Is The Ancient, He Is The Land [uLpRctqGTWw].m4a",
  "localStatus": "created",
  "remoteStatus": "ADDED",
  "error": "Maximum call stack size exceeded"
}
[2026-05-25T12:18:16.350Z] [FitSync] Error resolving conflict for file: {
  "path": "Notes/Session Notes/Session 6.md",
  "localStatus": "created",
  "remoteStatus": "ADDED",
  "error": "Cannot read properties of undefined (reading 'replace')"
}
[2026-05-25T12:18:16.468Z] [FitSync] Error resolving conflict for file: {
  "path": "Assets/Images/People/izek.webp",
  "localStatus": "created",
  "remoteStatus": "ADDED",
  "error": "Maximum call stack size exceeded"
}
[2026-05-25T12:18:16.507Z] [FitSync] Error resolving conflict for file: {
  "path": "Assets/Images/Places/Gates of Barovia.webp",
  "localStatus": "created",
  "remoteStatus": "ADDED",
  "error": "Maximum call stack size exceeded"
}
[2026-05-25T12:18:16.537Z] [FitSync] Error resolving conflict for file: {
  "path": "Assets/Images/Places/burning-bonegrinder.webp",
  "localStatus": "created",
  "remoteStatus": "ADDED",
  "error": "Maximum call stack size exceeded"
}
[2026-05-25T12:18:17.256Z] [FitSync] Error resolving conflict for file: {
  "path": "Assets/Music/Into The Mists - An Epic Curse Of Strahd Soundtrack By Travis Savoie - 012 Glimmer Of Hope [uLpRctqGTWw].m4a",
  "localStatus": "created",
  "remoteStatus": "ADDED",
  "error": "Maximum call stack size exceeded"
}
[2026-05-25T12:18:17.468Z] [FitSync] Error resolving conflict for file: {
  "path": "Assets/Images/Places/Old Bonegrinder.webp",
  "localStatus": "created",
  "remoteStatus": "ADDED",
  "error": "Maximum call stack size exceeded"
}
[2026-05-25T12:18:17.722Z] [FitSync] Error resolving conflict for file: {
  "path": "Assets/Images/Misc/travis-scott-fire.gif",
  "localStatus": "created",
  "remoteStatus": "ADDED",
  "error": "Maximum call stack size exceeded"
}
[2026-05-25T12:18:18.098Z] [FitSync] Error resolving conflict for file: {
  "path": "Assets/Images/Maps/Vallaki Valley/Wachterhaus/02 - Wachterhaus Day (1st Floor).webp",
  "localStatus": "created",
  "remoteStatus": "ADDED",
  "error": "Maximum call stack size exceeded"
}
[2026-05-25T12:18:18.308Z] [FitSync] Error resolving conflict for file: {
  "path": "Assets/Images/People/bluto.webp",
  "localStatus": "created",
  "remoteStatus": "ADDED",
  "error": "Maximum call stack size exceeded"
}
[2026-05-25T12:18:18.355Z] [FitSync] Error resolving conflict for file: {
  "path": "Assets/Images/People/cloaked rider.webp",
  "localStatus": "created",
  "remoteStatus": "ADDED",
  "error": "Maximum call stack size exceeded"
}
[2026-05-25T12:18:19.101Z] [FitSync] Error resolving conflict for file: {
  "path": "Assets/Images/Maps/barovia_untagged.webp",
  "localStatus": "created",
  "remoteStatus": "ADDED",
  "error": "Maximum call stack size exceeded"
}
[2026-05-25T12:18:24.751Z] [FitSync] Error resolving conflict for file: {
  "path": "Assets/Images/Maps/Village of Barovia/01 - Church of the Morning Lord (Ground).webp",
  "localStatus": "created",
  "remoteStatus": "ADDED",
  "error": "Maximum call stack size exceeded"
}
[2026-05-25T12:18:24.768Z] [FitSync] Error resolving conflict for file: {
  "path": "Assets/Images/Monsters/creeping-hut.webp",
  "localStatus": "created",
  "remoteStatus": "ADDED",
  "error": "Maximum call stack size exceeded"
}
[2026-05-25T12:18:26.157Z] [FitSync] Error resolving conflict for file: {
  "path": "Assets/Images/Maps/Vallaki Valley/Vistani Camp/02 - Vistani Camp Day (Roof).webp",
  "localStatus": "created",
  "remoteStatus": "ADDED",
  "error": "Maximum call stack size exceeded"
}
[2026-05-25T12:18:26.195Z] [FitSync] Error resolving conflict for file: {
  "path": "Assets/Images/Monsters/Wintersplinter.webp",
  "localStatus": "created",
  "remoteStatus": "ADDED",
  "error": "Maximum call stack size exceeded"
}
[2026-05-25T12:18:26.281Z] [FitSync] Error resolving conflict for file: {
  "path": "Assets/Images/People/piccolo.webp",
  "localStatus": "created",
  "remoteStatus": "ADDED",
  "error": "Maximum call stack size exceeded"
}
[2026-05-25T12:18:28.511Z] [FitSync] Error resolving conflict for file: {
  "path": "Assets/Images/Places/St Andral's Church.webp",
  "localStatus": "created",
  "remoteStatus": "ADDED",
  "error": "Maximum call stack size exceeded"
}
[2026-05-25T12:18:29.157Z] [FitSync] Error resolving conflict for file: {
  "path": "Assets/Images/People/neferon.webp",
  "localStatus": "created",
  "remoteStatus": "ADDED",
  "error": "Maximum call stack size exceeded"
}
[2026-05-25T12:18:30.248Z] [FitSync] Error resolving conflict for file: {
  "path": "Assets/Images/Monsters/crab.webp",
  "localStatus": "created",
  "remoteStatus": "ADDED",
  "error": "Maximum call stack size exceeded"
}
[2026-05-25T12:18:32.923Z] [FitSync] Error resolving conflict for file: {
  "path": "Assets/Images/People/Baba.webp",
  "localStatus": "created",
  "remoteStatus": "ADDED",
  "error": "Maximum call stack size exceeded"
}
[2026-05-25T12:18:36.914Z] [FitSync] Error resolving conflict for file: {
  "path": "Assets/Images/People/morgantha.webp",
  "localStatus": "created",
  "remoteStatus": "ADDED",
  "error": "Maximum call stack size exceeded"
}
[2026-05-25T12:18:45.254Z] [FitSync] Error resolving conflict for file: {
  "path": "Notes/Website/AWSCLIV2.pkg",
  "localStatus": "created",
  "remoteStatus": "ADDED",
  "error": "Maximum call stack size exceeded"
}
[2026-05-25T12:18:45.544Z] [FitSync] Error resolving conflict for file: {
  "path": "Assets/Images/Maps/Wolfrun/Werewolf Den/04 - Werewolf Den (Ring of Stones).webp",
  "localStatus": "created",
  "remoteStatus": "ADDED",
  "error": "Maximum call stack size exceeded"
}
[2026-05-25T12:18:46.240Z] [FitSync] Error resolving conflict for file: {
  "path": "Assets/Music/The Pink Panther Theme [VyZiIuMufTA].m4a",
  "localStatus": "created",
  "remoteStatus": "ADDED",
  "error": "Maximum call stack size exceeded"
}
[2026-05-25T12:18:46.295Z] [FitSync] Error resolving conflict for file: {
  "path": "Assets/Images/Maps/Wolfrun/Werewolf Den/03 - Werewolf Den (Shrine of Mother Night).webp",
  "localStatus": "created",
  "remoteStatus": "ADDED",
  "error": "Maximum call stack size exceeded"
}
[2026-05-25T12:18:46.348Z] [FitSync] Error resolving conflict for file: {
  "path": "Assets/Images/People/Fiona_Wachter_29.webp",
  "localStatus": "created",
  "remoteStatus": "ADDED",
  "error": "Maximum call stack size exceeded"
}
[2026-05-25T12:18:50.136Z] [FitSync] Error resolving conflict for file: {
  "path": "Assets/Images/Maps/Wolfrun/Krezk/krezk.jpg",
  "localStatus": "created",
  "remoteStatus": "ADDED",
  "error": "Cannot read properties of undefined (reading 'replace')"
}
[2026-05-25T12:18:51.265Z] [FitSync] Error resolving conflict for file: {
  "path": "Assets/Images/People/Arik the Barkeep V2.webp",
  "localStatus": "created",
  "remoteStatus": "ADDED",
  "error": "Maximum call stack size exceeded"
}
[2026-05-25T12:40:34.850Z] [Fit] SHA caches loaded from storage: {
  "source": "plugin data.json",
  "localShaCount": 3,
  "remoteShaCount": 3,
  "lastCommit": "88c9ca417716f3bd52fd482986a8e8b10553a04c"
}
[2026-05-25T12:45:34.868Z] [Plugin] Auto-sync triggered: {
  "timestamp": "2026-05-25T12:45:34.868Z",
  "mode": "on"
}
[2026-05-25T12:45:34.873Z] [Plugin] Sync initiated: {
  "timestamp": "2026-05-25T12:45:34.873Z",
  "triggerType": "auto"
}
[2026-05-25T12:46:56.031Z] [LocalVault] Computed local SHAs from filesystem: {
  "source": "vault files",
  "fileCount": 1757
}
